"Name","DTF_Ro16","DTF_Ro17","DTF_Su16","DTF_Su17","REP_Ro16","REP_Ro17","REP_Su16","REP_Su17","TFT_0_Su16","TFT_Tb_Su16","TFT_0_Su17","TFT_Tb_Su17","TFT_0_Ro16","TFT_Tb_Ro16","TFT_0_Ro17","TFT_Tb_Ro17","TRT_0_Su16","TRT_Tb_Su16","TRT_0_Su17","TRT_Tb_Su17","TRT_0_Ro16","TRT_Tb_Ro16","TRT_0_Ro17","TRT_Tb_Ro17","PC1","PC2","PC3","PC4"
"CDC_Asterix_AGL",47,48.7,53.7,54.7,49,31,45.7,35,675.8,2348.6,684.6,2490.6,727.6,2431.6,697.4,2457.4,860.7,2737.5,686.6,2156.6,1010,3140,634.5,2042.5,-5.5636,-2.0598,-0.5921,1.282
"CDC_Rosie_AGL",52.3,51,57.3,59,45,NA,44,NA,741.7,2229.5,758.3,2450.3,819.2,2407.6,749.5,2303.5,821.3,2343.7,0,0,899.7,2524.2,0,0,3.5468,-1.6765,-1.8784,-3.0456
"X3156.11_AGL",54.3,52.7,59,60.7,46,NA,45.7,NA,790,2289.3,775.1,2326.1,865.1,2392.3,770.1,2232.1,854.3,2321.7,0,0,909.8,2437,0,0,-5.9956,-3.3144,-1.6625,0.0611
"CDC_Greenstar_AGL",50.7,50.7,56,56.7,48,NA,48.3,NA,741.3,1942.8,699.2,1860.2,781.7,1953.5,741.8,1959.8,916.7,2225,0,0,953.2,2292.4,0,0,-5.6306,-2.5236,0.3302,-0.4663
"CDC_Cherie_AGL",49,47.7,51,54.3,49,33.5,51.3,34.5,629.5,1839.4,675.3,2103.3,774.3,2210.7,663.6,1993.6,970.4,2670.8,669,1825,994.9,2704.9,670,1860,-4.858,-1.2055,-0.0342,-1.1098
"CDC_Glamis_AGL",52,50,56,59,44.7,NA,47,32,741.3,2149.8,778.6,2346.6,830.9,2302.4,741.8,2169.8,898.3,2400.7,676.6,1764.6,905.8,2377.3,0,0,-2.7355,-5.5002,-2.0669,-1.1978
"CDC_Gold_AGL",49.5,51,54,54,48.5,NA,48,NA,672.2,1789.4,675.3,1935.3,762.6,2025.4,749.5,2093.5,916.7,2357.3,0,0,972.3,2481.5,0,0,NA,NA,NA,NA
"CDC_Imax_AGL",46.7,46.3,53,53,51.7,NA,44.3,38,669.8,2869.8,655.4,2992.4,692.9,2870.3,642.9,2825.9,843.3,3318.3,743.2,2909.2,1042,4021.6,0,0,5.8921,0.2815,-2.4698,-0.6693
"CDC_Impower_AGL",48.3,48.7,54.3,57,52.3,33,47.7,NA,703.4,2131,720.3,2250.3,751.7,2174.4,697.4,2137.4,899.6,2493.2,0,0,1034.9,2839.3,667.7,1891.7,1.3926,2.2363,1.9226,-0.9224
"CDC_KR.1_AGL",50.3,49.7,55.7,57,47.7,NA,48.7,30,711,1343.1,713.8,1373.8,793.4,1459.9,705.4,1345.4,916.7,1637,594.7,1044.7,953.2,1697.2,0,0,-8.0257,-2.5827,-2.0692,2.2289
"CDC_LeMay_AGL",49.7,48.7,53.7,55.7,46.7,NA,47.3,33.7,665.2,2104.3,692.1,2326.1,762.6,2341.1,697.4,2297.4,897.8,2669,669.8,1961.8,940.3,2749.8,0,0,-2.3296,-1.2408,0.0069,0.4258
"CDC_Maxim_AGL",48.7,47,50.7,54.3,47.7,35,49.3,36,616.1,1955.5,675.3,2229.3,740,2252,677.5,2198.5,931.9,2741.9,704.9,2036.9,962.9,2777.3,708.2,2112.2,-7.9456,-0.533,3.9544,0.6773
"CDC_QG.1_AGL",50.7,51.7,56,57.7,48,NA,47,NA,730.8,1980.4,720.3,2025.3,781.7,2029.1,749.5,2051.5,898.3,2261.5,0,0,953.2,2378.8,0,0,5.0304,-0.4102,-0.4037,0.1206
"CDC_Red_Rider_AGL",51.7,49,56,57,47,31,46,32.5,724.8,2079.3,720.3,2160.3,808.8,2256.4,719.4,2113.4,862.6,2311.6,674.5,1762.5,937.8,2484.1,634.5,1722.5,6.7345,-3.0656,1.2652,-3.253
"CDC_Redcoat_AGL",51,50,56,57.7,47,NA,47.3,32,730.8,2908.8,720.3,3015.3,808.8,3074.8,727.8,2900.8,898.3,3274.3,659.9,2342.9,953.2,3425.2,0,0,-0.7231,-5.3904,0.8011,-0.6029
"CDC_Redwing_AGL",49.7,48.3,53.7,57.3,46.3,33,43,30,665.2,2638.6,713.8,3001.8,747.9,2855.9,683.4,2789.4,807.9,2983.7,659.9,2375.9,940.3,3417.2,667.7,2503.7,5.6605,1.1632,-0.8001,-0.1
"CDC_Robin_AGL",46.7,47,53,52,51.3,35,46.3,38,675.8,2032.9,646.3,2040.3,704.6,2054,677.5,2081.5,876.1,2431.8,741.4,2033.4,1042,2841.2,708.2,2004.2,0.2397,-1.1038,0.9409,0.5301
"CDC_Rosebud_AGL",50,47.3,54,54.7,48,35,45,34,686.9,1326.5,675.3,1347.3,781.7,1470.5,663.6,1309.6,860.7,1578.3,649.4,1177.4,972.3,1775.9,687.5,1282.5,6.1994,0.6065,-0.3466,-1.9293
"CDC_Rosetown_AGL",52.7,51,57.7,57.7,44.7,NA,42.7,34,746.3,2369.9,720.3,2430.3,819.2,2508.8,763.5,2440.5,801.7,2388.4,659.9,1913.9,899.7,2627.7,0,0,-2.472,-0.8688,1.4698,-1.6324
"CDC_Rouleau_AGL",50.7,48.7,55,55.3,47.3,NA,43.7,34,700.4,2328.1,692.1,2455.1,793.4,2577.9,697.4,2417.4,826.2,2573,688.1,2123.1,953.2,2945.2,0,0,-7.4243,-2.1951,4.037,-0.2387
"CDC_Royale_AGL",49,48.7,54,56.3,48,NA,46,35,686.9,1822.6,699.2,1946.2,762.6,1951.6,697.4,1897.4,878.2,2180.1,710,1754,962.9,2354.9,0,0,-3.9245,-1.6876,0.4275,1.2501
"CDC_Ruby_AGL",49.7,46,51,52.7,48.3,36,49.7,37,640.1,1229,630.5,1254.5,762.6,1414.5,642.9,1234.9,931.9,1686.9,743.2,1351.2,972.3,1751.4,729.6,1321.6,4.8113,-6.1943,3.3127,-2.5946
"CDC_SB.1_AGL",44,42.7,47,47.3,52,37.3,48,40,563.9,1508.9,568.3,1548.3,653.6,1672.4,560.7,1517.7,923.6,2246.6,756.3,1876.3,1066.1,2566,757.3,1859.3,-14.1566,-3.372,-3.5962,-1.1636
"CDC_Sedley_AGL",50,49.3,54.3,54.7,48.7,NA,48,NA,724,1938.4,695.6,1927.6,793.4,2031.8,734.5,1994.5,899.6,2224.4,0,0,972.3,2383.5,0,0,-3.0612,-0.4133,0.6054,1.4491
"CDC_Vantage_AGL",47.7,47.7,51.7,53.7,49,34,48,39,640.1,1451.3,664.8,1588.8,715.9,1570,677.5,1574.5,896.4,1894.8,743.8,1579.8,987,2060.1,687.5,1492.5,-2.3848,-1.7675,-1.5224,-2.8593
"CN_105604_AGL",44,44.3,47.7,45.7,45.7,31.3,47,37.3,533.1,1553.1,521.3,1606.3,653.6,1931.6,598.1,1858.1,884.1,2482.1,698.3,2028.3,937.7,2570.7,626,1742,-11.373,-3.4086,-0.0884,0.5212
"CN_105605_AGL",43.3,40.7,45.3,44,51,35,49.3,39.5,504.7,1174.6,515.1,1259.1,622.1,1448.3,545.2,1345.2,922.7,2054.6,750.8,1734.8,1034.6,2273.9,692.9,1567.9,-3.8578,-3.0011,-3.6839,-1.1079
"CN_105715_AGL",43,38.3,43.7,44,46,36.3,50,41,487.1,1435.1,515.1,1538.1,636.8,1798.8,508,1528,935,2515,772.8,2158.8,957.2,2517.6,711.2,1935.2,5.585,-0.3945,-4.561,2.0646
"CN_105732_AGL",48.3,47.3,51,52.3,50.3,32,48.3,35,629.5,1336.2,637,1437,740,1544,677.5,1496.5,914.4,1850.3,687.7,1387.7,994.9,1999.9,634.8,1306.8,9.2187,3.9944,0.5478,0.0113
"CN_105767_AGL",43,39,45.7,44.3,49.7,36.7,48,38.7,504.7,1148.5,521.6,1257.6,636.8,1452.3,514.5,1234.5,902.8,1968.4,713.5,1610.5,1019,2184,730.1,1618.1,-2.4743,3.1653,-0.0392,-4.1025
"CN_105777_AGL",43.3,38.7,44.3,42.3,48.3,38.3,48,40,499,1108,501.7,1152.7,636.8,1382.3,494,1132,899,1873.4,722.2,1562.2,977.2,1999.6,765.2,1623.2,2.1037,3.2011,-3.9296,2.9704
"CN_105789_AGL",44.3,38.7,43.7,44,45,33.7,46,35.3,482.5,1543.9,515.1,1693.1,653.6,2025.2,494,1625,857.3,2540.9,647.1,2015.1,921,2635.5,673,1999,3.2762,-1.4756,-3.1749,0.7901
"CN_105791_AGL",44.3,38.7,44.7,45,50.3,41,50,36,489,794.2,536.8,899.8,638.9,1041.4,494,842,938.5,1483.5,674.1,1081.1,1017.9,1592.9,804.4,1296.4,4.8627,0.9402,1.541,-0.0682
"CN_105862_AGL",50,48.3,53,53,46,NA,43.3,34,675.8,2549.5,649,2529,793.4,2844.5,683.4,2594.4,823.3,2834.1,687.7,2332.7,940.3,3182.2,0,0,5.0706,0.8243,5.4486,-0.0814
"CN_105863_AGL",49.7,46.3,51,52,47,NA,45.7,37.5,640.1,3104.9,637,3237,762.6,3460.4,642.9,3158.9,861.6,3768.8,759.7,3294.7,940.3,4032.9,0,0,4.922,0.0719,3.1727,1.3415
"CN_105864_AGL",49,46.7,54.7,53,48.3,35,42,38,682.3,3442.3,655.4,3566.4,762.6,3706.4,642.9,3380.9,790.8,3688.8,743.2,3441.2,978.8,4497,708.2,3372.2,3.5802,-2.4691,3.6104,3.3973
"CN_105865_AGL",48,47,51,52.7,46,35,45.3,35,640.1,2777.3,637,2877,740,3028,677.5,2978.5,861.6,3382.4,707.3,2723.3,955.6,3644,708.2,2832.2,6.3506,-1.5612,-0.9382,0.7853
"CN_105895_AGL",44.3,42.7,47,46,44.7,30.3,46.3,34,553.3,1460.8,561.5,1541.5,653.6,1686.8,574.6,1594.6,884.5,2177,639.8,1619.8,921,2212.5,626.5,1556.5,7.822,1.8962,0.783,-0.6209
"CN_106265_AGL",49.7,48.7,55.3,57,50.3,NA,45.7,32.5,697.2,2137.2,740.5,2479.5,762.6,2300.1,697.4,2257.4,862.6,2518.6,674.5,1932.5,1012.3,2924.8,0,0,-2.9979,-1.5315,-0.5949,-0.0952
"CN_108369_AGL",50.7,49,53.7,54.5,47.3,NA,48,37,665.2,1800.1,675.3,1935.3,781.7,2058.5,705.4,1945.4,897.8,2294.6,704.9,1784.9,953.2,2412.4,0,0,-1.4235,-3.5424,-1.8753,1.5658
"CN_108370_AGL",52,50.7,56,58,48,NA,48,32,720.2,1635.8,732.6,1767.6,819.2,1826.8,727.8,1711.8,916.7,1984.9,641.6,1377.6,977.8,2099.9,0,0,6.7893,-6.3404,-0.97,1.5257
"Crimson_AGL",49,47,51.7,55.3,47,31.5,45.3,33,640.1,1498.1,685.6,1651.6,762.6,1705.6,663.6,1575.6,863.6,1875.6,652.2,1411.2,962.9,2066.9,636.3,1404.3,-2.1641,-3.2851,-0.657,1.4263
"DPL_62_AGL",45,41,45,42.7,48,35.7,48.7,41,519.3,1300.1,492.3,1242.3,672.8,1616.3,558.5,1416.5,918.5,2114.1,766.2,1816.2,1001.4,2250.9,711.7,1647.7,-1.4977,-3.0317,1.666,0.7925
"Eston_AGL",44.7,45,49.7,49,50.3,35,49.7,40.3,605.7,1956.2,605.7,2049.7,665.3,2078.7,621.5,2025.5,930.8,2755.8,776.8,2334.8,1032.7,2980.9,719.9,2123.9,-2.3249,0.7936,-1.9668,0.6535
"Gudo_AGL",45,42.3,46.3,45.3,48.7,34.3,45.3,39.7,537.6,2689.2,546.1,2824.1,672.8,3185.1,560.7,2870.7,845.2,3779.2,743.7,3423.7,1001.4,4328.5,682.3,3062.3,7.6253,-0.5081,1.9695,1.5346
"IG_1046_AGL",45.3,42.7,48,47.3,51.3,37,51,42,567.7,1505.3,568.3,1618.3,672.8,1812.4,560.7,1616.7,972.6,2496.2,793.5,2053.5,1030.1,2600.9,737.7,1921.7,7.7719,-3.6337,2.4456,-1.8975
"IG_1706_AGL",44.3,43.3,45,46,53.3,37,50,43,514.8,1689.7,552.1,1878.1,653.6,2082.8,594.3,2029.3,957.6,2890.5,825.1,2541.1,1065.3,3169.4,737.6,2254.6,18.0225,-3.6484,-0.4843,1.3109
"IG_1959_AGL",44.3,43.7,47.3,47.3,48.3,32.3,43.3,38.3,557.9,1758.1,577.7,1873.7,653.6,1985.6,594.3,1924.3,805.3,2323.2,712.2,2080.2,982.9,2758.9,662.6,1916.6,-7.4013,3.36,1.8468,-4.1521
"IG_4258_AGL",43.7,41.3,45,44.3,47,33,44.7,38,511.5,1669.5,515.1,1755.1,622.1,1992.3,544.6,1856.6,840.8,2577.8,693,2213,956.9,2851,660.7,2013.7,-11.8737,4.4489,3.0686,0.0753
"IG_4781_AGL",49.5,49.7,55,54.7,46.5,31,41,29,700.4,2188.7,675.3,2229.3,762.6,2316.5,705.4,2265.4,790.8,2315.4,605.2,1752.2,940.3,2721.6,612.5,1821.5,9.0669,1.6174,3.5616,1.7914
"IG_858_AGL",45,44.7,48.3,48,52.3,32.7,45.3,40,577.7,1709.9,605.3,1897.3,672.8,1964.1,612,1908,839.8,2338.3,776,2170,1065.3,2915,661.1,1849.1,2.8689,1.6487,4.3393,0.045
"ILL_10657_AGL",43.3,41.3,43.3,44.3,47,33,50,38.7,503.5,1441.1,515.1,1445.1,636.8,1707.8,544.6,1536.6,935,2400,713.5,1883.5,956.9,2395.1,660.7,1683.7,5.2332,0.7693,-5.5342,-1.7278
"ILL_10748_AGL",46,46,48.3,48,44.7,37,44.7,38,588.3,1103.1,585,1125,692.9,1259.1,642.9,1197.9,839.8,1483.3,756.3,1356.3,921,1591.5,729.6,1284.6,-7.1119,2.9498,2.5136,0.5112
"ILL_11547_AGL",44.5,42.3,44.3,43.3,52.5,32.7,52.3,41.3,499,1117,517,1189,653.6,1427.6,560.7,1286.7,974.1,2045.3,750.8,1611.8,1032.7,2129.2,663.4,1389.4,13.0352,-0.4716,-2.3558,2.4224
"ILL_11548_AGL",43,39.7,46.3,44.3,48.3,36.7,49,41,533,1051.4,515.1,1042.1,636.8,1235.3,514.5,1054.5,923.6,1717.4,759,1456,996.7,1834.6,728.5,1394.5,5.944,2.3984,-0.9925,-0.1847
"ILL_11553_AGL",44.7,42.3,45.3,45.7,44.3,32.7,45.3,38,514.8,1475.8,521.3,1513.3,653.6,1816.4,560.7,1649.7,843.9,2238.9,698.3,1914.3,921,2374.5,663.4,1752.4,-5.081,4.2415,1.4434,2.0788
"ILL_11555_AGL",43.7,42,44.3,44,47.7,36.7,47,41.3,509.6,1114.4,515.1,1104.1,636.8,1326.3,560.7,1220.7,879.2,1767.5,772.8,1570.8,977.2,1922.8,734.6,1474.6,2.8657,4.9903,-1.2201,3.7603
"ILL_11557_AGL",44,41,45.3,45,46.3,36.3,47.7,37,504.7,974.5,536.8,1097.8,653.6,1265.6,544.6,1088.6,902.8,1680.4,693,1339,956.9,1755.9,728,1357,0.7861,3.1334,-0.2682,1.5673
"ILL_11558_AGL",44,40,44,43.3,50.3,40,50.3,39.5,499,1048,507.7,1096.7,653.6,1344.8,531.2,1151.2,955,1888.3,706.9,1447.9,1034.6,2013.8,803.5,1623.5,-2.9435,3.7777,2.9947,1.5765
"ILL_1220_AGL",46,42.7,48,47,52,37,48,43,588.3,1700.7,568.3,1688.3,704.6,1968.2,560.7,1649.7,919.8,2433.9,828,2236,1062.2,2779.4,737.7,1958.7,3.3791,-2.8872,4.7332,-1.3639
"ILL_1553_AGL",44.7,41.3,45.7,46.7,48.3,38.7,47.3,40.7,525.4,1413.1,552.1,1504.1,653.6,1672.4,558.5,1515.5,902.8,2194,772.5,1920.5,1001.4,2388.1,773.4,1904.4,7.0213,0.549,-0.9761,-2.1012
"ILL_1762_AGL",45,46.7,49,51.7,49,34,43.3,36,616.1,2698.5,620.4,2804.4,672.8,2789.2,642.9,2825.9,820.3,3231.5,704.2,2720.2,1017.9,3877.9,675.1,2681.1,-16.3519,-0.3395,-2.1925,-3.4442
"ILL_1983_AGL",44.3,43,47.7,47,49,33,44.7,37.3,550.1,1919.7,561.9,2057.9,653.6,2259.2,566.2,2084.2,844.6,2770.6,706.4,2378.4,1001.4,3186.8,682.3,2246.3,-9.9758,1.9458,0.7035,2.6901
"ILL_213_AGL",44,41.3,46.3,45,45.7,33.7,45.3,38.5,537.6,2237.1,530.3,2226.3,653.6,2590.4,544.6,2304.6,845.2,3162.7,737,2857,937.7,3412.5,679.5,2549.5,-5.1293,1.7393,-2.822,-1.4777
"ILL_2194_AGL",44,41,49.3,48.3,45.7,38.3,42.3,39,599.6,3440,594.4,3591.4,665.3,3706.7,558.5,3330.5,783.2,4097,759.3,3999.3,937.7,4718.9,767.2,4043.2,-12.896,3.4647,3.0449,0.3137
"PI_431893_LSP_AGL",45.3,44.7,50,50,49,33.3,48,36,622.1,1195.9,601.3,1193.3,672.8,1264.8,598.1,1193.1,913.4,1653.3,728.3,1336.3,998.7,1782.7,681.1,1259.1,5.1544,6.5029,-0.6056,-3.8134
"ILL_2507_AGL",44,41.7,46.7,44.3,46,32,44.3,37.7,533,1569.8,515.1,1538.1,653.6,1870.4,530.4,1615.4,845.2,2303.2,693,1947,956.9,2545.5,642.7,1762.7,-7.9954,2.0554,-0.9093,1.5047
"ILL_2580_AGL",46.3,39.7,45.3,43.3,44.3,34.7,44,39.3,519.3,2023.3,501.2,1941.2,692.9,2554.9,528.4,2078.4,825,2893,706.9,2578.9,900.9,3056.9,690.8,2440.8,-1.7098,7.7089,2.55,0.4338
"ILL_28_AGL",45,44,49.7,47,51,36.7,45,42.3,595.1,2996.1,577.7,3133.7,672.8,3318.3,612,3240,842.4,3929.4,809.7,3862.7,1049.3,4767.3,737.6,3438.6,-10.8394,0.2601,-1.5286,0.2746
"ILL_3025_AGL",44,40,46,44.7,45.7,34,46.7,38,523,1786,506.1,1796.1,638.9,2175.4,531.2,1926.2,883.2,2861.9,693,2327,937.7,2957.1,690.8,2265.8,-13.0543,4.0655,0.892,0.9171
"ILL_313_AGL",45.3,44.7,48.3,47,48.3,36,44.7,41,588.3,2607.9,577.7,2665.7,684.5,2911.3,598.1,2698.1,839.8,3364.3,792.2,3228.2,982.2,3795,719.9,2879.9,1.6082,1.8117,0.4761,0.4869
"ILL_3347_AGL",45.3,42,45,44.7,44,32.7,45,36.3,514.8,1571.9,521.6,1641.6,658.1,1936.1,560.7,1781.7,859.7,2428.3,674.1,1969.1,901.8,2463.8,660.7,1881.7,-12.1324,3.197,0.7694,1.3311
"ILL_358_AGL",44.3,43.3,47,46.3,47,35.3,48,41,563.9,2432.9,552.1,2422.1,665.3,2726.2,580.3,2518.3,923.6,3540.2,772.5,3027.5,960.5,3578.4,698.8,2693.8,4.7083,2.4036,0.1066,1.5593
"ILL_3597_AGL",44,39,46.3,44.7,47.3,35,43.3,37.5,523,2053,515.1,2127.1,653.6,2568.8,514.5,2164.5,806.8,2999.8,655,2527,977.2,3530.8,711.2,2691.2,-13.4711,3.1789,-0.9299,2.2635
"ILL_4164_AGL",44.7,42.3,47.3,48.3,47.3,32.7,45.7,34,557.9,3301.7,552.5,3291.5,653.6,3677.6,560.7,3398.7,864.2,4576.4,629.6,3451.6,982.9,5014.9,663.4,3501.4,-5.706,-0.7127,2.8618,0.5497
"ILL_4400_AGL",47.3,46.3,48.7,52,46.3,34.3,47,37.3,588.3,2388.3,646.3,2737.3,727.6,2815.6,642.9,2640.9,878.9,3228.9,741.4,2679.4,939.1,3340.3,675.1,2511.1,3.321,3.2042,-2.4617,-0.0337
"ILL_4605_AGL",46,45.3,47.3,47.3,47,34.3,46.7,41.3,557.9,1033.9,561.9,1037.9,692.9,1247.7,635.5,1190.5,884.1,1542.1,776,1350,982.2,1683,676.9,1186.9,-4.7974,4.5452,-0.0883,-0.3121
"ILL_4609_AGL",45,45,49,47,48,35.7,47.3,39.7,585,2895,552.9,2928.9,658.1,3286.1,607.4,3232.4,895.4,4255.4,748.2,3628.2,1001.4,4578.4,719.9,3419.9,-6.1675,1.6954,0.1958,-0.222
"ILL_4665_AGL",49,45.7,49.3,53.3,48.3,35.3,48,36,616.1,2101.9,664.8,2344.8,774.3,2492.1,635.5,2189.5,898.1,2774.9,706.4,2146.4,978.8,2982.9,712.1,2224.1,-0.1009,0.7317,-0.5841,0.0702
"ILL_4671_AGL",48.7,46.7,52,50.7,47.3,34.7,44.3,39,654.4,2776,617.1,2801.1,740,3008,642.9,2788.9,843.6,3291.6,772.4,3012.4,962.9,3684.5,690.7,2720.7,3.7302,0.2637,0.4278,2.1508
"ILL_4768_AGL",43.7,38,44.3,42.7,44.7,34.7,45.3,37.3,499,1678,492.3,1692.3,622.1,2016.1,508,1768,840.8,2609.3,684.3,2204.3,922.2,2767.2,691.2,2161.2,-0.9075,0.5344,-3.3752,-1.2478
"ILL_4782_AGL",42,38.3,45,41.3,46.5,34.3,46.7,40,504.7,1537.1,478,1551,617.4,1882.2,494,1596,879.2,2552.4,717.7,2197.7,957.4,2705.8,673,1965,-4.3789,-0.2477,-7.0525,2.3961
"ILL_4783_AGL",49.3,47.7,54,56,48.7,34,45,NA,692.9,2246.9,715,2425,774.3,2399.7,692.6,2292.6,860.7,2562.7,0,0,972.3,2868.6,687.5,2087.5,-0.8042,-3.9188,-1.8665,1.6134
"ILL_4804_AGL",43.7,44.3,47.7,46,47.7,33.3,46.3,36,553.3,2454.1,561.5,2626.5,636.8,2740.3,598.1,2768.1,884.1,3591.3,721.7,3022.7,977.2,3862,661.1,2707.1,-2.1921,-0.9882,5.3935,0.9804
"ILL_4875_AGL",50.7,49.7,55.7,56.7,44,31,41.3,32.3,690.4,1918.9,699.2,2075.2,781.7,2167.7,705.4,2065.4,792.7,2115.7,656.2,1712.2,889.8,2341.8,612.5,1666.5,-3.7396,-1.0394,-2.4101,0.0802
"ILL_4956_AGL",48.7,46,52.3,53.7,48.7,36,48.7,NA,654.4,1824.4,664.8,1966.8,740,2000,642.9,1826.9,913.2,2383.2,0,0,978.8,2522.3,729.6,1913.6,12.1209,2.3064,2.3612,-2.835
"ILL_5058_AGL",51.7,51.3,55.3,54.7,46.3,NA,42,34,705,2800.8,659.8,2699.8,797.1,3033.1,749.5,2975.5,792.7,2888.5,704.9,2540.9,937.8,3381.8,0,0,1.6993,-2.0921,1.686,2.497
"ILL_5151_AGL",45.3,44.7,49,48,46.7,32.7,42,35.3,591.8,3097.6,578.6,3238.6,672.8,3510.7,598.1,3363.1,800.5,3969.6,666.8,3402.8,963.7,4568.6,661.1,3268.1,9.4977,-1.6406,-0.4002,-0.4455
"ILL_5209_AGL",44.7,44.3,47.7,47.7,48.7,31.3,44.7,39,553.3,3058,568.3,3298.3,653.6,3497.6,598.1,3433.1,844.6,4260.1,732,3774,1001.4,4872.4,626,3137,-0.1581,0.3066,-2.3797,-0.7519
"ILL_5480_AGL",49.3,48,54.3,55,48.7,34,50,NA,682.3,1862.3,692.1,1982.1,762.6,2029.5,697.4,1977.4,934.9,2409.9,0,0,972.3,2486.4,687.5,1807.5,7.5215,-1.5443,-0.1023,1.2089
"ILL_5639_AGL",45.7,45.3,47.3,47,48.5,35,46,39.5,553.3,1843.6,568.3,1968.3,672.8,2182.4,621.5,2133.5,864.2,2662.8,772.5,2412.5,982.2,2940.6,696.4,2166.4,-12.1255,-0.2385,-2.5524,3.0725
"ILL_5722_AGL",45,39.3,43.7,44.3,49,41.7,49.7,40.3,487.1,961.1,515.1,1011.1,672.8,1290.7,528.4,1055.4,935,1725,737,1377,1017.9,1852.9,819.1,1533.1,-1.2367,-4.1149,2.5796,1.1033
"ILL_5883_AGL",44,43.3,48,46.3,46.7,32.7,42.3,36.3,588.3,2949.9,561.5,2906.5,665.3,3192.4,580.3,2960.3,805.3,3626.1,662.4,3074.4,956.9,4167,662.6,2972.6,4.8713,0.8876,-0.4831,-0.5523
"ILL_5888_AGL",42.7,38,44.3,41,47.3,36.3,46.7,41,499,493,471.6,471.6,602.7,602.7,494,494,879.2,869.8,770.7,770.7,976.4,976.4,729.5,729.5,-17.5504,0.9539,1.7092,-1.1766
"ILL_5945_AGL",44.7,39,45,41.3,43.3,32.7,45,39,519.3,1613.7,498.3,1583.3,653.6,1935.2,514.5,1624.5,859.7,2432.9,698.6,2063.6,905.5,2471.9,649.7,1870.7,2.0939,-3.2298,-1.21,0.8861
"ILL_6002_AGL",43.3,45,47,47,49.7,37,48.7,41,574.4,1071.2,577.7,1081.7,648.5,1170.5,621.5,1161.5,923.6,1599.8,772.5,1346.5,1018.2,1743.2,753,1323,4.943,1.3818,-0.6283,-0.5998
"ILL_618_AGL",44.7,43.3,47.3,46.7,51,35.3,47.3,40.3,543.3,1451.6,561.5,1611.5,653.6,1758.8,594.3,1714.3,884.1,2261.2,772.5,2002.5,1032.7,2598.4,698.8,1818.8,1.4382,-1.3889,-1.5251,1.1694
"ILL_6182_AGL",44.3,43.7,49,47.3,49.7,37,46,40,585,2627.7,561.9,2737.9,653.6,2972,580.3,2824.3,878.9,3788.2,756.3,3316.3,1017.9,4237.9,737.6,3179.6,2.7365,-0.5876,0.1738,2.0065
"ILL_6211_AGL",46.3,45.7,49.3,46.5,50.3,34.5,46,43.5,595.1,1151.6,552.1,1096.1,692.9,1327.5,635.5,1264.5,861.5,1592.9,828,1532,1010,1845,696.4,1291.4,2.028,-4.1794,-1.3692,1.4621
"ILL_624_AGL",47.7,46.3,51.3,51.3,49,35.7,43.3,38,629.5,1946.7,620.4,2063.4,715.9,2166.7,642.9,2048.9,808,2338.8,741.4,2147.4,987,2809.8,708.2,2076.2,-2.3688,-0.0242,4.0517,0.0172
"ILL_6821_AGL",43.7,44.7,47.7,47,46.3,33.3,43.7,35.7,563.9,4203.9,577.7,4429.7,636.8,4420.3,598.1,4483.1,824.9,5400.9,662.4,4514.4,956.9,6037.6,681.1,4455.1,-5.6561,-7.3841,1.093,-2.7044
"ILL_6853_AGL",49,45,51,49.3,46.3,36,45,39,629.5,3567.3,589.9,3505.9,747.9,4047.9,621.5,3681.5,861.6,4514,728.3,3806.3,946.3,4823.8,719.9,3779.9,-2.7636,0.3474,1.4301,-1.9706
"ILL_7089_AGL",44,41.3,47.3,45.7,49.3,39.5,44.7,41.7,574.4,1578.8,546.1,1532.1,653.6,1708.4,558.5,1548.5,844.6,2100.1,787.9,2005.9,1018.2,2483.2,789,1989,1.8815,-0.9488,1.8584,-0.9149
"ILL_7558_AGL",46,45.7,49.3,48.3,48,33.7,45,40.5,599.6,1222.4,578.6,1208.6,692.9,1380.7,621.5,1305.5,842.4,1620.9,759.3,1479.3,998.7,1885.6,676.9,1322.9,-6.2056,0.9646,0.9782,-0.47
"ILL_7663_AGL",44,39.7,44,44,47,35.3,47.7,38.3,503.6,574.9,521.6,617.6,653.6,747.2,514.5,604.5,895.7,1006.1,706.9,823.9,977.2,1102,709.6,817.6,2.5326,1.5554,4.8182,-2.7551
"ILL_7668_AGL",44.7,42.7,47,47,44.7,32,43.7,36.3,553.3,1516.9,561.9,1581.9,653.6,1751.6,560.7,1583.7,825.6,2110.4,683,1793,921,2293.5,644.6,1636.6,3.8688,2.7393,4.0042,2.8424
"ILL_7716_AGL",47,45,49.3,47,47.7,32,47,41.7,591.8,1003.2,577.7,1045.7,715.9,1211.2,635.5,1116.5,878.1,1446.8,792.2,1338.2,978.6,1588.2,661.1,1090.1,-3.8981,0.9686,-3.3375,2.2041
"ILL_7747_AGL",47.7,45,49.3,47.3,43.7,31.7,42.3,38.3,591.8,3403.6,561.9,3451.9,715.9,4069.9,607.4,3687.4,783.2,4256.6,712.2,3942.2,898.1,4682.1,644.9,3460.9,1.7249,3.0104,-0.5234,0.0988
"ILL_7946_AGL",45.3,43,46.3,45,43.3,32.3,45,37.7,533,2440.2,536.8,2549.8,672.8,2970.5,580.3,2756.3,845.2,3527.2,693,3011,886.3,3556.6,663.4,2775.4,NA,NA,NA,NA
"ILL_7978_AGL",43,41,45,44,49,32.7,47,38.3,514.8,1568.8,515.1,1600.1,636.8,1879.3,558.5,1746.5,899,2531,706.9,2071.9,1019,2794,656,1844,5.0541,-0.297,-3.4005,0.1519
"ILL_7979_AGL",46.3,42,46,47,46.7,34.7,48.7,38.3,523,1606,561.9,1819.9,692.9,2121.7,560.7,1847.7,922.7,2691.6,728.4,2171.4,962.1,2729.3,698.4,2063.4,-2.8775,0.4731,-0.8444,0.891
"ILL_8007_AGL",44,38,43.3,40,44.3,36,48,40.3,472.4,963.8,464.4,996.4,638.9,1307.4,479.9,1039.9,895.7,1769.3,729.2,1508.2,922.2,1781.7,729.5,1469.5,-5.4514,-0.3188,-0.7983,1.5856
"ILL_8009_AGL",44,38.3,45,42.3,46.7,36,45.3,38.3,504.7,1145.6,492.3,1182.3,653.6,1485.2,494,1190,859.7,1876.3,684.3,1558.3,956.9,2042.6,711.2,1575.2,-4.0845,4.0107,2.4478,0.1731
"ILL_8010_AGL",42.7,41.7,45.3,45,47.7,34.3,44.7,38.3,504.7,1102.1,536.8,1229.8,617.4,1351.8,530.4,1212.4,843.9,1770.9,713.5,1532.5,976.4,2013.2,698.4,1468.4,2.7366,5.0873,5.0715,1.1842
"ILL_8072_AGL",45,43.7,47,49,50.3,37.7,45.7,39,574.4,3018.8,589.9,3109.9,684.5,3374.9,580.3,3062.3,864.9,3988.3,776.8,3646.8,1032.7,4643.5,753.2,3527.2,-8.4233,-0.3537,2.018,2.2333
"ILL_8174_AGL",45.3,45.7,50,48.7,52.7,36,47.7,43,616.1,1396.8,594.4,1408.4,684.5,1528.1,621.5,1449.5,898.1,1910.9,776.8,1678.8,1062.2,2238.8,729.6,1580.6,2.616,-3.0977,-1.4261,-2.4257
"ILL_8595_AGL",44,43.7,47,47.3,52.7,35.5,54.3,42.3,563.9,1081.9,568.3,1093.3,653.6,1215.2,580.3,1124.3,1030,1844,793.5,1423.5,1066.1,1892.9,718.1,1294.1,5.3229,-2.5047,-1.6428,-0.4185
"ILL_9_AGL",43.3,39,46.3,42.3,47.7,38.7,46.3,42,533,1441.8,485.9,1326.9,636.8,1679.8,514.5,1444.5,864.9,2171.3,742.8,1931.8,977.2,2407.6,765.2,1974.2,-7.049,0.2284,1.3321,0.8646
"ILL_975_AGL",45.3,42.7,46.3,45.3,45.7,32.3,43.7,37.3,533,4021,530.3,4114.3,672.8,4864.9,560.7,4388.7,825.6,5621.6,677.8,4821.8,941.3,6153.1,663.4,4491.4,-6.4296,0.2028,-5.188,0.3078
"ILL_9888_AGL",45,40.3,45.7,43.7,45.7,33.7,44,37.3,525.4,1838.8,517,1829,672.8,2212,531.2,1864.2,825,2576.2,688,2246,940.2,2853.8,674,2136,9.1362,0.2781,-3.3679,0.2827
"ILL_9932_AGL",45,39.3,46.3,45,43.7,36.3,45.3,36.3,523,1576,536.8,1724.8,658.1,1979.3,514.5,1654.5,845.2,2424.7,674.1,2006.1,905.5,2520.3,709.6,2077.6,-4.5834,3.1436,2.8211,-0.3796
"ILL_9945_AGL",43.3,38.3,45,42.7,45.3,36,45.3,40,514.8,2250.8,492.3,2232.3,636.8,2677.3,508,2308,859.7,3435.7,722.2,3042.2,922.2,3545.7,711.2,2871.2,11.4655,3.8385,1.9891,2.3673
"ILL_9977_AGL",44,39,44.7,43.7,45.3,35.3,47,37.7,478.8,1329.3,501.2,1461.2,638.9,1790.4,514.5,1534.5,879.2,2359.7,688,1904,937.7,2451.1,711.2,1935.2,-4.6197,1.8819,3.2324,1.7364
"ILL_9997_AGL",45.3,41.7,45.7,43.7,47.3,35.3,45.7,40.3,525.4,1297.6,501.2,1221.2,672.8,1579.3,544.6,1344.6,863.5,1939.9,750.8,1734.8,963.7,2115.2,714.6,1614.6,-4.9575,2.831,0.3228,2.3223
"ILWL_118_AGL",45.3,45.3,49.3,50,46,31.3,43.3,37,591.8,1503,601.3,1637.3,684.5,1748.5,607.4,1622.4,802.9,1955.3,704,1740,941.3,2229.3,621.4,1520.4,-11.7386,0.4236,-3.5273,1.7974
"Indianhead_AGL",55,55.7,61.3,61.5,46,NA,45,NA,780.7,2087.9,787.2,2244.2,870.2,2328.4,830.4,2348.4,837.3,2205.3,0,0,930.1,2420,0,0,10.8716,-1.6765,0.5162,0.1517
"IPL_220_AGL",44,39.3,44,41,46,35,45.7,41.7,503.6,1191.8,478,1145,653.6,1488.8,514.5,1234.5,857.3,1878.5,750.2,1716.2,956.9,2047.3,690.8,1530.8,-0.6045,3.0051,4.7902,-0.97
"Laird_AGL",53,51,56,57.7,45,NA,48,NA,730.8,1584.4,720.3,1620.3,854.2,1792.6,763.5,1666.5,916.7,1867.3,0,0,915.8,1854.2,0,0,0.1518,-2.3902,-1.1877,1.8061
"LIRL.22.46_AGL",44,42.3,46.7,46,49,37.5,47.3,41,543.6,819,561.5,841.5,653.6,963.2,574.6,880.6,904.4,1293.2,787.9,1123.9,1018.2,1448.2,737.7,1070.7,-0.0852,1.2969,2.5019,-0.8695
"PI_163589_AGL",49.3,46,53,53.3,46,33.5,39.7,33,669.8,3017.8,649,3049,762.6,3267.7,642.9,2973.9,748.1,3096.1,669.2,2709.2,923.7,3734.3,676.9,2818.9,-0.615,2.6658,0.8529,3.2211
"PI_169534_LSP_AGL",48.7,45.7,51.7,53,48.7,37,51.7,35,619.5,1435,664.8,1672.8,740,1720,621.5,1521.5,969.3,2180.9,707.3,1571.3,978.8,2179.3,729.6,1654.6,-1.6825,0.0657,1.823,0.9748
"PI_175754_LSP_AGL",45.3,43.7,48.7,47.3,48.3,35.3,46,41.5,588.3,2049.9,577.7,2089.7,684.5,2299.5,594.3,2134.3,859.8,2727.4,776,2498,982.2,3022.2,718.1,2302.1,9.6394,1.2402,-3.4359,1.3795
"PI_177430_LSP_AGL",48.7,45.7,51.7,51.3,46,35,45.7,36.7,629.5,2634.9,614,2742,740,3000,621.5,2709.5,863.6,3356.8,723.8,2795.8,931.4,3530.4,696.4,2726.4,-2.343,-3.4539,-1.7712,0.4423
"PI_178939_LSP_AGL",46.7,46,53,53.3,50,36,48.3,37,665.2,1921,649,1969,692.9,1973.5,642.9,1937.9,913.2,2491,706.4,1894.4,1010,2695,729.6,2024.6,-1.9201,-0.7369,1.3584,-1.8412
"PI_178952_AGL",46.7,44,47,48,48.7,35.5,46.7,39,553.3,1503.7,585,1665,692.9,1844.3,612,1728,884.5,2238.1,756.3,1956.3,993.4,2478.1,718.1,1834.1,7.566,-2.5876,4.3566,-2.367
"PI_178971_LSP_AGL",46.3,46,51,54,47.3,35.3,43.3,33,629.5,1928.2,675.3,2187.3,704.6,2139.8,642.9,2048.9,825.9,2370.3,669.2,1893.2,962.1,2691.7,712.1,2080.1,1.462,0.1164,1.873,-4.217
"PI_179324_LSP_AGL",47,45.7,49.7,49.3,45.7,35,43,36,595.1,2653.1,589.9,2785.9,715.9,3110.5,621.5,2889.5,802.9,3331.3,704,2961,943.5,3767.9,696.4,2901.4,-2.5785,2.0557,0.139,-1.4714
"PI_179330_AGL",47,45.3,49.3,49.3,48.3,33.3,44,35.3,605.7,2267,596.3,2298.3,727.6,2607.6,635.5,2411.5,822.4,2798,662.2,2272.2,993.4,3296.4,657.7,2241.7,0.1851,-11.2077,2.6594,-1.3787
"PI_181771_LSP_AGL",47,47,50.7,52.7,48.7,32.7,43.7,34,608.3,1892.8,637,2157,701.2,2160.4,663.6,2183.6,825.9,2440.7,663.4,1955.4,993.4,2875,655.5,1975.5,4.512,-1.6053,1.4788,-2.7395
"PI_181886_LSP_AGL",45.3,44.7,50,49.7,48.7,35.7,46.3,38,601.5,3260.3,596.3,3556.3,658.1,3588.5,612,3600,878.1,4553.5,704,3664,998.7,4987.3,719.9,3707.9,-7.4901,0.2008,0.5394,-0.6465
"PI_182217_LSP_AGL",45.3,44.7,48.3,47,50.7,36,47.7,41,582.3,1775.8,577.7,1837.7,672.8,1997.4,598.1,1893.1,895.4,2532.2,792.2,2262.2,1030.1,2855.9,719.9,2051.9,8.9473,-9.1498,-0.9993,1.3647
"PI_193546_AGL",45.7,45,50,47.3,46,35.3,43.7,37.7,611.5,3484.3,568.3,3438.3,672.8,3747.5,621.5,3681.5,822.4,4333.6,712.2,3828.2,941.3,4763.9,719.9,3779.9,3.9174,0.2387,4.9789,1.3434
"PI_193547_LSP_AGL",49.7,49,52.3,53.3,44.3,30,40.7,32.3,639.8,2360.6,655.4,2664.4,747.9,2739.9,705.4,2745.4,767.7,2727.5,625.1,2193.1,908.9,3149.9,615,2196,-3.4966,-5.4178,4.0048,-2.7234
"PI_193548_LSP_AGL",44,38.7,44,41.7,44,34,45.7,38.7,503.6,1535.9,487.4,1507.4,653.6,1906.4,494,1538,857.3,2389.1,698.6,2024.6,922.2,2488.2,673,1897,6.4593,-3.3778,-1.3169,0.7566
"PI_193550_AGL",42.7,38.7,44.7,40.7,49.7,33.7,47.3,41.3,499,1231,464.4,1164.4,617.4,1484.4,508,1288,899,2070.2,750.2,1800.2,1019,2294,673,1557,10.2537,2.1354,-3.7088,0.6877
"PI_207492_LSP_AGL",45.7,45.7,49.7,54,49.3,32.3,45.3,33,605.7,1952.5,668.8,2226.8,672.8,2082.5,621.5,2025.5,861.5,2535.9,669.2,1961.2,1013.6,2918.6,657.7,1944.7,2.557,-0.5489,-1.4444,-3.274
"PI_518731_LSP_AGL",46.3,45.7,49.7,51,49.3,35,47.7,37,595.1,1645.1,620.4,1829.4,692.9,1889.9,621.5,1773.5,898.1,2338.1,736.5,1914.5,993.4,2536.9,696.4,1816.4,3.4215,4.6143,3.2924,0.4686
"PI_209858_LSP_AGL",52.3,54,58.3,59.7,44.3,NA,38,29,767.5,3094,758.3,3249.3,819.2,3182,808.2,3283.2,710.2,2674.8,621.8,2264.8,883.7,3246.5,0,0,6.1347,1.8691,-2.8547,4.9955
"PI_211052_LSP_AGL",48,45.7,49.7,48.3,46,34,44,38.7,591.8,2070.8,578.6,2153.6,740,2560,621.5,2313.5,822.4,2736.4,739.6,2494.6,955.6,3094.1,696.4,2341.4,-0.4205,3.3688,-0.7669,-1.6504
"PI_212100_LSP_AGL",47.3,45.7,50.3,50.5,46.3,32.3,44,33,611.5,2141.5,617.1,2333.1,715.9,2447.5,635.5,2337.5,825.9,2695.9,627.3,2079.3,939.1,2981.5,657.7,2175.7,-3.2925,0.2053,-4.2459,-2.7353
"PI_212610_LSP_AGL",48,46,51,53.7,44.7,33.5,43.3,31,619.5,1949.5,649,2209,740,2328,642.9,2159.9,825.9,2497.9,603.1,1812.1,920.5,2707,696.4,2131.4,-2.3707,-0.5645,-5.0298,-0.9786
"PI_217949_LSP_AGL",44,40.3,45,45,47.3,34,48,36,482,1913,504.3,2154.3,638.9,2574.4,517.1,2227.1,918.5,3515.5,674.1,2709.1,977.2,3631.6,674,2612,-5.8521,1.5614,1.1604,3.2524
"PI_238758_LSP_AGL",49.3,45.3,49,50.7,48.7,36,52,42,599.6,1190,601.3,1230.3,774.3,1500.9,635.5,1301.5,985.3,1854.5,772.4,1452.4,972.3,1820,729.6,1395.6,9.0286,0.1048,1.88,-0.4741
"PI_244046_AGL",41.3,37.7,43.3,41.7,48.7,35,50.3,40.3,479.2,902,471.6,919.6,601.7,1126.4,489.7,953.7,935,1690,736.6,1392.6,992.1,1771.2,691.2,1251.2,17.3315,5.4914,-7.3462,1.8228
"PI_250156_LSP_AGL",44.3,42.3,49,49,46.7,33.7,46.3,36,562.4,2323.2,596.3,2742.3,638.9,2714.4,560.7,2573.7,878.9,3548.5,715.3,2919.3,960.5,3747.6,682.3,2756.3,-9.0422,-0.3608,-2.4923,0.4383
"PI_250158_LSP_AGL",43.3,40,45.7,44.3,47,36.7,44.3,37,504.7,1371.8,506.1,1436.1,636.8,1728.8,517.1,1477.1,843.9,2189.4,674.1,1821.1,956.9,2423.3,728.5,1912.5,-12.2408,1.6835,0.6386,1.8489
"PI_251248_LSP_AGL",41.3,35.7,43,38,51.3,38,51.3,41.5,472.4,853.1,430.4,820.4,587,1063.8,458.2,863.2,978.4,1711.6,758.8,1403.8,1034.8,1794.7,742.9,1312.9,17.0101,8.8754,-2.957,-0.0243
"PI_273664_LSP_AGL",47,44.3,49,51.7,46.3,33,47.5,36,585,2274.6,614,2628,715.9,2802.4,598.1,2523.1,930.8,3490.8,704.2,2612.2,962.1,3476.6,661.1,2476.1,-3.7441,1.3381,0.8434,-4.5722
"PI_280686_AGL",45.3,40,45.7,44.7,47.7,38.7,48.7,41.7,519.3,1306.5,530.9,1355.9,672.8,1623.7,545.2,1377.2,922.7,2128.1,778.8,1828.8,982.2,2215.8,764.7,1778.7,1.1803,-0.2691,-0.9374,-2.447
"PI_283604_LSP_AGL",49,46.3,53.3,54,48.3,36,43.7,36.5,669.8,3137.8,668.8,3251.8,774.3,3474.9,656.8,3164.8,827.9,3542.7,706.4,2974.4,978.8,4129.5,708.2,3084.2,6.9158,0.5577,-1.7468,4.08
"PI_289066_AGL",54.3,54.5,56.7,59.3,40.3,NA,39,28,724.8,2926.4,751.9,3189.9,865.1,3312.3,808.2,3283.2,736.4,2733.2,566.3,2050.3,806.4,2934.4,0,0,5.119,-0.4449,-0.1755,2.6295
"PI_289073_LSP_AGL",49,48,52,54,45.3,34,42.7,34,649.8,2097.6,668.8,2267.8,762.6,2394.4,683.4,2282.4,808,2446.3,688.9,2053.9,931.4,2762.2,687.5,2122.5,-1.5105,0.9374,1.2167,1.9757
"PI_289079_LSP_AGL",49.3,49,55,55.7,47.3,33,43.3,34,705,2511,712.3,2692.3,762.6,2599.4,719.4,2605.4,826.2,2718.2,652.2,2104.2,940.3,3045.9,667.7,2231.7,-2.5988,-1.0073,2.2562,2.6306
"PI_290716_LSP_AGL",50.7,46,51,52,45.3,35,43.7,33.7,626.2,2048.2,657.3,2379.3,781.7,2516.3,656.8,2252.8,825.9,2563.9,660.1,2054.1,921.2,2821,712.1,2224.1,-1.6525,-4.4864,2.254,-1.2935
"PI_297285_LSP_AGL",48,48.3,52,54,50,34,46,37,670.9,2192,675.3,2271.3,751.7,2338.4,697.4,2297.4,879,2622.7,724.7,2130.7,1019,2992.7,667.7,2027.7,6.8318,-2.1834,0.3037,2.2714
"PI_297287_AGL",47,45.3,49.7,52,50.3,37,47.7,38,599.6,2478.8,630.5,2736.5,727.6,2907.6,635.5,2707.5,898.1,3403.7,759.7,2865.7,1026,3805.5,729.6,2801.6,9.9459,-2.2479,-0.189,0.1566
"PI_297754_LSP_AGL",47,46.3,49,49.5,51,34.3,45.7,39,605.7,1826.7,596.3,1854.3,727.6,2111.6,656.8,2024.8,859.8,2377.8,728.3,2020.3,1042,2841.2,675.1,1899.1,-8.2211,2.5043,0.5525,-1.135
"PI_297767_AGL",49,48.3,53.7,54.5,47.7,34,43.7,NA,675.8,2914.4,668.8,2964.8,762.6,3095.5,683.4,2945.4,827.9,3230.3,0,0,962.9,3694.1,667.7,2639.7,1.1065,0.203,-1.9816,2.4205
"PI_297772_LSP_AGL",48.7,44,53.7,51,43,36,40.3,35,662,3660.2,605,3602,740,4024,584,3440,772.2,4007.1,716.9,3713.9,874,4404.3,753.2,3945.2,0.6904,0.8176,-3.5605,3.1014
"PI_297783_AGL",43,38.3,44,42.3,45,33.3,47,38.7,503.6,1396.4,485.9,1355.9,636.8,1690.3,494,1393,895.7,2278.1,703.3,1873.3,941.7,2326.3,649.7,1672.7,2.5191,-3.107,-2.0909,0.826
"PI_297787_LSP_AGL",44,45,48.3,48.7,50,32.3,47,39.7,574.4,1788.8,594.4,2000.4,653.6,2039.6,621.5,2061.5,878.9,2608.5,759.3,2279.3,1034.6,2998.1,661.1,1981.1,0.4989,1.8832,-1.0844,-3.2267
"PI_298023_LSP_AGL",45.7,41.3,47,46.7,49,38,47.7,41.5,553.3,1503.7,545.7,1535.7,672.8,1793.9,558.5,1581.5,904.4,2286.8,772.5,2002.5,998.7,2483.4,806.5,2077.5,10.0957,-0.1796,1.688,-1.919
"PI_298121_LSP_AGL",45,45.3,50.3,48,51,36,45.3,40,611.5,1381.9,578.6,1348.6,672.8,1505.3,635.5,1486.5,845.1,1808.1,776,1678,1049.3,2219.3,712.1,1540.1,6.6655,2.1553,3.0858,0.3932
"PI_298122_LSP_AGL",48.3,48,53,54.3,47.7,34,44.7,35.5,665.2,2010.7,675.3,2187.3,740,2184,683.4,2126.4,843.3,2395.8,686.6,1946.6,962.9,2695.7,687.5,1982.5,-4.0846,-0.6014,2.8762,0.3188
"PI_298357_LSP_AGL",46,42.7,47,45.7,48,35.7,47.7,42.3,553.3,1345.3,530.3,1330.3,692.9,1650.5,574.6,1458.6,904.4,2056.4,807.5,1882.5,998.7,2233.5,718.5,1654.5,15.1246,-2.7746,1.4885,0.1015
"PI_298631_LSP_AGL",50,51,54.7,58.3,47.3,NA,44.3,35,692.9,2120.9,732.6,2307.6,781.7,2276.9,763.5,2354.5,843.6,2373.6,641.1,1761.1,956.2,2665,0,0,0.6107,0.8832,-1.79,1.8469
"PI_298644_LSP_AGL",53.7,51.3,57.7,59.3,43.3,NA,41,NA,752.3,2331.8,751.9,2407.9,854.2,2537.8,749.5,2345.5,766.8,2205.9,0,0,876.4,2486.8,0,0,4.1292,-3.2103,0.9629,1.3964
"PI_298645_AGL",48,47.3,53,54,46,34,42.3,37,665.2,2229.1,675.3,2397.3,740,2412,677.5,2354.5,806.8,2531.1,724.7,2241.7,955.6,2920.2,670,2132,1.9102,0.5787,0.8579,2.4809
"PI_298921_AGL",48.7,46,50.7,48.3,47.3,35,46.3,40.7,611.5,3322.3,585,3357,740,3872,628.7,3508.7,881.6,4420.7,776.8,3933.8,962.9,4721.3,729.6,3689.6,-0.0266,-2.5941,-0.0506,-0.375
"PI_298922_LSP_AGL",48.7,46.3,53,52.3,48,36,44,38,662,2353,637,2477,725.3,2538.8,642.9,2418.9,843.3,2845.8,743.2,2491.2,962.9,3194.9,708.2,2436.2,-3.7343,-0.682,0.287,4.0472
"PI_298923_LSP_AGL",46,43.3,48.3,47,49.3,36.3,47.3,41,582.3,1800.3,588.6,1920.6,692.9,2079.9,594.3,1924.3,878.9,2514.5,792.2,2304.2,1013.6,2838.6,718.1,2086.1,15.3021,3.2429,-1.4772,2.9969
"PI_299116_LSP_AGL",46,44,48,47,47.7,37.3,46.7,39,574.4,1825.1,568.3,1933.3,692.9,2201.5,584,1978,884.1,2665.4,748.2,2308.2,982.2,2887.8,753.2,2311.2,-12.2278,-7.6627,-1.802,2.9892
"PI_299120_LSP_AGL",45.7,44.7,48,47.7,48.3,35.3,45,38.7,582.3,1464.3,568.3,1478.3,672.8,1649.6,598.1,1543.1,864.2,2023.4,732,1746,998.7,2292.3,719.9,1691.9,-10.2208,2.677,-1.7474,2.5483
"PI_299121_LSP_AGL",45.3,42,47.3,46.3,49.3,37.7,47.3,42,553.3,1734.7,552.1,1810.1,672.8,2052.9,560.7,1814.7,884.1,2566.7,792.2,2346.2,998.7,2826.4,753.8,2197.8,-5.3389,-0.3303,-0.6985,-0.0674
"PI_299126_LSP_AGL",44,40.3,46.7,44.3,48.3,39.3,45.7,41.7,533,2606.6,515.1,2592.1,665.3,3166.5,545.2,2753.2,864.9,3845.7,778.8,3592.8,999.6,4312,767.2,3458.2,-3.775,3.3522,0.332,0.3052
"PI_299163_LSP_AGL",49.3,46.3,50,51.5,48,NA,48.7,39,622.1,2689.3,620.4,2804.4,762.6,3091.4,642.9,2788.9,913.4,3579,759.7,2943.7,956.2,3682.6,0,0,6.1057,-0.0902,0.5912,1.6027
"PI_299164_LSP_AGL",44.7,46,49.7,48,52,35,47.3,39,605.7,2392.8,594.4,2444.4,665.3,2533.8,656.8,2632.8,898.1,3216.5,756.3,2756.3,1049.3,3675.3,712.1,2584.1,-4.8229,-4.3809,-0.5723,3.2984
"PI_299165_AGL",47.3,46.7,50,49.7,48,35.5,46.7,38.5,616.1,3091.4,596.3,3149.3,727.6,3515.6,642.9,3306.9,878.1,4022.4,765.5,3525.5,970.4,4316,708.2,3300.2,-3.1556,-1.4388,1.85,-0.0797
"PI_299177_LSP_AGL",46.7,46,48.7,48.3,50.7,36,47.3,NA,582.3,2612.3,594.4,2814.4,678.2,2916.7,642.9,2936.9,895.4,3679.4,0,0,1026,4111.5,729.6,3023.6,0.9864,0.3932,3.0567,-0.2878
"PI_299237_LSP_AGL",45.7,45.3,49,48,47,33.3,46.7,41,595.1,1708.1,585,1773,684.5,1949.9,635.5,1893.5,878.9,2373.5,793.5,2179.5,963.7,2528.8,657.7,1779.7,4.5812,0.4605,-1.1796,-1.2147
"PI_299289_AGL",49,48.3,52,50,47.7,33,47.7,42,660.4,1848.4,607.8,1785.8,774.3,2080.5,697.4,1977.4,896.4,2322,765.5,2005.5,962.9,2455.7,667.7,1755.7,8.6127,1.3117,1.5192,-1.2806
"PI_299312_AGL",49,49.7,54,55.7,48.3,NA,45.3,35,692.9,2364.5,701.4,2505.4,762.6,2464.1,719.4,2482.4,860.7,2691.5,688.1,2123.1,978.8,3012.3,0,0,14.5886,2.2097,-1.7608,3.2182
"PI_299345_AGL",49.7,47,54.3,53,45.7,34.5,42,NA,692.9,3322.1,664.8,3352.8,762.6,3431.7,677.5,3290.5,790.8,3420,0,0,923.7,3918.3,690.7,3035.7,5.0182,-0.4813,1.3956,3.2899
"PI_299351_LSP_AGL",45,45.3,49,49.7,47.7,34.7,41.3,38,595.1,1869.1,605.7,2049.7,672.8,2082.5,635.5,2078.5,781,2309.8,728.3,2172.3,982.9,2811.7,696.4,2061.4,-1.3142,2.1297,-5.3106,-3.1861
"PI_299366_LSP_AGL",50,44.3,52.7,47.3,46,37,42.3,42,649.8,4092.6,568.3,3823.3,781.7,4733.9,598.1,3958.1,806.8,4702.6,811.8,4810.8,940.3,5363,753,4401,-4.2062,0.2167,0.7922,3.3442
"PI_299375_LSP_AGL",46,45.3,50,50.3,52.7,NA,48.3,NA,616.1,2688.1,617.1,2879.1,692.9,2912.1,635.5,2855.5,913.4,3657.4,0,0,1062.2,4157.4,0,0,-2.2387,0.8168,-2.7782,2.9962
"PI_300250_LSP_AGL",45.7,45.7,50,48,46,35.3,41,37,601.5,2702.7,578.6,2818.6,672.8,3055.6,621.5,2997.5,783.2,3378.8,712.2,3144.2,941.3,3903.7,712.1,3088.1,1.3642,0.9133,1.2683,1.811
"PI_302398_LSP_AGL",44.7,42.3,45.7,45.3,46.7,36.3,45.3,38,514.8,1736.2,530.3,1842.3,653.6,2133.2,560.7,1946.7,863.5,2675.9,698.3,2256.3,960.5,2892.2,718.5,2230.5,-19.2535,1.7749,-1.9819,0.7709
"PI_308614_LSP_AGL",47.3,46.3,52.3,51.7,43.7,34.3,41.7,32.5,646.5,3181,605,3195,715.9,3496.6,642.9,3343.9,787.6,3664.6,660.1,3040.1,898.1,4035.3,675.1,3157.1,-0.563,0.1513,-0.1676,1.6379
"PI_311107_LSP_AGL",49.3,46.7,52.3,53,45.3,NA,41.7,37,639.8,3077,649,3449,747.9,3563.9,628.7,3220.7,787.6,3631,724.9,3314.9,908.9,4076.9,0,0,-3.6648,-0.2072,1.8539,2.0766
"PI_312175_LSP_AGL",48.7,48.3,55.7,56,49.3,32,48.3,34,711,2620.2,705.7,2729.7,740,2596,683.4,2555.4,916.7,3092.3,688.1,2298.1,994.9,3314.9,634.5,2170.5,3.6138,2.1956,-1.1988,-1.4526
"PI_320935_LSP_AGL",43.7,42,45.3,45,51.3,39.3,47,42.3,514.8,1792,557.1,2027.1,636.8,2148.8,560.7,2012.7,883.2,2819.6,803.1,2609.1,1049.5,3295.9,789,2549,-7.4119,4.7666,1.0392,-3.6465
"PI_320936_LSP_AGL",48.3,46.3,52,52.3,46,35.7,46,35.3,649.8,1611.2,637,1677,740,1796,656.8,1682.8,879,2068.1,687.7,1597.7,931.4,2145.8,708.2,1680.2,5.5413,-5.3696,-0.2684,1.1276
"PI_320937_LSP_AGL",52.7,51.7,59,59.3,46,NA,45,31,779.4,1611.9,767.7,1679.7,830.9,1703.9,749.5,1589.5,854.3,1705.3,603.5,1173.5,915.8,1808.2,0,0,8.5587,-3.6796,5.8398,1.6492
"CN_105866_AGL",51,49,55.7,54.3,45,NA,39,34,700.4,2734,675.3,2817.3,797.1,3020.2,705.4,2825.4,737,2671.4,669,2403,921.2,3299.4,0,0,0.5412,1.5163,5.4126,3.4306
"PI_320941_LSP_AGL",45,44.3,49,50,47.7,NA,45.7,39,591.8,2206.8,607.8,2469.8,672.8,2511.7,612,2448,859.8,3044.8,783.8,2792.8,982.9,3368.5,0,0,-0.0734,0.0479,-0.943,-3.1563
"PI_320945_LSP_AGL",46.7,46.7,51.7,51.3,47.3,35,43.7,38,626.2,3139,629.8,3509.8,692.9,3455.5,642.9,3417.9,827.1,3898.3,723.8,3387.8,978.6,4468.2,708.2,3408.2,-2.5774,3.0554,2.6451,0.8041
"PI_320946_LSP_AGL",44,42.7,48,48,48,33.3,43.3,38,588.3,3324.3,569.6,3221.6,665.3,3592,560.7,3233.7,824.9,4168.9,732,3774,999.6,4875.5,682.3,3436.3,-10.0374,-2.2568,-1.1824,1.9032
"PI_320952_LSP_AGL",54.7,53.7,60.3,61.7,46,NA,44.7,NA,784.5,2034.1,787.2,2150.2,850.4,2182.4,788.3,2108.3,839.9,2117.9,0,0,909.8,2271.4,0,0,14.8797,-3.9786,1.6762,-0.753
"PI_320953_LSP_AGL",52,51.3,58.3,59.3,46,NA,46,33,759.6,2311.9,758.3,2497.3,819.2,2478,749.5,2387.5,854.3,2514.9,621.8,1768.8,937.8,2709.7,0,0,4.9804,-4.1757,2.3568,-4.5451
"PI_320954_LSP_AGL",50.7,49,54,54.7,45.3,33,42.7,32.7,686.9,2060.4,668.8,2062.8,781.7,2251.7,705.4,2145.4,807.9,2248.4,649.4,1771.4,921.2,2531.2,667.7,1891.7,0.1073,0.8342,0.8686,0.8332
"PI_329157_LSP_AGL",44,43.3,47,46.7,53,38,48.7,42,574.4,1791.2,545.7,1700.7,653.6,1931.6,580.3,1838.3,923.6,2579.8,828,2368,1066.1,2947.6,753.2,2159.2,11.2658,0.365,-1.3167,0.0567
"PI_329167_LSP_AGL",45.3,45,46.7,49,49.3,35.7,51,40.5,543.6,1720,589.9,1885.9,684.5,2060.1,635.5,2004.5,960.1,2724.7,759.3,2199.3,998.7,2772.5,719.9,2051.9,14.3633,2.2553,-5.3614,3.0219
"PI_339266_LSP_AGL",44.7,41.3,46,43,49.3,39,48.3,46,554.1,1481.6,528,1419,665.3,1697.6,544.6,1472.6,922.7,2221.2,869.5,2138.5,1017.9,2412.9,773.4,1904.4,3.3166,-2.9337,1.6311,1.9739
"PI_339283_LSP_AGL",45,44.3,50.3,50,50,35.3,44.3,35,601.5,3209.3,601.3,3524.3,658.1,3530.9,598.1,3468.1,825.9,4200.7,684.2,3528.2,1032.7,5102.5,700.3,3570.3,-4.937,-2.7816,-1.4884,1.3667
"PI_339285_AGL",46.3,45.3,51,48.7,47,32.7,43.7,37.7,619.5,2905,594.4,3073.4,678.2,3197.9,621.5,3141.5,825.9,3699.1,715.3,3261.3,962.1,4162.8,657.7,2967.7,1.1988,0.8436,0.4476,1.2808
"PI_339289_LSP_AGL",44.7,41,46.3,45,50,39.3,49.7,41,533,1601.8,546.1,1736.1,653.6,1917.2,558.5,1746.5,940.1,2610.1,759,2194,1017.9,2772.9,786.7,2226.7,1.6716,-1.915,2.1348,-2.449
"PI_339292_LSP_AGL",45,42,48.3,46.3,51,33,48.7,40,582.3,1628.8,561.5,1646.5,672.8,1834.6,574.6,1662.6,915.4,2380.5,748.2,1988.2,1049.3,2682.1,679.5,1767.5,14.2776,1.1683,1.586,-1.9788
"PI_339296_AGL",44.3,40,47.3,46.3,51.7,38,50.3,40,553.3,1295.8,581.8,1432.8,653.6,1510.4,545.2,1345.2,939.8,2064.8,748.2,1668.2,1049.3,2286.9,764.7,1739.7,-2.9001,0.4483,1.0671,-4.5914
"PI_343026_LSP_AGL",45,44.3,48.3,47.7,49.7,34.5,46.3,39.3,574.4,1521.5,568.3,1618.3,672.8,1786.5,598.1,1683.1,859.8,2180,756.3,1956.3,1017.9,2522.9,681.1,1735.1,4.2159,0.7989,2.2558,-1.0302
"PI_345627_LSP_AGL",53,52,56.3,59,45,NA,41.7,NA,741.3,2253.3,758.3,2403.3,854.2,2464.2,784,2368,788.3,2199.5,0,0,915.8,2525.8,0,0,6.1876,-0.4734,-1.0902,1.002
"PI_358602_LSP_AGL",49.7,46.3,52.3,53,48.3,35,47.3,34,660.4,1964.4,655.4,2049.4,762.6,2164.8,656.8,1986.8,876.1,2408.3,687.7,1877.7,972.3,2648.1,708.2,1968.2,1.2549,-2.4069,2.263,3.4678
"PI_368647_LSP_AGL",48.7,47.3,51,53,49.3,36,42.3,36,634.1,2214.9,649,2369,740,2480,677.5,2432.5,806,2594.8,724.9,2315.9,994.9,3169.9,687.5,2262.5,0.5757,0.5649,5.4046,2.3881
"PI_368651_LSP_AGL",51,47.7,52.7,53,46,NA,46,38,654.4,2050.6,655.4,2172.4,797.1,2409.6,663.6,2145.6,858.7,2505.5,743.2,2149.2,937.1,2699.6,0,0,0.021,-0.1623,3.9896,-1.5175
"PI_370481_LSP_AGL",49.3,46.7,54,53.3,43.3,35,39.7,35.5,703.4,3309.2,685.1,3413.1,762.6,3345.6,656.8,3126.8,752.3,3176.3,706.4,2938.4,873.8,3582.8,708.2,3048.2,7.9391,2.3955,2.3177,-4.0062
"PI_374116_LSP_AGL",48,48.3,52.3,54.3,47,33.7,44,36,649.8,1892.4,684.6,2146.6,751.7,2153.9,697.4,2097.4,823.3,2262.1,669,1825,955.6,2563,667.7,1857.7,-7.6655,-1.2972,-1.4363,2.9437
"PI_374117_LSP_AGL",44,43,47,48,48,38,47.7,36.3,574.4,2385.2,578.6,2398.6,653.6,2547.2,594.3,2484.3,904.4,3318.8,690.2,2614.2,999.6,3577,772.9,2878.9,-1.0516,-1.5476,1.1615,-1.2597
"PI_374118_AGL",44,44.3,46.7,47.7,46.3,33.3,42.7,36.7,554.1,2864.1,568.3,2948.3,653.6,3130.4,598.1,3083.1,806.8,3644.8,690.2,3206.2,956.9,4190.5,661.1,3004.1,-1.5786,-1.9317,-0.9714,1.9421
"PI_374120_LSP_AGL",48,49,54,56.7,49.3,NA,42.3,32.5,682.3,2950.3,715,3325,751.7,3170.7,719.4,3179.4,807.9,3246,638.6,2494.6,1002.9,3952.9,0,0,-3.7013,-1.2336,-1.0078,-1.1189
"PI_374121_AGL",45.3,45.7,49.7,50.7,48.7,34.5,44.3,37.3,605.7,2093.1,601.3,2118.3,672.8,2223.1,635.5,2226.5,842.4,2651.4,736.5,2294.5,998.7,3051.8,696.4,2201.4,1.7442,-1.6698,-2.0987,2.0658
"PI_379368_LSP_AGL",45.7,46,48.7,50,50.3,33,46.3,37,598.8,2308.2,607.8,2431.8,684.5,2516.1,642.9,2492.9,878.9,3050.3,728.3,2552.3,1030.1,3488.3,676.9,2376.9,2.209,0.149,-3.3506,1.5277
"PI_383682_LSP_AGL",47.7,44.7,48.7,48.3,47,35.7,49.7,39.5,567.7,1930.9,585,2169,701.2,2396,612,2268,930.8,3060.8,739.6,2455.6,955.6,3051.8,719.9,2375.9,15.0689,-0.1489,-0.0121,0.0521
"PI_420818_AGL",49.3,46,50.7,51.7,46,34.7,42.7,37.5,622.1,3358.1,620.4,3506.4,762.6,3833.5,656.8,3582.8,806,3902,741.4,3553.4,923.7,4369.1,696.4,3391.4,-4.5072,-1.0719,-0.9803,2.7268
"PI_420924_LSP_AGL",45,44.3,48.3,47.7,49,34.7,43,38.5,582.3,3382.3,577.7,3529.7,684.5,3846.1,612,3672,800.5,4240.5,732,3930,1017.9,5177.9,700.3,3675.3,5.0548,0.5527,1.7644,-1.6465
"PI_420925_LSP_AGL",47.3,45.7,50.3,48,44.3,30,42,34,608.3,4381.3,585,4581,715.9,5080,621.5,4761.5,786.4,5314,646.2,4531.2,898.1,5821.7,602.6,4052.6,0.0048,0.4861,0.1494,0.0061
"PI_420929_LSP_AGL",46.3,45.7,50,50.3,43.3,33.3,43.3,32.7,616.1,3568.7,607.8,3723.8,692.9,3843.1,621.5,3681.5,822.4,4333.6,627.3,3333.3,881.6,4446.3,676.9,3566.9,5.1031,1.3965,1.7741,1.3028
"PI_426202_LSP_AGL",47.3,45.7,49.7,48,46,35,44.3,37.3,595.1,2271.6,578.6,2293.6,715.9,2669.8,621.5,2457.5,842.4,2997.9,712.2,2574.2,939.1,3243.7,696.4,2481.4,0.0622,1.9922,-1.208,-0.2504
"PI_426778_LSP_AGL",48,45.3,49,49.3,48.7,36,48,38,562.4,1712.5,596.3,2002.3,725.3,2242.4,621.5,2061.5,915.4,2733.3,704,2110,987,2893.1,712.1,2152.1,-5.2566,-0.4426,-1.2397,-0.5081
"PI_426784_LSP_AGL",45.7,40.3,46,46.3,43.3,33.3,46.3,34.5,523,1405,536.7,1496.7,658.1,1759.7,531.2,1492.2,883.2,2265,662.4,1742.4,901.8,2248.2,656,1679,NA,NA,NA,NA
"PI_426797_LSP_AGL",43.7,40.3,46,44.3,46.3,35,45,36.3,523,1609,521.6,1705.6,636.8,1959.8,517.1,1687.1,863.5,2528.7,655,1987,956.9,2733.5,692.9,2057.9,-15.7412,0.0738,1.3147,1.7121
"PI_426807_LSP_AGL",44.7,42,48,45.7,48.7,34.7,46,37.3,574.4,2551.1,536.8,2582.8,638.9,2826.4,546.6,2594.6,884.1,3699.4,698.3,3054.3,1001.4,4063.9,698.4,2938.4,-11.5905,-6.4901,1.0247,-1.5962
"PI_431618_LSP_AGL",46.7,44.3,47.7,49,48,36.5,48.7,41,557.9,1530.3,605.7,1745.7,692.9,1832.9,612,1728,919.8,2321.2,776.8,2006.8,978.6,2418.6,719.9,1835.9,1.7031,1.6712,-1.3049,0.0071
"PI_431622_LSP_AGL",47.3,45,49.3,52,47.3,33.7,41.3,34.3,595.1,2180.6,637,2517,701.2,2502.4,635.5,2448.5,763.6,2620.9,679.9,2324.9,955.6,3183.4,681.1,2347.1,-4.6759,1.4945,-2.6314,-1.53
"PI_431630_LSP_AGL",46,44.7,48.7,48.7,47.3,36,45.7,39.3,582.3,2328.8,585,2421,692.9,2676.5,598.1,2488.1,859.8,3155.2,759.3,2799.3,982.2,3487.8,719.9,2663.9,-2.69,-1.5147,0.407,-2.4931
"PI_431633_LSP_AGL",44.7,44.7,47.3,47.3,50.7,35.5,48,43,574.4,1614.8,568.3,1618.3,665.3,1790.1,612,1728,903.3,2290.5,793.5,2053.5,1032.7,2583.1,735.5,1882.5,12.1137,1.2226,2.6073,0.2225
"PI_431636_LSP_AGL",45,42.7,46.3,47.3,49,38,47.7,39.3,543.6,1822,577.7,1981.7,672.8,2130.6,574.6,1968.6,904.4,2709.2,732,2253,1017.9,2987.9,757.3,2315.3,8.6709,2.7621,-0.0602,0.6582
"PI_431643_LSP_AGL",45.7,42,46.7,45.3,48.3,36.3,49.7,42,523,1516,546.1,1702.1,672.8,1956.7,560.7,1748.7,940.1,2595.1,807.5,2269.5,998.7,2699,734.6,2066.6,11.5335,-0.505,-0.7723,-3.0935
"PI_431662_LSP_AGL",46.3,44.7,49,50,48,32.7,45,35.3,595.1,1865.6,601.3,1970.3,692.9,2136.9,598.1,1963.1,859.8,2529.6,684.2,2016.2,978.6,2802.6,661.1,1948.1,3.6871,2.863,-0.3113,-4.3192
"PI_431663_LSP_AGL",46,44.3,48.7,48,46,34.7,45.3,37,574.4,1828.4,585,1989,704.6,2256.8,612,2088,859.8,2607.8,732,2253,963.7,2834.3,700.3,2135.3,-5.4593,2.1711,-2.9709,-5.0549
"PI_431679_LSP_AGL",46.7,46.7,51.3,53,46.7,35,43,35,619.5,1571.5,675.7,1879.7,678.2,1736.4,642.9,1752.9,808,1977.6,687.7,1667.7,962.1,2306.3,708.2,1788.2,4.0757,3.6937,0.7929,-2.356
"PI_431684_LSP_AGL",45.3,44.7,48,49,50,36.5,46.3,38,574.4,1887.8,589.9,2065.9,658.1,2159.3,598.1,2103.1,884.1,2754.7,739.6,2338.6,1013.6,3098.6,735.5,2326.5,-5.2883,-1.8309,1.2824,-5.4427
"PI_431705_LSP_AGL",46.3,46,49.7,48,47.7,34.3,41,38,595.1,1830.6,585,1881,692.9,2098.9,656.8,2100.8,763.6,2210.9,756.3,2196.3,978.6,2754.6,696.4,2026.4,-7.5129,5.346,-1.578,-3.6213
"PI_431710_LSP_AGL",44,44.3,49,50.3,46.3,34,43.3,37.3,595.1,1753.6,617.1,1943.1,653.6,1902.8,612,1908,820.3,2276.7,716.9,1974.9,956.9,2587.8,681.1,1905.1,-2.967,1.524,1.3922,-4.7316
"PI_431714_LSP_AGL",45,45.7,49,51,49.7,30.7,47,37.3,605.7,2056.1,620.4,2180.4,684.5,2242.5,621.5,2133.5,895.4,2777,736.5,2256.5,1017.9,3067.9,621.4,1923.4,3.41,2.5776,-2.4786,-4.5445
"PI_431717_LSP_AGL",44.7,44,49,50.3,48.7,33,44.3,34,595.1,1914.6,617.1,2138.1,653.6,2075.6,612,2088,839.8,2536.3,672.7,2037.7,1001.4,2936.9,678.8,2072.8,-3.8039,-5.2787,1.3909,-4.4293
"PI_431728_LSP_AGL",46,45,48.7,50.3,46.7,32,43.7,34.5,582.3,1618.3,607.8,1785.8,692.9,1874.7,635.5,1819.5,820.3,2122.7,692.6,1808.6,963.7,2425.4,661.1,1717.1,-1.335,3.4708,-2.8687,-3.0374
"PI_431731_LSP_AGL",47.7,44.7,48.7,50,48,32,46,35,577.7,1883.3,617.1,2177.1,715.9,2279.8,612,2088,859.8,2626.2,704,2184,970.4,2895.2,644.9,1956.9,-0.18,-2.8161,-3.6265,-3.7694
"PI_431739_LSP_AGL",46,44.3,48.3,47.7,46.7,33.3,47,38.7,582.3,1646.3,588.6,1735.6,678.2,1858.5,612,1800,878.9,2307.7,732,1941,963.7,2463,661.1,1750.1,7.6882,1.7252,-3.7986,-2.9048
"PI_431753_LSP_AGL",44.7,45,47.3,48,47,33,43.7,35,563.9,1718.9,585,1809,653.6,1902.8,635.5,1967.5,824.9,2276.9,690.2,1948.2,960.5,2591.4,681.1,1905.1,-1.5278,-2.0291,-3.5571,-3.2871
"PI_431756_LSP_AGL",44.7,44.3,49.3,49.3,48.7,31.3,43,35.7,595.1,1970.6,605.7,2163.7,653.6,2136.8,598.1,2068.1,802.9,2492.8,684.2,2160.2,1001.4,3020.2,626,1928,-1.7203,0.3111,-2.1379,-1.8217
"PI_431809_LSP_AGL",45.7,42,47,47.5,49,37.7,45.7,36.5,557.9,1781.9,561.9,1819.9,672.8,2071.4,560.7,1847.7,864.9,2520.9,690.2,2059.2,998.7,2850.9,753.8,2235.8,-5.8974,-5.3207,-1.6828,-3.7762
"PI_431824_LSP_AGL",45.7,42,46.7,45.3,51,40,49.3,40,533,1758.6,530.3,1810.3,672.8,2160.2,574.6,1968.6,940.1,2855.1,743.7,2343.7,1030.1,3080.3,806.5,2487.5,3.2691,-5.7392,-2.6121,0.4506
"PI_431863_LSP_AGL",48.7,46.3,50,50.7,46,33.3,42.3,35.3,616.1,1974,628.1,2148.1,740,2272,656.8,2138.8,802.9,2381,692.6,2060.6,931.4,2693.2,655.5,1942.5,-4.8045,4.3247,-3.7445,-2.619
"PI_431873_LSP_AGL",43.7,45,50,48.7,51.3,36.5,45.7,39.3,608.3,2249.8,594.4,2370.4,622.1,2291.5,635.5,2522.5,861.5,3018.9,759.3,2679.3,1049.5,3602.7,753,2691,-10.9236,0.6896,-2.5417,-0.7837
"PI_431884_LSP_AGL",44.7,42,46.7,45.7,50.7,35,50.3,43.7,533,1669,546.1,1804.1,653.6,1996.4,574.6,1866.6,960.1,2770.6,825.1,2453.1,1032.7,2935,714.6,2082.6,4.7676,-0.2211,-4.074,-1.3232
"PI_431888_LSP_AGL",48.3,43,47.3,49.3,49,37.7,49.7,36,563.9,2135.4,589.9,2245.9,740,2620,580.3,2212.3,939.8,3184.8,728.3,2476.3,978.8,3281.8,757.3,2581.3,-0.0671,-1.4632,2.9014,-3.6936
"PI_431923_LSP_AGL",47,46,49.7,52.7,46,36,45.3,35.7,605.7,2433.5,637,2677,715.9,2728.3,642.9,2603.9,861.5,3133.9,707.3,2543.3,962.1,3387.3,729.6,2690.6,-1.4031,-0.202,1.1579,-1.7691
"PI_431980_LSP_AGL",45.7,42.7,47,46.7,49,37,48,42,574.4,1676,561.5,1681.5,672.8,1860.5,574.6,1696.6,923.6,2423,828,2236,998.7,2571.6,737.7,1958.7,20.1881,0.9309,0.3634,0.8943
"PI_432000_LSP_AGL",46,42.7,48.3,47,46.3,38,46,39,577.7,2097.5,577.7,2233.7,692.9,2471.3,560.7,2144.7,859.8,2916,772.5,2658.5,963.7,3163.3,757.3,2581.3,-3.9841,-1.7039,1.11,-3.8257
"PI_432001_LSP_AGL",44.3,45.3,48.3,47,51,36,49.7,39,588.3,2085.9,577.7,2125.7,653.6,2223.2,621.5,2241.5,930.8,3010.8,792.2,2598.2,1032.7,3256.3,696.4,2271.4,11.7415,1.3111,-1.1774,-3.7345
"PI_432002_LSP_AGL",47,44.7,49.3,49.7,47.7,35.3,43,38,605.7,2452,605.7,2543.7,715.9,2747.8,612,2556,802.9,2948.6,704,2591,978.6,3479.4,719.9,2663.9,0.9901,0.8353,0.0501,-4.8866
"PI_432005_LSP_AGL",46.3,45,47.3,47.7,51.7,36,48.7,40,557.9,2176.3,561.9,2227.9,692.9,2581.5,621.5,2457.5,919.8,3252.2,732,2643,1042,3626.4,753,2691,2.1595,-0.3521,0.7794,-0.659
"PI_432028_LSP_AGL",46.7,46,49.7,50.7,46.3,32,41.3,34,595.1,1921.6,617.1,2138.1,692.9,2201.5,656.8,2214.8,783.2,2375,692.6,2096.6,962.1,2828,657.7,2010.7,-4.4376,0.9472,-0.3838,-2.3342
"PI_432033_LSP_AGL",46.7,45,48.3,50.7,46,32.3,42.3,38,577.7,1597.7,617.1,1826.1,692.9,1889.9,621.5,1773.5,781,2041,736.5,1914.5,943.5,2392.5,661.1,1717.1,-6.4929,-3.0758,-5.69,-2.5977
"PI_432085_LSP_AGL",43.5,42.7,44.7,46,50,36.3,49.7,39.7,503.6,2146.6,545.7,2360.7,636.8,2572.3,574.6,2512.6,938.5,3588.5,743.7,2943.7,1018.2,3783.2,737.7,2846.7,11.7056,0.4347,-1.5833,-0.9336
"PI_432106_LSP_AGL",46.3,44.7,49,48.7,50.3,37,47.7,42,595.1,1862.1,594.4,1963.4,704.6,2186.6,612,2016,895.4,2633,795.2,2349.2,1010,2910,735.5,2178.5,6.7181,3.6668,-2.4321,1.6816
"PI_432124_LSP_AGL",44.3,42,46.3,47.7,47.7,33.7,47,37.3,533,1707.4,568.3,1898.3,653.6,2039.6,560.7,1880.7,884.5,2609.4,712.2,2156.2,982.9,2830.9,679.5,2039.5,-3.6099,3.1298,-0.1856,-4.7443
"PI_432145_LSP_AGL",46,45,50,53.3,47.3,31.7,44,33,601.5,1828.9,649,2129,704.6,2182.7,635.5,2078.5,842.4,2466.9,644.9,1865.9,982.2,2801.4,644.9,1892.9,-0.1405,3.8282,-2.8654,-4.1865
"PI_432147_LSP_AGL",45.7,45.3,48.7,49.3,49,33.7,44,38,577.7,1577.3,605.7,1745.7,672.8,1816.1,635.5,1819.5,820.3,2113.9,728.3,1868.3,998.7,2512.8,676.9,1764.9,-2.2609,2.5171,-0.1119,-4.5124
"PI_432184_LSP_AGL",43.7,41.3,46.7,46,51.7,37,51.3,42,543.6,1706.4,561.5,1786.5,636.8,1893.3,558.5,1779.5,975.5,2753.9,807.5,2312.5,1049.5,2916.3,734.6,2103.6,5.1199,1.3435,-1.5626,0.1314
"PI_432188_LSP_AGL",45.3,42.7,47,46.3,49.7,36.3,46.7,42.5,550.1,1503.7,552.1,1606.1,672.8,1830.9,560.7,1616.7,884.5,2285.1,792.2,2094.2,1013.6,2578.6,737.7,1921.7,-2.8573,-1.1663,0.2082,-1.3055
"PI_432190_LSP_AGL",48.7,46.7,52,54,46,NA,44,35,660.4,1848.4,684.6,2017.6,751.7,2026.8,656.8,1872.8,843.6,2180.1,706.4,1822.4,931.4,2362,0,0,-2.2914,-1.5819,0.3781,-0.0918
"PI_432201_LSP_AGL",45,46,50.7,52,51,34.7,48.3,38,608.3,1570.8,630.5,1722.5,672.8,1742.1,642.9,1752.9,914.4,2261.9,759.7,1851.7,1049.3,2552.1,696.4,1746.4,-2.9508,0.8586,1.48,-1.8536
"PI_432212_LSP_AGL",45,45.3,49.3,48.3,48,30.3,43.7,39,574.8,1701.2,585,1881,658.1,1990.1,621.5,1989.5,822.4,2371.2,739.6,2143.6,1001.4,2814.4,602.6,1742.6,1.7209,-1.34,-1.0708,-4.1382
"PI_432236_LSP_AGL",44,44.7,51.3,49.3,51,31.7,40.3,35.5,619.5,1886.5,589.9,1921.9,638.9,1965.4,598.1,1963.1,748.7,2196.7,684.2,2016.2,1034.6,2967.5,644.9,1892.9,-1.6645,-2.3062,0.9068,-1.6972
"PI_432245_LSP_AGL",44.5,42,46.7,44.7,49.5,34.3,46.3,40.5,537.6,1623.3,541.9,1697.9,653.6,1895.6,560.7,1748.7,884.5,2430.8,759,2153,1032.7,2792.2,698.4,1958.4,5.3612,2.4141,1.5608,-0.0248
"PI_432271_LSP_AGL",50.7,50,54.3,55.3,46.7,34,48,35,679,1611.1,692.1,1767.1,767,1796.1,741.8,1833.8,899.6,2046.8,688.1,1563.1,937.1,2116.8,645.6,1503.6,2.4755,-1.2493,2.906,0.5512
"PI_432286_LSP_AGL",49.7,47.7,54.3,52.7,45,32,42,35.5,682.3,2794.3,630.5,2736.5,762.6,3017.6,677.5,2861.5,790.8,3008.4,707.3,2651.3,908.9,3383.9,687.5,2647.5,-0.1443,1.4399,1.5035,0.8741
"PI_451763_LSP_AGL",44.7,43,47.3,46,52.3,38.5,47.7,43,553.3,1094.5,561.5,1156.5,665.3,1305.4,594.3,1224.3,903.3,1690.5,807.5,1538.5,1065.3,1982.2,772.9,1474.9,1.801,3.942,-0.8966,-0.31
"PI_458503_LSP_AGL",46,45.3,49,49,46.7,36.7,45.7,39.5,595.1,2205.1,589.9,2281.9,692.9,2520.7,621.5,2385.5,859.8,2975.8,739.6,2572.6,963.7,3224.4,729.6,2542.6,-13.5147,0.9692,-1.8171,2.0296
"PI_468900_LSP_AGL",48.3,45.7,52.7,51.7,49,34.7,46.7,36.3,649.8,2530.8,629.8,2669.8,740,2804,621.5,2529.5,876.1,3202.6,723.8,2610.8,978.8,3507.2,696.4,2551.4,2.2746,-0.2409,2.1502,-0.0148
"PI_468901_AGL",52.5,51.7,57.3,60.3,44.5,31,41,29.5,746.3,2563.5,775.1,2749.1,819.2,2711.2,749.5,2597.5,766.8,2460.1,598.6,1858.6,899.7,2834.7,601.5,1965.5,11.3157,-1.9307,-0.0466,1.0038
"PI_468902_LSP_AGL",45.3,45.3,49,47.7,50.7,36,47,42.5,605.7,1982.1,577.7,1945.7,672.8,2112.1,635.5,2115.5,895.4,2681,811.8,2445.8,1030.1,3014,712.1,2152.1,4.6246,1.3536,-2.0188,2.2996
"PI_472136_LSP_AGL",45.3,40.3,44.7,43.3,47,34,46.7,37.5,499,1117,517,1189,672.8,1472,531.2,1213.2,879.2,1847.4,668.9,1445.9,963.7,1978.9,674,1422,-9.3332,3.024,1.7455,0.578
"PI_472205_LSP_AGL",44.3,41,44.7,44.3,48,35,46,39.3,499,934,515.1,980.1,653.6,1200.8,544.6,1056.6,859.7,1526.7,713.5,1298.5,982.9,1712.5,692.9,1252.9,-10.847,2.8878,0.5851,0.5956
"PI_472213_LSP_AGL",44,43,48.7,47.3,50,37.5,48.3,39.5,577.7,1675.9,568.3,1723.3,653.6,1874,594.3,1819.3,915.4,2498.1,732,2019,1034.6,2763.5,772.9,2137.9,-3.1742,0.0137,-0.1713,-1.1422
"PI_472327_LSP_AGL",43.3,39,45.3,44,45.3,34.7,48.7,39.3,504.7,1366,515.1,1476.1,636.8,1721.8,514.5,1474.5,922.7,2378,727.4,1967.4,922.2,2317.2,693.2,1813.2,-9.5415,4.5943,0.8675,0.4834
"PI_472380_LSP_AGL",44,39.7,46,44,46.7,35.3,48,38.3,523,1240,506.1,1256.1,638.9,1513.9,514.5,1294.5,922.7,2093.8,706.9,1681.9,956.9,2131.9,709.6,1645.6,-13.8299,-0.2684,1.2173,1.8974
"PI_472416_LSP_AGL",43.3,42,48.7,46,48.7,32.3,44.3,37.7,567.7,1972.5,545.7,2030.7,622.1,2179.3,560.7,2111.7,839.8,2815.3,698.3,2408.3,999.6,3243.8,660.7,2211.7,-3.8507,0.2669,1.7024,-0.629
"PI_472488_LSP_AGL",43,41.7,45,44.3,47.3,32.7,47.7,36.7,514.8,1593.6,515.1,1631.1,622.1,1852.9,530.4,1677.4,899,2569.4,674.1,2006.1,976.4,2714,660.7,1881.7,-8.5279,0.5626,1.1921,-0.4238
"PI_472559_LSP_AGL",43.3,41.7,47.7,43.3,46,33.3,45.7,39,543.3,2000.3,492.2,1884.2,622.1,2288.1,544.6,2144.6,864.2,3026.2,706.9,2578.9,937.7,3191.7,679.5,2379.5,-8.0371,4.3326,2.7782,1.3198
"PI_472561_LSP_AGL",43.3,41.7,46.7,45.7,45.3,33.3,45,36,523,1702,536.8,1856.8,636.8,2071.8,544.6,1888.6,845.2,2613.7,677.8,2157.8,922.2,2767.2,679.5,2107.5,-11.0223,1.6135,1.131,0.8923
"PI_472569_LSP_AGL",44,42,47,43.5,47.3,33,45.7,37.5,543.3,1572.5,492.2,1478.2,653.6,1899.2,546.6,1698.6,864.9,2392.1,706.9,2032.9,977.2,2638,679.5,1903.5,-13.3714,2.4186,0.0913,1.7085
"PI_472588_LSP_AGL",46.3,44.7,50.3,49.7,49.7,37.3,44.3,37,611.5,1857.1,596.3,1928.3,692.9,2068.5,598.1,1893.1,825.9,2348.3,704,2036,1010,2820,753,2159,9.6858,-1.3798,1.0119,0.0909
"PI_472590_LSP_AGL",43.7,43.7,47,48,49,33,44.7,37.7,563.9,2397.9,578.6,2468.6,636.8,2554.8,594.3,2554.3,845.2,3203.2,712.2,2764.2,999.6,3684.8,662.6,2510.6,-7.5581,1.4156,-6.1907,0.0717
"PI_472615_LSP_AGL",44,41,45.3,45.7,45.7,35.7,47.3,36.7,514.8,1835.4,530.3,1938.3,653.6,2252,544.6,2016.6,883.2,2885.4,677.8,2305.8,937.7,2980.1,711.7,2367.7,0.1347,0.2395,0.4802,3.6031
"PI_472629_LSP_AGL",43.3,42,46.7,46.3,50,38,44.7,39,543.6,1427.6,561.5,1506.5,636.8,1595.8,574.6,1526.6,845.2,2015.2,728.4,1781.4,1018.2,2388.2,773.4,1865.4,-5.1359,-2.3416,-4.7129,1.2754
"PI_477921_LSP_AGL",44,43.7,46.7,47.3,54,36,54,41,554.1,963.6,568.3,988.3,665.3,1124.1,594.3,1049.3,1010.4,1642.2,756.3,1236.3,1098.1,1780.1,737.6,1218.6,3.3884,-8.3252,-1.4144,0.4366
"PI_490288_LSP_AGL",48.3,48,52,54.7,48.3,34,47.3,32,649.8,1706.2,675.3,1893.3,740,1908,697.4,1897.4,896.4,2230.8,625,1553,962.9,2364.5,687.5,1737.5,-3.5876,0.3048,-2.7096,5.5101
"PI_490289_LSP_AGL",45,45.7,48.3,48.3,47.3,33.7,44,40,582.3,2160.8,585,2241,684.5,2478.1,621.5,2385.5,820.3,2804.7,759.3,2599.3,982.9,3248.5,676.9,2342.9,-3.2804,-1.2164,1.9057,2.3501
"PI_508090_AGL",44.7,43.3,48,46.3,52,38,49.3,42,577.7,1339.3,572.4,1400.4,653.6,1503.2,594.3,1434.3,939.8,2059.8,772.5,1715.5,1049.3,2276.5,753.2,1665.2,-2.2858,-5.2475,1.171,-1.609
"PI_518733_LSP_AGL",52,52.3,57.3,59.3,44,29,42.7,29,752.3,2151.8,758.3,2262.3,819.2,2244.8,770.1,2189.1,801.7,2139,621.8,1613.8,905.8,2363.8,581,1571,5.6281,-0.7665,-0.0568,0.9152
"PI_518734_LSP_AGL",52,52.7,58.3,60.3,44,29.5,44.3,31,759.6,2204.4,781.5,2461.5,819.2,2359.2,770.1,2318.1,819,2297.4,634.2,1754.2,905.8,2480.8,581,1661,4.2089,-2.0088,-0.5978,0.934
"PI_533688_LSP_AGL",50.3,46.3,51.3,53.3,47,36,46,NA,650.6,2930.6,664.8,3142.8,781.7,3280.7,642.9,2899.9,863.6,3485.6,0,0,937.1,3733.6,708.2,2904.2,5.7268,-2.3025,-3.4789,1.6499
"PI_533693_LSP_AGL",49.5,48.7,52.3,54.7,47.5,32.7,43.7,37,660.4,1960.4,675.3,2061.3,762.6,2156.6,697.4,2097.4,823.3,2253.3,704.9,1892.9,956.2,2588.2,650.1,1805.1,-1.3255,-0.943,0.5009,3.2923
"PI_612875_AGL",45.3,39,45.3,45,43,34.3,45.3,36.3,511.5,3034.5,521.3,3187.3,672.8,3914,514.5,3214.5,843.9,4628.4,674.1,3856.1,886.3,4653.1,693.2,3843.2,1.7609,2.4563,3.1986,1.289
"PI_643451_AGL",44.3,43,48,46,47,32.3,42,36.3,567.7,2030.1,536.7,2040.7,638.9,2304.9,580.3,2246.3,805.3,2770.4,677.8,2416.8,960.5,3197.7,663.4,2280.4,0.4484,1.2256,1.6129,2.5929
"PI_643452_AGL",44,42.7,46.7,44,46,32.3,44.3,38.7,523,2143,521.6,2281.6,638.9,2605.9,560.7,2474.7,845.2,3275.2,706.9,2851.9,956.9,3598.3,663.4,2577.4,2.5109,4.2228,2.9698,2.4017
"Shasta_AGL",49.7,46.7,52.3,50,47.7,34,47,41.5,649.8,1200.8,607.8,1177.8,747.9,1359.9,628.7,1204.7,876.1,1557.6,765.5,1365.5,956.2,1690.6,675.1,1219.1,NA,NA,NA,NA
"W6_27754_LSP_AGL",51.3,51,58,58,46,NA,44.7,33,767.5,2392,732.6,2397.6,797.1,2418.2,749.5,2387.5,840.2,2464.7,659.9,1880.9,921.7,2655.9,0,0,-9.5698,-5.4414,-1.9018,1.2983
"W6_27760_LSP_AGL",47,45.7,51,53.3,45.7,31,41,31.7,634.1,1682.9,655.4,1803.4,715.9,1843,621.5,1701.5,786.4,1945.6,625.1,1521.1,943.5,2272.9,621.4,1551.4,-3.5534,-4.8946,1.7685,1.5135
"W6_27763_LSP_AGL",44,42.3,47.3,46.3,46,32.7,44,41,553.3,3348.4,561.5,3606.5,638.9,3725.9,574.6,3634.6,824.9,4551.7,772.5,4339.5,956.9,5102.3,663.4,3633.4,-1.8322,1.2877,-3.5234,-1.7016
"W6_27766_LSP_AGL",43.5,44.7,47.7,47,50.5,32.7,45.3,39.3,553.3,1592.8,561.9,1649.9,636.8,1781.3,598.1,1788.1,864.2,2313.2,748.2,2028.2,999.6,2601.9,661.1,1783.1,-5.8668,3.7715,-1.1055,-2.0477
"W6_27767_LSP_AGL",45.7,45,50.7,49.3,44.3,31.5,38.7,33.3,608.3,3114.3,589.9,3253.9,672.8,3429.3,607.4,3267.4,728.3,3520.7,618.2,3060.2,921,4273.5,644.9,3076.9,-8.4014,-4.8916,1.8182,1.7655
