"Entry","Name","Origin","Region","Cluster","PC1","PC2","PC3","PC4","PC5","PC6","PC7","PC8","PC9","PC10"
3,"3156-11 AGL","Canada","Americas","2",-5.99562006323827,-3.31441852189684,-1.66252873465696,0.0611386289449929,-0.760797302578025,-0.125748577633576,0.0225422925417881,-0.770237122239095,0.871113016140986,-0.751621498969557
1,"CDC Asterix AGL","Canada","Americas","2",-5.56356326956768,-2.05975181430319,-0.592057197391533,1.28199096004586,-2.3587386582496,-1.16490328101376,-1.07899184216697,0.100113446372945,1.38659105671254,-1.1549326868367
5,"CDC Cherie AGL","Canada","Americas","2",-4.85803316612292,-1.20545915133369,-0.0342301274679468,-1.10980392803862,-1.03834420167084,-0.355280970766987,-0.441776241208426,-1.35781971459418,-0.378093142146081,0.26782455600827
6,"CDC Glamis AGL","Canada","Americas","2",-2.73548700300275,-5.50018912647607,-2.06685694460679,-1.19784669873016,2.83021471942146,-1.03879693786046,-1.53541553982914,-0.295830480671093,-0.012721490678553,1.14654088741052
4,"CDC Greenstar AGL","Canada","Americas","2",-5.63057742961102,-2.5235791242049,0.330181502270143,-0.466273482757527,-4.29175838500809,-1.36699234546491,-0.666540212369955,-0.426164693303645,0.478350277165917,-0.124551615231739
8,"CDC Imax AGL","Canada","Americas","3",5.89213956618643,0.281483141109339,-2.46980045029036,-0.669328384815024,-1.32680091181358,-2.17520179326654,-0.87168596938907,-2.38290962477566,-2.48775776204843,0.347466525422443
9,"CDC Impower AGL","Canada","Americas","2",1.39264310399074,2.23626618737024,1.92264186030141,-0.922378822993325,0.11163127649276,0.275125822764271,0.0964754879766357,-2.53102204034995,-2.71781438200458,1.14234890718177
10,"CDC KR-1 AGL","Canada","Americas","1",-8.02568245606091,-2.58274231630144,-2.06916090350648,2.22890946801819,-3.97188942165713,0.331431495676359,-1.22750393479583,-1.23404914417705,-0.334322192175196,0.133539309531502
11,"CDC LeMay AGL","Canada","Americas","2",-2.32962271178983,-1.24080224186577,0.00689964829336962,0.425825210181572,0.404565462844036,-2.23943444873492,-0.48898723658601,0.135837569042489,0.0517557331527329,0.185749777822694
12,"CDC Maxim AGL","Canada","Americas","1",-7.94557397255272,-0.532993171708551,3.95442147509604,0.677314241630031,-4.40617853837879,-0.895226487715995,-0.404138768413891,-3.20309114615356,-2.53381953179639,-0.317830831217278
13,"CDC QG-1 AGL","Canada","Americas","3",5.0303665481195,-0.410207055678641,-0.403736331137372,0.12064812193956,-0.27969797047506,-1.02596320675665,-0.753728071621727,-0.654986579661981,1.20871619130341,-0.142656630232433
14,"CDC Red Rider AGL","Canada","Americas","3",6.7345234950662,-3.06562399960888,1.26524172245443,-3.25297079953887,0.0652465988519908,-1.31546103229306,-0.778094436293502,-1.00490019284287,-0.141997333219052,-1.01841672407118
15,"CDC Redcoat AGL","Canada","Americas","2",-0.723053913803013,-5.39042999466988,0.801061006681859,-0.602883876199875,1.28482712450891,-0.607700145931823,-1.83049108822634,-0.516964518311371,-0.490136274936088,1.03732724682576
16,"CDC Redwing AGL","Canada","Americas","3",5.66052240492572,1.163224519226,-0.800107616756894,-0.100048437514767,-0.814935593361929,-2.76206268543014,-1.83127251475515,0.285120634269107,0.961407896278389,0.815003396810139
17,"CDC Robin AGL","Canada","Americas","2",0.239685876779514,-1.10379693160272,0.940917750868558,0.530062179191743,-3.79740006583814,-0.479798371610665,-1.04780676089691,0.683437283201217,0.304322002515833,0.0575757530723075
18,"CDC Rosebud AGL","Canada","Americas","3",6.19937675038839,0.606548492498617,-0.346599438369378,-1.92932429928325,-1.00910871139862,-1.05347907995563,-0.576009673052707,-0.0273012324923999,1.04819390182206,0.707537275046966
19,"CDC Rosetown AGL","Canada","Americas","2",-2.47203284879612,-0.868765118366066,1.46976753215523,-1.6324031680136,-0.112830938646005,-1.90846273693452,-0.625880754514495,-0.514239788926869,0.0571304136131569,0.430049557139729
2,"CDC Rosie AGL","Canada","Americas","3",3.54675456992908,-1.67653460774714,-1.87835151538898,-3.0456197840613,2.19928133667144,-2.3509165324337,-2.37550062483178,-0.419794848014139,0.61468670471616,-0.107157832480853
20,"CDC Rouleau AGL","Canada","Americas","1",-7.4242870513001,-2.1950647951099,4.03700602742758,-0.238740099702433,-1.53807299311836,-1.0330774182695,1.16386903098563,-0.933770253343989,0.376865054740598,-1.27319932549728
21,"CDC Royale AGL","Canada","Americas","2",-3.92451575796196,-1.68762497558788,0.427526975769784,1.25011164845505,-2.01453890677364,-0.390556341831774,-1.13277458928206,-0.590760985623312,0.363960312177013,0.175226167645747
22,"CDC Ruby AGL","Canada","Americas","3",4.81133762773424,-6.19432041715855,3.31269040822032,-2.59456014186894,-0.975148391420348,-0.942983153596375,-0.837056865972831,0.349529996552028,-0.0372615874542155,0.296618467289502
23,"CDC SB-1 AGL","Canada","Americas","1",-14.1565806070375,-3.37202875122853,-3.59623061345375,-1.16355789364824,2.91263612483684,0.486292176367227,-0.512761486064848,-0.320925805824976,0.22821259721876,0.806831091714528
24,"CDC Sedley AGL","Canada","Americas","2",-3.06119496294563,-0.41329773972009,0.605413354912523,1.44913632343626,-3.24494273630938,-0.0822799623358877,-1.61603450481389,-0.410936300509204,0.108703347780407,0.883064936506694
25,"CDC Vantage AGL","Canada","Americas","2",-2.38483669719198,-1.76750752963742,-1.52238283690801,-2.85931229594091,-2.2530125131346,-0.497244677991735,0.692901860867643,-1.27384896132775,1.15630980354736,-0.422685444725467
26,"CN 105604 AGL","Ethiopia","Africa","1",-11.3729539128445,-3.40862868832152,-0.0883846890482681,0.521171360262215,1.41836418875462,-0.0673754292418374,-0.0693117831838429,0.127301376783658,-0.18599389592195,-0.178175159053968
27,"CN 105605 AGL","Eritrea","Africa","2",-3.85776358220091,-3.00108511095063,-3.68393050986004,-1.10785978278859,-3.39891825322912,-0.331828024059921,-0.496610712946201,0.0168134011369382,0.471370283908606,-1.23590084220922
28,"CN 105715 AGL","Ethiopia","Africa","3",5.58497133494049,-0.394474010895048,-4.56100210631475,2.06463387120778,0.950969129267055,-2.17303216947234,-1.80099134174412,0.737904583506445,-0.128238634504266,0.373204852812581
29,"CN 105732 AGL","Ethiopia","Africa","3",9.21873631986719,3.99441828200294,0.54776458395034,0.011265273495277,-0.934797891252563,-1.3967553489925,0.505665518209289,-1.21722870285361,0.852355984900212,-1.26771900519601
30,"CN 105767 AGL","Libya","Africa","2",-2.47433076924596,3.16527706666463,-0.0392026199346791,-4.10245244106628,2.23475051463996,-1.39278814158121,-0.0179773103692246,-1.28827701235419,-0.0571350033373688,-0.627287072912691
31,"CN 105777 AGL","Egypt","Africa","2",2.10366541621719,3.20112167309203,-3.92962122619954,2.97040760003547,-2.66703988564524,1.36401222787275,-1.80378996151348,-1.29517398416971,-1.30856491489839,-0.590056618415654
32,"CN 105789 AGL","Ethiopia","Africa","3",3.27619296317243,-1.47563432538636,-3.17486540012769,0.790093562465071,2.42309411656331,0.67692712403962,-0.595417588527979,0.097716770961784,0.476527812901522,-1.85009427247848
33,"CN 105791 AGL","Egypt","Africa","3",4.86270818837574,0.94024449886004,1.54095622766258,-0.0681861875417802,1.48271273138048,2.50279720819336,-2.4608463267011,-0.575046628091735,-2.40639191463685,-0.292946745007518
34,"CN 105862 AGL","Tunisia","Africa","3",5.07055937139648,0.824292865491417,5.44862851748991,-0.0814083548257627,1.14899128978711,-1.27894324110712,0.387123973483986,0.143322510944479,-0.418945067793259,-0.899814720326523
35,"CN 105863 AGL","Tunisia","Africa","3",4.92197854547699,0.0719171763314731,3.17269162186576,1.34148241597707,1.62685087491745,-2.02604762002051,1.0260205586858,-0.464187467675598,-0.111098621100097,-0.577471005822007
36,"CN 105864 AGL","Tunisia","Africa","3",3.58022460640409,-2.46911686174724,3.61043014373489,3.39729582542741,-3.84826345394192,0.0760380373613961,-0.0020735768923699,-0.190087128178366,0.18837296048028,-0.673877210366803
37,"CN 105865 AGL","Tunisia","Africa","3",6.35060818411494,-1.56119801871617,-0.938233516480713,0.785322472479246,5.47204883086567,-0.790659148475641,0.20126999073733,-0.135621972241603,-1.27411410077638,-0.0849130557328685
205,"CN 105866 AGL","Tunisia","Africa","2",0.541177449230407,1.51633373372148,5.41264005699087,3.43060015916788,-3.19936787864959,-1.0533292970566,-0.469709781901838,1.60594356238163,-0.246254844543042,0.147380062247296
38,"CN 105895 AGL","Egypt","Africa","3",7.82200769419071,1.89623279635973,0.783026846769766,-0.620916540959899,2.11515697118997,-1.35641714347532,-0.730677490296912,-0.365247281428451,-0.00578674028737851,-0.98091717153149
39,"CN 106265 AGL","Egypt","Africa","2",-2.99790128950326,-1.53145524826243,-0.594905803076079,-0.0951549736081888,0.595080809749609,0.266242555188971,-0.205780369197716,-1.27649023929108,-0.209999942573311,-0.566153139036967
40,"CN 108369 AGL","Libya","Africa","2",-1.42347716571428,-3.54239545448785,-1.87526511877705,1.56582341340762,4.05401975659756,-0.0778117874504271,-0.117121108955724,-1.64833903630178,0.459686308378124,0.03369592800087
41,"CN 108370 AGL","Libya","Africa","3",6.78927144320787,-6.34036755521017,-0.970043657998763,1.52573642109258,0.190845384092075,-0.878731377383999,-0.717746754681369,-0.201581168365741,1.32642874142185,-0.275303473936551
42,"Crimson AGL","USA","Americas","2",-2.16414438154894,-3.28508122256137,-0.657024557190739,1.42634731113166,-0.30841391092802,0.0371411608236273,0.273631730711943,-0.508356998370442,-0.264837127039513,-1.48773587152413
43,"DPL 62 AGL","India","Asia","2",-1.49772451760243,-3.03174499638241,1.66595153397016,0.792474310707002,2.76434716137419,1.84233146382948,-1.31474340843651,-0.448010118093917,-0.439339182642889,-0.046641929281776
44,"Eston AGL","Canada","Americas","2",-2.32488047370055,0.793569769528761,-1.96675325137332,0.653483219233392,-0.938648398966465,1.17795716318858,-0.449528545312774,-0.751257176609315,0.280970927491363,-0.499415923585435
45,"Gudo AGL","Ethiopia","Africa","3",7.62534877329359,-0.508088400556195,1.96948108700781,1.53455687390621,0.186280127391789,0.201509363538729,-1.68984281817085,0.542966307619412,-1.01620071330539,0.2962434174744
46,"IG 1046 AGL","Egypt","Africa","3",7.77188292113216,-3.63367893637779,2.44564110674117,-1.89749287651613,-1.32660969338424,2.10519308285324,-0.47989454884989,-1.43027261541,0.0310846372070846,-0.574881273773764
47,"IG 1706 AGL","Ethiopia","Africa","3",18.0224768222359,-3.64837481915206,-0.484326150855793,1.31086850918615,-2.44098993391381,2.23062058077179,-1.80664988241106,-0.10643315876711,-0.0595620389640841,-1.09693816868302
48,"IG 1959 AGL","Ethiopia","Africa","1",-7.40132799930544,3.35996079237917,1.84684216864061,-4.15209877126956,-2.45099482001238,0.880493979766458,-0.578154634995685,-1.05772239132715,0.412091316325557,0.336963881989601
49,"IG 4258 AGL","India","Asia","1",-11.8736567127446,4.44890642929615,3.06863907806518,0.0753212621927175,0.950710389809538,0.132954332137897,-1.27544251905084,-0.570004189477739,0.264879124617381,-0.0579561013695665
50,"IG 4781 AGL","Algeria","Africa","3",9.06694446450071,1.61738649252788,3.56159582309784,1.79144034622099,-3.69792764399612,-1.1203243275967,-0.70637486890203,-0.622240384691461,-0.361022691175901,-0.650466462579568
51,"IG 858 AGL","Algeria","Africa","2",2.86887242076689,1.64865711159802,4.33932564751136,0.0449610985412034,-0.921303885114502,0.1048166804864,-1.91086114353553,-0.358074625674874,-0.271071279328545,-0.44746882484185
52,"ILL 10657 AGL","Turkey","Asia","3",5.2332344906727,0.769283551316312,-5.53423991199603,-1.72781480206682,0.743396966967375,-0.412625229868569,-1.16943887741281,-0.937865371612737,-0.455997428410263,-2.43872940927286
53,"ILL 10748 AGL","ICARDA","Other","1",-7.11192347787914,2.94981811842999,2.51364580400714,0.511244936271207,-0.115588435819912,-0.22323062685284,0.0233262001503517,-0.40273660078779,0.26871981922179,-1.24869359430094
54,"ILL 11547 AGL","Ethiopia","Africa","3",13.0351615591794,-0.471602166443302,-2.35582063302961,2.42239630195067,-1.9229334090522,1.1729722379862,-2.44050643437544,-0.0561580440849286,-0.178130601655262,-0.227429422103148
55,"ILL 11548 AGL","Ethiopia","Africa","3",5.94397315808955,2.398430841022,-0.992515646616516,-0.18469582799198,-2.23279874057418,-0.994204895625916,-0.261616361534134,-0.584694219734558,0.976579625235242,-1.42615828022459
56,"ILL 11553 AGL","India","Asia","2",-5.08103951965809,4.24149490295179,1.44337434506535,2.07884859581593,0.621052940942785,0.834411906121856,0.184504978542365,-0.667148507972685,-0.393229842678903,-1.02569920895348
57,"ILL 11555 AGL","India","Asia","3",2.86573508984532,4.9903131012398,-1.22009420550616,3.76027348527153,-0.918158249426265,1.57609341908138,-0.813070193522341,-0.406842070307463,0.387773585712795,-0.949865717738048
58,"ILL 11557 AGL","India","Asia","2",0.786113339941397,3.13342716518626,-0.2682406371695,1.56731912050869,1.08064299481708,-0.189565589695424,-0.581613470914914,-0.703148632803506,-1.04558884438889,-0.46737485398196
59,"ILL 11558 AGL","India","Asia","2",-2.94352908069849,3.7777006942293,2.99474292207947,1.5764634585808,3.57648579908439,1.90337820837068,-0.166565095064994,-1.21524109692438,-1.17503846912606,-0.919768649156821
60,"ILL 1220 AGL","Iran","Asia","2",3.3790546239179,-2.88722395481517,4.7331915538853,-1.36393058681603,-2.53467468747895,1.58328611923937,-0.452328672423188,0.815893914879495,0.68623533258325,-0.335942437366225
61,"ILL 1553 AGL","Iran","Asia","3",7.02125629801442,0.548996208771077,-0.976106347891244,-2.10121520132107,0.248985450656106,-0.271441723108138,-1.51196820750424,-0.07827551456719,-0.0323856972622825,-1.4613013041282
62,"ILL 1762 AGL","Afghanistan","Asia","1",-16.3519490692936,-0.339517813859856,-2.19248703391975,-3.44418686687519,-0.548935248839704,-0.168741032095704,-1.17439482342766,-0.277018750882902,0.600894031190272,-0.560131384639824
63,"ILL 1983 AGL","Ethiopia","Africa","1",-9.97581241234291,1.94581110015144,0.703508906305856,2.69013479528778,2.0495236528426,1.58463968678767,-1.81183138290177,-0.808782550068754,0.277029969367478,-0.0302672398932577
64,"ILL 213 AGL","Afghanistan","Asia","2",-5.12932253291684,1.73927696098434,-2.82200620911978,-1.47773080562997,-2.12059426936635,0.650665834921808,-0.866871485890269,0.338942781210259,1.05442585911706,-0.74186621413833
65,"ILL 2194 AGL","Pakistan","Asia","1",-12.8959677349859,3.46471269152096,3.04490789294598,0.313660165327252,-0.733656651440222,1.14897304668132,-0.393589405034106,0.15934592286688,-0.10443783377987,-1.3778242759283
67,"ILL 2507 AGL","India","Asia","1",-7.99536091768284,2.05542333802786,-0.909322057946398,1.50465578655581,2.32261547960164,0.261951829591285,-0.218196932705445,-0.198620578167546,-0.364762935387125,-0.394855106038237
68,"ILL 2580 AGL","India","Asia","2",-1.70977642556888,7.70886488819005,2.55003364622663,0.433826341558443,1.54377082126396,0.21760770149727,0.710330517243314,-0.242538228982384,0.224370944098362,-0.436996203415705
69,"ILL 28 AGL","Syria","Asia","1",-10.8393542963621,0.260103497121082,-1.52857847573265,0.274604666031436,1.63911997277138,-1.47687738564368,-0.179666033520318,0.320269382757595,-1.12298254100519,0.0161216834513128
70,"ILL 3025 AGL","India","Asia","1",-13.0543239209463,4.06550016136642,0.892040353080559,0.917078258466123,0.603284025743991,-0.899182893477876,-0.922310771940605,-0.0849095429947189,0.778712251071,-0.0249608010972968
71,"ILL 313 AGL","Israel","Asia","2",1.60822496696577,1.81170494827856,0.476125131983411,0.486857083043012,2.13243008128861,-0.539943449267878,-0.715393115921134,1.20984552042426,0.429014407584115,0.24006875176727
72,"ILL 3347 AGL","India","Asia","1",-12.1324025161725,3.19701435668757,0.769425601432727,1.3310970308333,-1.10701091546296,0.986124851985167,-0.635104760658377,0.0598920619007084,0.606593592955744,0.557601908110872
73,"ILL 358 AGL","Ethiopia","Africa","3",4.70829496258268,2.40359708296022,0.106574723649044,1.55926907027914,0.555722550579645,-1.93411685202605,-0.821711140872047,0.919455045793016,0.406816598004464,-0.486478917564711
74,"ILL 3597 AGL","India","Asia","1",-13.4710859214704,3.17889648419652,-0.929920840772778,2.26353790760715,-0.183664642948502,0.708979471150148,-1.15874688532587,-0.422785465182764,1.52033205207686,0.00928101260586309
75,"ILL 4164 AGL","India","Asia","2",-5.70596875848024,-0.712669583507418,2.86178694469654,0.549742368945621,1.47352348490853,-0.0176736075575603,-2.6911101076983,1.27001310493246,0.31689672188107,-0.308028092592408
76,"ILL 4400 AGL","Syria","Asia","3",3.32098719232029,3.20419701069601,-2.46168240912367,-0.0337089128011719,2.15616676460336,-0.115612312674429,-0.370894023076267,-1.52091695236656,0.588749685890381,0.122538234535359
77,"ILL 4605 AGL","Argentina","Americas","2",-4.79742027107022,4.54518524149164,-0.088316752449858,-0.312063313777339,-2.02196092985924,-0.897998569309068,0.188178242677705,-0.383621468168553,1.08194804665533,-0.179980989399399
78,"ILL 4609 AGL","Netherlands","Europe","1",-6.16751871075181,1.69543677121425,0.195807767239813,-0.221970286834814,-0.652657824366195,0.000893901592846415,-0.824302816269545,-1.08422655378766,1.18792483935052,-0.228276002451593
79,"ILL 4665 AGL","Hungary","Europe","2",-0.100864107464986,0.731689770484995,-0.584055263772385,0.0701721857076378,2.40051794668733,0.0763780940157255,-0.890884963584334,-1.15161566156971,1.79460590470114,-0.731062601417535
80,"ILL 4671 AGL","USA","Americas","3",3.73019210906072,0.263668622051273,0.427760801946148,2.15077452310021,0.743875252994023,-0.647073816647089,0.566653711196819,-0.0549164734827788,0.994620346817577,0.177684079821062
81,"ILL 4768 AGL","Yemen","Asia","2",-0.90754011813548,0.534385933229291,-3.37520880012458,-1.24781100672306,2.50590570395047,0.0701000648303693,-1.0383973312047,0.185208513195356,-0.355901015808092,-0.893293720289989
82,"ILL 4782 AGL","Unknown","Other","2",-4.37889722854347,-0.247696100383941,-7.05249369456143,2.39609751882324,-0.954153362829414,1.19355507356543,-0.443917211649854,0.34916885998809,1.35398399302336,-0.0919419478194491
83,"ILL 4783 AGL","Czech Republic","Europe","2",-0.804167723145689,-3.91877744401781,-1.86647175646687,1.61342023573644,-0.641234465238858,-0.906077734286166,0.901660358331599,0.400915362810851,0.453205901823102,-0.0437505378295674
84,"ILL 4804 AGL","Libya","Africa","2",-2.19206549742099,-0.988198648188869,5.39348254102836,0.980353201572929,1.09231294599524,0.437356481292068,1.65619573715243,0.148723347618314,0.724695345374815,-0.808229859695278
85,"ILL 4875 AGL","Uzbekistan","Asia","2",-3.73964617464006,-1.0393783462625,-2.41014248730701,0.0802443476376986,-1.71488984388768,0.0859380049194612,0.25547716614549,1.02095923719099,0.816962978577307,-0.239432781703085
86,"ILL 4956 AGL","Portugal","Europe","3",12.1209132949369,2.30639957367992,2.36121039877425,-2.83498424247838,1.24778998469235,-1.27110609110835,0.897896532627111,0.982477924832538,0.737662735570171,-0.504237241497262
87,"ILL 5058 AGL","Spain","Europe","2",1.69930691869865,-2.09211106692504,1.68600172388402,2.49704164402609,-2.28575369746106,-0.490785616734077,0.030319681600157,-0.432281661738632,-0.0377125620477211,0.646286957522668
88,"ILL 5151 AGL","India","Asia","3",9.49774174007761,-1.64056255535767,-0.400212645886084,-0.445474406570405,3.41637635591358,1.34516123796654,0.195395664846341,2.30991077390313,0.112391873645351,-0.769297314245281
89,"ILL 5209 AGL","Jordan","Asia","2",-0.158119076425852,0.306591086714016,-2.37973151842117,-0.751883291494413,0.11664771874918,-0.40855483767197,-0.196703144980476,0.994504998150666,-1.25236544819478,-1.1330861100165
90,"ILL 5480 AGL","Czech Republic","Europe","3",7.52145560828828,-1.54426998848123,-0.102257145069442,1.2089262748041,-0.333725169606457,0.13818607229942,1.32344545728335,-0.597093887700106,-0.151656790775432,-0.174195318436777
91,"ILL 5639 AGL","Ethiopia","Africa","1",-12.1255165141791,-0.23846090420974,-2.55242873509636,3.07254884127028,-0.0257921079230934,-1.08202042465996,1.24520003584065,0.566989616748992,-0.777511766749763,-0.373201756757614
92,"ILL 5722 AGL","Turkey","Asia","2",-1.2366722203438,-4.11492479069951,2.57957233733093,1.10328602897163,3.23556188947982,-0.639700945369807,-1.69483522416632,0.334525348052874,-1.77800389918168,0.519088966239473
93,"ILL 5883 AGL","Jordan","Asia","3",4.87134785657483,0.887596511481677,-0.483112240801902,-0.552279974144019,4.52833335560217,-1.38289730987115,-0.571659443461693,1.28890915354321,-1.66549832939338,0.816151997510384
94,"ILL 5888 AGL","Bangladesh","Asia","1",-17.5503747447399,0.953914525247233,1.70922625222661,-1.17664012545922,-0.657982149711756,0.580509218508788,0.938217463489095,-0.807292498962633,-0.0927824036924649,-0.323883743046636
95,"ILL 5945 AGL","Ethiopia","Africa","2",2.09389247470901,-3.22983167272268,-1.21002655489602,0.886082532496892,2.77155235586096,0.948537471780188,0.551957573930422,-0.0523032494236776,0.463104266276845,-1.16393253521831
96,"ILL 6002 AGL","ICARDA","Other","3",4.94302292354984,1.38182437850326,-0.628284924231491,-0.599811605663684,0.192249960264676,-1.37302429863485,-0.0361330120232884,0.078298989196121,0.276894232063054,0.494711537012959
97,"ILL 618 AGL","Tajikistan","Asia","2",1.43815724248886,-1.38887639258191,-1.5250600780295,1.16938942390551,-3.09649061416479,1.07449954064456,0.538854696419837,1.11395205789295,-0.466628125514463,-0.407513977494246
98,"ILL 6182 AGL","Tunisia","Africa","2",2.73650665827289,-0.587599157782204,0.173767260307401,2.00646007101109,1.16765390016922,0.679112021278079,0.332349697086332,0.363600014854808,-0.692859726215767,0.19879218869077
99,"ILL 6211 AGL","ICARDA","Other","2",2.02802978854833,-4.17940889360059,-1.36916397572236,1.46211567728008,1.57012858078449,-0.348700641522003,0.474257718230577,0.124057318812194,-0.407467659154328,0.239317923609471
100,"ILL 624 AGL","Macedonia","Europe","2",-2.36882292863183,-0.0241517187920955,4.0516628862292,0.0172470156453103,-0.635642246891932,0.495888992608632,1.02223475466059,-0.190369295949261,-0.684025994535115,-0.0400033146553745
101,"ILL 6821 AGL","Ethiopia","Africa","2",-5.6560764867034,-7.38413109699418,1.09301757707574,-2.70440285928029,4.66616093525235,-0.997824155520212,-0.921447758385327,1.68855926221399,0.211465212004796,0.102135386242485
102,"ILL 6853 AGL","Syria","Asia","2",-2.76359985839422,0.347433986119983,1.43009875559652,-1.97056510806001,1.62692957959292,-0.824626207807151,0.476498314801253,1.43090418133622,0.685023221390049,-0.0688655872274381
103,"ILL 7089 AGL","Russia","Europe","2",1.88152176442533,-0.948797035423707,1.85835450558277,-0.914930636086018,-1.42518654781444,1.29453625044503,-0.589161489322098,2.08017231426808,-0.377148348775421,-0.167412158293964
104,"ILL 7558 AGL","India","Asia","1",-6.20564459810877,0.964635143225472,0.978186013186974,-0.470005915790842,-0.629681015513118,-0.256243308512645,0.746695225740825,0.629369039382086,-0.327977529938238,-0.0505272621475262
105,"ILL 7663 AGL","ICARDA","Other","2",2.5325836268974,1.55538300383899,4.81815513959676,-2.75510608990432,2.49204626130921,0.660170833600305,0.632940040862573,0.639951642751745,-0.568281805724373,0.668310674296129
106,"ILL 7668 AGL","ICARDA","Other","3",3.86881340117495,2.73932242122427,4.00420066692626,2.84242503521438,2.46084953847668,2.77970005319825,-0.273217929700419,-0.351840681651654,2.18258224955578,0.164942837417974
107,"ILL 7716 AGL","India","Asia","2",-3.89807376165487,0.968617920160971,-3.33750984152099,2.20407268658878,-4.93832163871266,-0.300855750684365,0.0550110552025661,0.170006936860817,-0.727935517318076,0.442205509897594
108,"ILL 7747 AGL","Syria","Asia","2",1.72494389810957,3.0104152801589,-0.523391733233532,0.0987833949367951,-2.03725436098213,-1.34260855940042,-0.242690171069661,0.576936136325721,0.224070309590692,-0.156596060372812
110,"ILL 7978 AGL","Ethiopia","Africa","3",5.05410049386203,-0.29704173261741,-3.40045973646396,0.151946524969228,-0.339572405865918,1.28907405099944,0.291142464767394,-0.960012143666957,-0.530117442443976,-0.478020045983505
111,"ILL 7979 AGL","ICARDA","Other","2",-2.87754935038753,0.473143264227248,-0.844388329669693,0.890964929422093,4.03424087662796,0.585651015648655,-0.0715034523031951,-0.940184079797731,1.79301253828866,-0.434758856772534
112,"ILL 8007 AGL","Bangladesh","Asia","2",-5.45135981377282,-0.318835821882238,-0.798329917387513,1.58559435658691,1.71872189596615,-1.04988227545636,-0.969045216020336,0.422259830731042,1.68424539924487,-0.375979637029488
113,"ILL 8009 AGL","Bangladesh","Asia","2",-4.08454447389987,4.01073713370288,2.44781291031141,0.173058250930392,-0.238630993536025,0.295676810206971,-0.65751787640094,0.467298332298503,0.479289162919314,-0.0911791707795898
114,"ILL 8010 AGL","Bangladesh","Asia","2",2.73659366453751,5.08725943250385,5.07152109520129,1.18419241548861,2.74277384663694,1.9537138204122,-0.123319682425841,0.877235893942178,-0.283348712135101,0.174109104621723
115,"ILL 8072 AGL","India","Asia","1",-8.42329574750258,-0.353731807320065,2.01796772568852,2.23328885976623,-2.78925928877681,-0.810320411605272,1.18565058611699,2.04552929812038,-0.541036294849965,0.496730730317733
116,"ILL 8174 AGL","ICARDA","Other","2",2.61602096870112,-3.09769377137931,-1.42611601035146,-2.42572608093364,2.3992724640061,-1.11140870224939,1.82551308442221,0.0481436924210161,0.184139097435659,-0.350916629207097
117,"ILL 8595 AGL","Ecuador","Americas","3",5.32293790757957,-2.50474022361866,-1.64280459027487,-0.418460503918532,-0.492429218160167,0.3776669699177,2.44105343157124,-1.27763982692862,0.794991715384469,-0.674763224034227
118,"ILL 9 AGL","Jordan","Asia","1",-7.04903946922081,0.228447598107181,1.33211876152341,0.86456906510688,-0.755935127960337,0.527719657185596,0.442143836436996,1.6449409329616,-0.31643790928454,0.00651537160089569
119,"ILL 975 AGL","Chile","Americas","1",-6.42961536770332,0.202771188741808,-5.18796488056764,0.307794585596266,1.66823208014766,-1.55034015001417,-0.201934973543528,0.940807536902561,-0.926437886333263,0.907871560752212
120,"ILL 9888 AGL","ICARDA","Other","3",9.13620401949206,0.278099244100967,-3.36790442566123,0.282660675356874,2.64108532847277,-1.54152066616563,-1.72472598541341,-0.000342851051699745,-0.587545739611968,-0.0930411633314913
121,"ILL 9932 AGL","ICARDA","Other","2",-4.58336873346029,3.14358713752942,2.82112888441784,-0.379613406821635,1.30221574214102,0.255617185734419,-0.853397868032639,-0.0457147534323204,-0.311275344071186,-1.06894081743498
122,"ILL 9945 AGL","ICARDA","Other","3",11.4655323372643,3.8384965760414,1.98914284784454,2.36727315023412,1.05916218017233,-0.418270858337482,-2.21500154469585,0.207342178731629,0.545757379170469,-0.577687531751662
123,"ILL 9977 AGL","Jordan","Asia","2",-4.6196931993597,1.88189605951257,3.23237511030162,1.73641944888363,0.789603803724388,0.258981758111158,-1.15666990203997,-0.945103391798876,0.444683345290662,0.0687199824942625
124,"ILL 9997 AGL","ICARDA","Other","2",-4.95748309960434,2.83102361285596,0.322810125837749,2.32229084656699,0.931676724479638,1.02686850460914,-0.104370171733479,-0.397900703186981,-0.0355266311702228,-0.768115897306396
125,"ILWL 118 AGL","Syria","Asia","1",-11.7386377927841,0.423627900445373,-3.52731483607063,1.7973993366336,0.96168911201788,0.862582457711569,1.15007058733762,1.08149906543124,-0.275939527566468,-0.305913935707916
126,"Indianhead AGL","Canada","Americas","3",10.8715822165523,-1.67648684166406,0.516179854660512,0.151707772066233,-1.32830089935752,-1.81986196100677,-0.21751234049029,-0.631141058402969,1.50519650359842,-0.455558777060529
127,"IPL 220 AGL","India","Asia","2",-0.604473631056188,3.00512256754384,4.79021449122035,-0.969997637307712,3.6146976470172,0.367633569977146,-0.396389873037469,0.0134404229323389,1.25457578484771,0.299977664000652
128,"Laird AGL","Canada","Americas","2",0.15175122285604,-2.39022062547084,-1.18772316873394,1.80613046543481,-1.48678797667525,-0.696043881659683,0.288841183721925,0.395957182621028,-0.0820080598919915,0.316116551479395
129,"LIRL-22-46 AGL","India","Asia","2",-0.0852331001157985,1.29690336633885,2.50194484795366,-0.8694688522075,1.97611433497813,1.23927860078623,0.764652422839359,-0.0915399642452106,1.55282806403535,-0.299400062335065
130,"PI 163589 AGL","Guatemala","Americas","2",-0.614968075774179,2.66578337160901,0.852898823720221,3.22105620436913,-1.46620963395489,-1.15409577059114,0.332744654779044,0.157886165439345,-0.208628826223191,0.707233297838582
131,"PI 169534 LSP AGL","Turkey","Asia","2",-1.68253134449116,0.0657219715155579,1.82301422301367,0.974778589985373,-4.38864663102965,0.110058296282586,-1.30437663247884,0.137264029635641,-0.229394798612468,0.153781595617336
132,"PI 175754 LSP AGL","Turkey","Asia","3",9.63942341596108,1.24022374195367,-3.43586212809631,1.37950723127092,1.15710087382566,0.89497572432129,-0.768957041911336,-0.382982303991146,-1.48937384273895,0.498731515154231
133,"PI 177430 LSP AGL","Turkey","Asia","2",-2.34298364613596,-3.45391768884094,-1.77123119100506,0.442306344626113,2.90780035737044,1.63937498245371,0.160369090200978,-0.0983520270758478,-0.405998531833396,5.1169446187859e-05
134,"PI 178939 LSP AGL","Turkey","Asia","2",-1.92009926253276,-0.73694100887484,1.35841640044867,-1.84122541895288,-2.66892859741679,-0.336626162385708,-0.489033043007624,0.174308779134448,-0.896195952349982,0.464263805016988
135,"PI 178952 AGL","Turkey","Asia","3",7.56603161937777,-2.58756894416461,4.35662767114029,-2.3670268402406,0.778148429629711,1.75603731265861,-0.052569247622781,0.162775872743367,-0.613724937430441,0.85275007111625
136,"PI 178971 LSP AGL","Turkey","Asia","2",1.46197086653972,0.116411736823572,1.87302924801385,-4.21697634253434,0.0402679408994158,0.694336043349,0.0983790318377521,-0.366191019350772,0.126517739961855,-0.878547810014669
137,"PI 179324 LSP AGL","Turkey","Asia","2",-2.57848888345461,2.05570839378103,0.138967903039324,-1.47140219534559,0.250961820084456,0.0214253114311135,-0.666915606937001,0.888962403106645,0.354003297908596,-0.0121128240291765
138,"PI 179330 AGL","Turkey","Asia","2",0.185082959725595,-11.2076767129061,2.65941337115578,-1.37874401687843,-1.34023884883881,3.10806813055354,-0.635252869426674,0.894371348780666,-0.251202277268595,0.115573462143518
139,"PI 181771 LSP AGL","Lebanon","Asia","3",4.51198043516884,-1.60526753422172,1.47875520484138,-2.73949312135229,0.0395082241372033,0.817948336095084,0.152031311326192,0.10485300407426,-0.202331583770215,-0.9572916491927
140,"PI 181886 LSP AGL","Syria","Asia","1",-7.49011659045862,0.2007819204618,0.539399342637918,-0.646521787960315,-0.187487364209232,-1.36949731573241,0.982494511776309,-0.411344374213563,-0.53700914678902,-0.540838809802792
141,"PI 182217 LSP AGL","Turkey","Asia","3",8.94733449777824,-9.14978935034079,-0.999317897634992,1.36474018568312,2.66833056473755,3.37191672138541,-0.453158264505264,-0.000136708500684185,-0.128522194777059,-1.30352727928108
142,"PI 193546 AGL","Ethiopia","Africa","3",3.91742583602519,0.238673108371548,4.9788722398573,1.34335503043661,1.42350325771395,-0.195022899782044,-0.475811627166765,0.816785773878562,-1.5656844744049,-0.513571093395385
143,"PI 193547 LSP AGL","Ethiopia","Africa","2",-3.4965764942634,-5.41778991382006,4.00475593602953,-2.72343890907017,-1.40177774393669,1.7467402125371,-0.268719668833607,0.265258130269118,-1.86450528798507,-0.867310999138923
144,"PI 193548 LSP AGL","Ethiopia","Africa","3",6.45934586505285,-3.37781688953571,-1.31693564805718,0.756574981701556,2.06001008106795,0.0441905882473473,0.41051379902158,0.319483953224691,-0.0791794739172022,-0.794399580026369
145,"PI 193550 AGL","Ethiopia","Africa","3",10.253659717587,2.13537819673795,-3.70880302619136,0.687676515643431,1.30234918538916,-0.298208386331749,1.09454980482875,0.0465474681964782,-0.7867480318904,-0.73831793088233
146,"PI 207492 LSP AGL","Afghanistan","Asia","2",2.55695995120336,-0.548905581211571,-1.44441475331008,-3.27400475961797,-2.39877914884619,0.63670708075624,0.423704509130137,-0.139192077304812,-0.242024372206029,-2.08180231808569
148,"PI 209858 LSP AGL","Greece","Europe","3",6.13468782040934,1.86907378017707,-2.85474330018039,4.99553538951006,2.35485162475868,1.60224159670482,-0.0716849055534977,0.514405314291399,0.880684854769468,1.72203302048897
149,"PI 211052 LSP AGL","Afghanistan","Asia","2",-0.420496384133787,3.36884846977419,-0.766931128433618,-1.65041323202065,-0.805594082117601,0.506909838284181,0.726908705165454,0.766436225055768,0.251041887843919,-1.00151869831369
150,"PI 212100 LSP AGL","Afghanistan","Asia","2",-3.29254372592891,0.205294407119601,-4.24592596510414,-2.73526412474714,0.556212842372931,0.097751390537156,0.0896882593333543,0.366094172284037,-1.56445385654571,-0.0325525136942487
151,"PI 212610 LSP AGL","Afghanistan","Asia","2",-2.37074629427634,-0.564490273745907,-5.02975480391892,-0.978621747535525,-3.12979137140412,-0.12692997399167,0.30211883966823,0.829528972629486,-0.931705101895903,-0.937299611802744
152,"PI 217949 LSP AGL","Pakistan","Asia","1",-5.85207269340987,1.56140041564386,1.16036303532503,3.25237805982921,2.61753910755338,0.639114240164904,0.83456938268715,0.0887435645859983,0.607685901241295,-1.50357075390721
153,"PI 238758 LSP AGL","Belgium","Europe","3",9.02862555393137,0.104840892810572,1.87997435428777,-0.474131192448955,-2.18157105534341,-1.31171077863012,0.131282298309493,-0.835252232270135,-0.730565355115806,-0.103151993611072
154,"PI 244046 AGL","Yemen","Asia","3",17.3315395699791,5.49136148101905,-7.34623726240884,1.82277148656764,0.319129182169534,1.32250887697532,-0.489423706072391,1.05277738279662,-1.01043008038976,0.15929069111937
155,"PI 250156 LSP AGL","Pakistan","Asia","1",-9.04224409464455,-0.360804045356211,-2.49225797025176,0.438295332119161,0.0526493802034031,-0.481648238656227,-1.38279220342139,-0.224969150093736,0.357707115294363,-0.413195888569661
156,"PI 250158 LSP AGL","Pakistan","Asia","1",-12.2408388392612,1.68349458609242,0.638611202409379,1.84892307658291,2.02429909075175,1.83675623276219,0.615359847010589,0.547666131851549,-0.339493067003877,-1.16538674146523
157,"PI 251248 LSP AGL","Egypt","Africa","3",17.0100839832467,8.87542047888607,-2.9569576101905,-0.0242602365605001,-1.39732533315186,2.66959376534375,-0.0330573224597917,0.305759142668243,-1.18390888069426,0.101071285061314
158,"PI 273664 LSP AGL","Ethiopia","Africa","2",-3.74406551002037,1.33814815439489,0.843363434441314,-4.57217482449778,0.138297288375071,-2.79225222631449,-0.577211804195418,0.238934485600642,-1.03102397139808,-0.259357285731778
159,"PI 280686 AGL","Egypt","Africa","2",1.18032366999499,-0.269060720850761,-0.937403381079924,-2.44700480847766,1.65595827901125,1.88872714345612,0.00459041667144577,0.543988416529584,-1.76128980880087,-0.209896662789066
160,"PI 283604 LSP AGL","Portugal","Europe","3",6.91582678045811,0.557747286745944,-1.74677340662578,4.07999381795294,-0.0253858351728263,-0.564811712895468,1.43040567399609,0.926982398159204,1.18847785234806,0.413947912730038
161,"PI 289066 AGL","Czech Republic","Europe","3",5.11897085000387,-0.444851410746536,-0.175535878485667,2.62952838933051,3.55157909929338,1.57367612720846,0.597518368224861,-0.677842074783296,0.838181534618385,1.99686462729289
162,"PI 289073 LSP AGL","Hungary","Europe","2",-1.51045387599219,0.937391130395723,1.21668657695137,1.97571842866372,-1.50505010643652,-1.51048068045639,-0.400504184860009,-0.119312604458185,-0.466928185727046,0.73575848685623
163,"PI 289079 LSP AGL","Egypt","Africa","2",-2.5987717022527,-1.00728413621508,2.25615564382932,2.6306310275493,-0.375041853004191,-0.726463204050689,0.374709640361899,0.29826622136683,0.709538865130195,-0.26659657434698
164,"PI 290716 LSP AGL","Unknown","Other","2",-1.6524540686703,-4.48643594875311,2.25400587212779,-1.29346861328077,-1.31357381380728,1.82398328537254,0.976404525524421,-0.17052532866527,0.362275677751562,-1.01801644320814
165,"PI 297285 LSP AGL","Argentina","Americas","3",6.8317776239816,-2.18335103256726,0.303682714135524,2.27137857991661,-3.16605729215378,-0.474169549503699,-0.0774070381063713,-0.379434048208654,-0.300791406824784,0.543312867596974
166,"PI 297287 AGL","Argentina","Americas","3",9.94594549102961,-2.24789908313407,-0.189043067499381,0.156573459187995,0.655787346827801,0.145313222468198,1.31389986545017,0.21214055067262,-0.106905033803893,-1.0784989235518
167,"PI 297754 LSP AGL","Greece","Europe","1",-8.22105965986553,2.50429463346204,0.552479740198154,-1.13503865189735,-2.645200710598,-0.148733748993709,-0.260690296269679,0.229167117174385,-0.342831574983449,0.724307976648438
168,"PI 297767 AGL","Greece","Europe","2",1.1064558272252,0.203038350528323,-1.98160713258038,2.42050183099093,1.31411556354586,-0.720530485687189,-0.383675491919821,1.76234378559992,-0.248704357301264,-0.698547000293939
169,"PI 297772 LSP AGL","Greece","Europe","2",0.69036456771356,0.817643840964824,-3.56046873931876,3.1014154215122,1.93658643087767,1.43176148461153,0.143861163846045,1.9111454056162,0.829511593337336,0.0718931977878378
170,"PI 297783 AGL","Ethiopia","Africa","2",2.51914232696591,-3.10697663500679,-2.09091325106331,0.826001459258074,2.15376151547649,0.424567078472459,0.53263716144667,0.574504274609481,0.118791526949314,-0.0233492464117494
171,"PI 297787 LSP AGL","Russia","Europe","2",0.498873408564197,1.88323264258764,-1.08444781125002,-3.22669007258835,-1.38111566846692,0.290316823115579,1.38813351504836,0.167507321701505,-0.187780275048706,-0.110372958044118
172,"PI 298023 LSP AGL","Turkey","Asia","3",10.0957271993348,-0.179564215540985,1.68802150500672,-1.91903607656616,0.912777789815565,1.45990742145463,-0.259999237083802,0.775122964559537,0.261334825851799,0.403857070042324
173,"PI 298121 LSP AGL","France","Europe","3",6.66552296754639,2.15531603439529,3.08584754683375,0.393185211867614,-0.617349843762848,-0.117735637613402,1.37011857191472,-0.119871325397486,0.682201637361165,0.00828675561983551
174,"PI 298122 LSP AGL","France","Europe","2",-4.08462447114418,-0.60143267331841,2.87616780988948,0.318830657222432,-0.172787124623264,-3.00840443157226,0.196752384215776,0.801994627459631,0.313526218301231,-0.233235539486378
175,"PI 298357 LSP AGL","Egypt","Africa","3",15.1246136985208,-2.77460449971687,1.48849658046916,0.101528980310761,2.60235168177025,2.46803286586363,0.0381553942069325,-1.3357727494415,-0.0798620697312406,0.830653225571711
176,"PI 298631 LSP AGL","Peru","Americas","2",0.610726176151233,0.88315186647647,-1.79001920468766,1.84693636435745,2.28620885774867,-0.576425810910959,1.98753521814669,-0.418590946329651,0.636690089007864,0.392946658418037
177,"PI 298644 LSP AGL","Spain","Europe","3",4.12922043028031,-3.21032969250574,0.962853634235506,1.39642450645947,3.50512995220939,-1.28804861224637,1.92173734153715,-0.858546127894846,0.76599162923351,1.0512446036422
178,"PI 298645 AGL","Spain","Europe","2",1.91021010345251,0.57870953582614,0.85787458790184,2.48087124202219,-0.855814097135462,-0.355596160569451,1.18585999393062,0.21974665649524,0.322276144797989,-0.489053563223118
179,"PI 298921 AGL","Italy","Europe","2",-0.0266405278868846,-2.59405719837642,-0.0506407304820114,-0.374962532952096,-0.694032753043106,-3.33747242863554,0.625902130344877,1.03272060237693,-1.64127224013117,-0.741852523584782
180,"PI 298922 LSP AGL","Italy","Europe","2",-3.73428517954033,-0.681984516207863,0.286987550866737,4.0472300058119,-2.28822236677322,-0.00290566736266551,0.556388044495037,0.00673132964988372,-0.00506335917075707,-0.307190378509307
181,"PI 298923 LSP AGL","Italy","Europe","3",15.3020623264213,3.24286162358969,-1.47719922026277,2.99689729966521,1.67050661532401,2.64228780442646,0.986002429937493,-0.149343340490137,-0.820673729523806,-0.0189309099284569
182,"PI 299116 LSP AGL","Mexico","Americas","1",-12.2277790584207,-7.66266979189646,-1.8019850487566,2.98919377396619,0.983626673992624,-0.0457342004910806,0.817150724549876,-0.195311438869282,-1.27179551431602,-0.569214988105326
183,"PI 299120 LSP AGL","Mexico","Americas","1",-10.2208351111503,2.67703876656269,-1.74741538718156,2.54829112538549,-1.6719866193551,-1.65120969680536,0.954720681377553,0.602380167359488,-0.726872033534979,-0.811282807207413
184,"PI 299121 LSP AGL","Mexico","Americas","2",-5.33891912875623,-0.330335685867419,-0.69850882022564,-0.0673882475893833,1.44563576268894,-1.5791989625198,0.238068227789658,1.07213880642672,-0.452926475735838,-1.02424724270357
185,"PI 299126 LSP AGL","Mexico","Americas","2",-3.77502931443672,3.35215848906294,0.332022084014939,0.305193830983847,2.70437141803906,-0.638878639161872,2.62458187660881,-0.471585206049715,0.467519889598959,-1.65113357159405
186,"PI 299163 LSP AGL","Chile","Americas","3",6.10574088477861,-0.0902068159551178,0.591245236852783,1.60272051259342,0.210736762200144,-0.451048379301382,1.35164712414562,-0.716740111395775,0.224675187688334,0.371972191269767
187,"PI 299164 LSP AGL","Chile","Americas","2",-4.82289443923718,-4.38091269347066,-0.572274414014964,3.29844407146718,-0.888547558155442,1.49076049311855,1.52185738746051,-0.74813736828676,0.268114720738156,-0.874043045959601
188,"PI 299165 AGL","Chile","Americas","2",-3.15555115164652,-1.43883941907145,1.85001780670911,-0.0796796547829766,1.18074037453331,-1.14753328094614,1.54793853407307,-0.90606026938885,-0.494257402274326,0.068177701312771
189,"PI 299177 LSP AGL","Chile","Americas","2",0.98644466704134,0.393238091358726,3.05668107422604,-0.287799541331984,-1.07767863194052,0.374902959606742,1.69041370374365,-0.837225031909768,-1.34286533813367,0.50793752857903
190,"PI 299237 LSP AGL","Chile","Americas","3",4.58116661089541,0.460481985020205,-1.1796220224892,-1.21469294611766,-3.3577332197346,0.829117679112783,-0.259477870427401,-0.386126194700239,-0.34357532320698,-0.766132262774874
191,"PI 299289 AGL","Chile","Americas","3",8.61265594232911,1.31167160682043,1.51923600078219,-1.28061741758915,0.236389625283915,1.80450730591998,-0.263471040017378,-0.805603535402742,-1.80345220708427,0.710879053756635
192,"PI 299312 AGL","Chile","Americas","3",14.5885534470717,2.20972990429426,-1.76081796499286,3.21815397389437,-2.13894532091705,-1.04865972122842,1.13858842726249,-1.26275264734848,0.855383803374934,-0.742271607309974
193,"PI 299345 AGL","Chile","Americas","3",5.01815956831698,-0.481322097796956,1.39559421405514,3.28991885252541,0.45820550485891,0.187356613321409,1.20745837000618,-0.861629996610262,-0.2374567441199,-0.26604603809838
194,"PI 299351 LSP AGL","Chile","Americas","2",-1.3141870712291,2.12970355151926,-5.31061740777686,-3.18609996580824,-0.734396033158404,0.699605598241373,0.811890042583632,0.186597494057956,-0.472929828646476,0.160827190732057
195,"PI 299366 LSP AGL","Chile","Americas","2",-4.20618445565229,0.216724245797906,0.792155849329906,3.34422979188112,-0.838482944265767,-1.39647374514067,0.762586375405374,-0.495092547742124,-0.0074298861574841,-0.0810786202614944
196,"PI 299375 LSP AGL","Chile","Americas","2",-2.23870573377868,0.816788026831659,-2.77816087104346,2.99620222862035,-1.8155534083324,-0.333371533030249,0.890867739905516,-0.755522873689014,0.213773908883549,0.550209030052207
197,"PI 300250 LSP AGL","Syria","Asia","2",1.36423829867981,0.913326505681469,1.26831207495725,1.81096082068729,0.319268571965238,-0.384117414849689,-0.716247846983608,1.98620727385277,-0.727859216358483,-0.0442952252239873
198,"PI 302398 LSP AGL","Jordan","Asia","1",-19.2535088726236,1.77491147245142,-1.98192880781097,0.770904485145531,1.02536875909455,0.66274278040292,0.535342695941319,1.64431478304102,-1.30555245820033,0.138937472287052
199,"PI 308614 LSP AGL","Syria","Asia","2",-0.562970281940695,0.151349556139165,-0.167572769759977,1.6378951328182,0.653171175690396,0.623596591278867,-0.144104989123726,0.997780128816234,0.45645327809147,0.123218553030817
200,"PI 311107 LSP AGL","Guatemala","Americas","2",-3.66477039811334,-0.207179561432845,1.85385536124234,2.07657820122382,2.39195688168021,-0.568103155331086,0.710137304149391,-0.0491485513248747,-0.740298257600624,0.345607696925731
201,"PI 312175 LSP AGL","Mexico","Americas","3",3.6138466734307,2.19559725712043,-1.19876578484224,-1.45262252341658,-2.99402414610144,-1.87547689769182,-0.906637834964721,-0.173396463698622,-0.590550118475681,0.253758766253515
202,"PI 320935 LSP AGL","Iran","Asia","1",-7.41194863967202,4.76660318747114,1.0392134148023,-3.64646773739323,-0.562076249158855,0.63299478117337,1.44231567116835,-0.920634892873426,-0.555586371643115,-0.0699652685951417
203,"PI 320936 LSP AGL","Russia","Europe","3",5.54128043991328,-5.36960428051072,-0.268387346111873,1.12760222095723,-0.650375904737514,-1.03856384829618,0.720515733013562,0.492347515322547,0.186029211255461,0.542008747824169
204,"PI 320937 LSP AGL","Germany","Europe","3",8.55865268455612,-3.6796418285772,5.83977097576598,1.64915903417004,-2.33793186235506,-0.633040553003388,-1.89716774029709,-0.133183593607716,-0.42123643857873,0.405943519400984
206,"PI 320941 LSP AGL","Ethiopia","Africa","2",-0.0733770701033032,0.0479317798083627,-0.942965741462613,-3.15627764670355,0.656800948982327,0.766360465187932,0.741142625909375,0.207110447569403,-0.122769922907188,0.317489996338976
207,"PI 320945 LSP AGL","Bulgaria","Europe","2",-2.57740404291311,3.05537451222314,2.64511838422754,0.804124029978427,-0.592645607216217,-0.104513539612113,1.32920441872816,0.32731964548172,-0.338698394742134,0.164433352378842
208,"PI 320946 LSP AGL","Israel","Asia","1",-10.0373869453117,-2.25682521600676,-1.18244407248062,1.90319938028578,-1.12010237454984,0.875134711280167,-0.714196205969761,1.36790958769943,0.051530185779931,0.788290653044564
209,"PI 320952 LSP AGL","Czech Republic","Europe","3",14.8796949042397,-3.97855861177702,1.67624289086025,-0.753015145412067,-1.2755083216632,-1.64200452732125,-0.460853755517172,-0.171727417704704,0.585206943589427,0.223699172851519
210,"PI 320953 LSP AGL","Germany","Europe","3",4.9804009516103,-4.17572780570039,2.35676654270592,-4.54509247177448,1.82169031911918,-2.37767547789435,-0.34871564965851,0.291070025504202,1.0624907666863,0.26834289049856
211,"PI 320954 LSP AGL","Hungary","Europe","2",0.107303056311553,0.834197929348026,0.868645651721335,0.833249261404663,-1.03545548035909,-2.7714344377632,0.154365415283622,-0.107388112001463,0.19459791026885,0.631460562678999
212,"PI 329157 LSP AGL","Iran","Asia","3",11.2657866419772,0.364979701471441,-1.31666859271713,0.0567489810413561,-2.96483294176948,-0.756667395764478,0.501878427499681,1.57541727601363,0.435832397699981,1.06987656946639
213,"PI 329167 LSP AGL","Iran","Asia","3",14.3632539333305,2.25534385746698,-5.36142307767587,3.02186327709813,-2.32906329754435,0.744859429092562,-0.129802769257701,0.339953171697496,0.299389774629799,0.514643490625429
214,"PI 339266 LSP AGL","Turkey","Asia","3",3.31662931075282,-2.93365203515275,1.63114096350135,1.97385266367633,-3.16450407120241,0.248639003971004,0.191984612334119,0.735682409710414,-0.237596535330683,0.582315653172454
215,"PI 339283 LSP AGL","Turkey","Asia","2",-4.93699184023559,-2.78163307845121,-1.48837398845523,1.36668231450056,0.919748269249214,1.09041910549173,-0.351448686627019,1.88545049956333,0.501034853728077,0.128114452972558
216,"PI 339285 AGL","Turkey","Asia","2",1.1987642048399,0.843592720316707,0.447636118426484,1.28080197162685,-0.133878337499456,1.52614766680744,1.98276622722176,1.62872280154658,-0.170229921368408,0.253513451081516
217,"PI 339289 LSP AGL","Turkey","Asia","2",1.67157530623985,-1.91498298332366,2.13476143699092,-2.44904621167351,0.180307467083953,1.53730431900275,-0.189496955869601,0.0296484885653191,-0.897889068479014,-0.0449269786007394
218,"PI 339292 LSP AGL","Turkey","Asia","3",14.2776377636045,1.16826252546577,1.58604303674253,-1.97881570410932,-0.829483539453139,1.56835280793156,-0.0148102547255477,0.390955725733305,0.358663854446139,0.335868693837371
219,"PI 339296 AGL","Turkey","Asia","2",-2.90005873026213,0.448321613425661,1.06711610134788,-4.59136156503735,-0.450416754117058,0.446235949437564,0.67418446874961,0.278315759104911,-0.0279199972211014,0.143626448941149
220,"PI 343026 LSP AGL","Tajikistan","Asia","3",4.21587958830245,0.79892298339951,2.25580481327489,-1.03021984835857,-2.26602285452905,1.06699514481198,1.47787021314567,0.226284629306356,1.20110441061506,-0.257791790947305
221,"PI 345627 LSP AGL","Ukraine","Europe","3",6.18762527937594,-0.473439891615772,-1.0901880263021,1.00199937810205,0.796509606863315,-0.723698453481158,0.461087567159052,-0.985982327270231,1.7117803820751,0.989950570132881
222,"PI 358602 LSP AGL","Ethiopia","Africa","2",1.25487386723518,-2.40694059532553,2.26295115148009,3.46784738198383,-4.09638320512613,2.04617294112486,-0.0405636355634023,-0.10047412563856,0.442978220590739,1.36507311523059
223,"PI 368647 LSP AGL","Macedonia","Europe","2",0.575709440158146,0.564931188401039,5.40458108927756,2.38812692248184,-6.7110124851877,0.327071088629341,0.562306976857862,-0.196979470710509,0.171650111409641,0.739225462961964
224,"PI 368651 LSP AGL","Macedonia","Europe","2",0.021008074555637,-0.162255549432617,3.98963514590022,-1.51752679877935,0.322421314833798,0.425414046858101,0.689012881259175,-0.780401901124774,0.866308442985659,0.299526760774737
225,"PI 370481 LSP AGL","Serbia","Europe","3",7.93909169397176,2.39550156012571,2.31774939058199,-4.00617126944112,2.0774579252848,-3.50996238074848,1.03374875062581,0.334794150247852,0.324917664101217,1.05077407858843
226,"PI 374116 LSP AGL","Morocco","Africa","1",-7.66546651398268,-1.29715199058157,-1.43626803261463,2.94374292650407,1.07876507720864,-1.34474723747291,-0.125957026303284,0.328279309205078,-0.244947881149712,0.65229528500971
227,"PI 374117 LSP AGL","Morocco","Africa","2",-1.05161129813087,-1.54759321119955,1.16153361162933,-1.25972828822171,4.3400956851548,-0.836907860689669,0.420186542029577,0.555249804764855,0.215937880594762,1.28780812955941
228,"PI 374118 AGL","Morocco","Africa","2",-1.57861794904074,-1.93170246931859,-0.971424029595408,1.94214123177729,-0.383505995140731,0.375644650156383,0.973208508031726,0.160390442496572,-0.180577341984265,0.50136541556703
229,"PI 374120 LSP AGL","Morocco","Africa","2",-3.70129982156302,-1.23361365233493,-1.00775563528997,-1.11889694126564,-0.759148300764962,-1.97702174705724,1.84384098501277,-0.189883977798992,-0.0952246814470862,-0.0735267233059152
230,"PI 374121 AGL","Morocco","Africa","2",1.74418333205021,-1.66975465365305,-2.09870495938031,2.06575506858197,-2.10065628851068,-0.189350490496578,-0.420210429696718,0.436958603493591,0.510004609729848,0.162289971925126
231,"PI 379368 LSP AGL","Macedonia","Europe","2",2.20896398967676,0.148964267840128,-3.35061945145432,1.52766836502602,-0.405956904305027,-0.307726649093566,-0.193767990400722,-0.0802917802165647,0.205788345499185,-0.34034164459133
232,"PI 383682 LSP AGL","Turkey","Asia","3",15.0688660024476,-0.148870054277884,-0.0121313598361824,0.0520566728165943,-0.810586252448331,2.0802341447959,0.170498415294661,-0.253353363663112,-0.300614239344993,0.478201512699619
233,"PI 420818 AGL","Greece","Europe","2",-4.50719329754087,-1.0719101711975,-0.980274070063828,2.72681808894172,1.38891289751357,0.718151406505901,1.13657395231688,0.13732573460189,0.465206457683864,0.851373040542864
234,"PI 420924 LSP AGL","Jordan","Asia","3",5.05482786928047,0.552707579780512,1.76435836360148,-1.64653042104225,2.23823773432481,-2.80687087857064,0.077138553585675,1.21227256499912,0.252120278530231,-0.045879664678146
235,"PI 420925 LSP AGL","Jordan","Asia","2",0.00483779147777478,0.486141263131123,0.149417714470465,0.00612999299550696,1.63812875420886,-1.1921809457695,-0.347043583155319,2.91284682377752,-0.0346149890871836,-0.641424911600642
236,"PI 420929 LSP AGL","Jordan","Asia","3",5.10307753273587,1.39652835572246,1.77409344573956,1.30276775571091,0.163761350878284,-0.851406997877012,0.0917366736229799,1.82256584132546,-0.0243846861283879,-0.161302665070687
237,"PI 426202 LSP AGL","Afghanistan","Asia","2",0.0622330503463084,1.99220120048292,-1.20800389838812,-0.250357264517177,0.344660160681187,1.72890619753628,1.1384649758059,0.590306310733721,-0.0309392134692377,-0.0100812528253078
238,"PI 426778 LSP AGL","Pakistan","Asia","2",-5.25655524204865,-0.442588226164184,-1.23970886057256,-0.508127143788229,-0.75205166387781,-0.985513025505783,1.78131770611548,0.585191196248644,0.392738434209658,-0.230156186223139
240,"PI 426797 LSP AGL","Pakistan","Asia","1",-15.7412392499815,0.0737603077033218,1.31469183816186,1.7121341152325,0.468424842801913,0.309154221701978,-0.55032802417666,-0.375148869274749,0.461432938296888,0.327109001688485
241,"PI 426807 LSP AGL","Pakistan","Asia","1",-11.5904532483429,-6.49008584319988,1.02467690489547,-1.5962233663041,0.205615507699352,1.52318596627494,-0.358289598641399,0.040368538359128,-0.0732757678543779,-0.0451943787515725
242,"PI 431618 LSP AGL","Iran","Asia","2",1.70308216763076,1.67123887054459,-1.30488222433,0.00713896610170442,-0.458297128253236,0.695045818385337,1.56973756984565,-0.413909156990486,0.127345755827559,0.674166085176606
243,"PI 431622 LSP AGL","Iran","Asia","2",-4.67590063547797,1.49451597863508,-2.63141948980946,-1.53002099893429,-2.91567897371729,2.3835929331556,-0.103073709786831,0.756969281945501,0.154184805746084,1.23068236505871
244,"PI 431630 LSP AGL","Iran","Asia","2",-2.69001915685394,-1.51473049200198,0.407022748923443,-2.4930603402159,-1.19776550990487,0.137151279016209,0.475385248745976,-0.103548556946353,0.0392170152066668,-0.193812504831867
245,"PI 431633 LSP AGL","Iran","Asia","3",12.1136754932073,1.22260870715413,2.60726992077849,0.222483915129651,0.492728747989334,0.344762442420399,0.873548057534875,-0.174291911524837,-0.560535712396515,-0.518755263265045
246,"PI 431636 LSP AGL","Iran","Asia","3",8.6709375251076,2.76213971650328,-0.0602008724314842,0.658180235606348,1.09610635647213,-1.53312661008618,1.83681488427194,-0.0209606220270116,-1.56968350822238,0.0362507632334962
247,"PI 431643 LSP AGL","Iran","Asia","3",11.5334566471912,-0.505042497439804,-0.772294782097537,-3.09353422190696,-1.60424110230142,-0.041394843288685,1.52204500673957,0.182328398793,0.112093175328559,-0.37626224209317
248,"PI 431662 LSP AGL","Iran","Asia","3",3.68711580293429,2.86304585997079,-0.311273483354528,-4.31916326835757,-1.33352664816872,0.444286655579862,0.201895051091867,0.0706601851193363,0.485987820376136,0.120494206760099
249,"PI 431663 LSP AGL","Iran","Asia","2",-5.45932021983585,2.17110702630435,-2.97091663784529,-5.0549095004799,-0.184473898574718,-0.0594777493116112,-0.76763625437559,0.390424157326195,0.648404082652862,-0.681132787234211
250,"PI 431679 LSP AGL","Egypt","Africa","3",4.07566253081011,3.69368190293348,0.792865012029241,-2.35595335100599,0.280785051673213,1.42223839779791,-0.400112205695975,0.90662314122279,-0.350336717667716,0.130405482329924
251,"PI 431684 LSP AGL","Iran","Asia","2",-5.28826341898656,-1.83085254995249,1.28238423647111,-5.44273234535151,-1.50649328460849,-0.0840926217245234,0.0966537694349974,1.01744234329616,-0.458121873201995,0.820930588548154
252,"PI 431705 LSP AGL","Iran","Asia","1",-7.51293534909477,5.34598841643942,-1.5779547867454,-3.62131916408397,-1.04664040189884,0.936944901938094,0.262372451957442,-0.354695248032137,1.23802291317863,0.657202224027842
253,"PI 431710 LSP AGL","Iran","Asia","2",-2.96696068743628,1.52395553602405,1.39220012568751,-4.73156158041268,-0.314959287225879,1.2019929947278,0.0762651611122878,0.276941893355114,-0.31721575059386,0.859206809006318
254,"PI 431714 LSP AGL","Iran","Asia","3",3.41000709430211,2.5776473488384,-2.47855527513499,-4.54453786573233,-2.1895673954293,0.6848194112323,-0.404697170906881,-0.315348894833568,0.243695065648382,0.240969940278913
255,"PI 431717 LSP AGL","Iran","Asia","2",-3.80388660393163,-5.27867970567481,1.39085404171754,-4.4292582590141,1.23103167952405,2.09841001890504,0.166402307223151,-0.207403726390698,-0.115038391202202,0.0259784532313953
256,"PI 431728 LSP AGL","Iran","Asia","2",-1.33500078896596,3.47084828884081,-2.86866694599742,-3.0373892609385,-2.51923248695236,0.00658779467025181,-0.104774210083489,0.585105448244953,-0.514894456541295,0.153010218420352
257,"PI 431731 LSP AGL","Iran","Asia","2",-0.180032812525931,-2.81613828192995,-3.62653046712116,-3.76944746930741,-1.29422010629678,0.576282763845349,-0.638646802544402,0.0226779191298102,0.196069328854385,0.586368241060661
258,"PI 431739 LSP AGL","Iran","Asia","3",7.68816174067184,1.72522870890997,-3.79864382188952,-2.90478607655312,2.6679723732387,0.943056881502158,-0.16395284515023,-0.539301660737606,1.14468174941153,-0.863400818714797
259,"PI 431753 LSP AGL","Iran","Asia","2",-1.52781945134899,-2.02908545816775,-3.55709400062032,-3.28710698831699,2.21999520130779,0.788889610638294,-0.672739128630635,-0.371005846584777,0.817131465569266,0.896786799857669
260,"PI 431756 LSP AGL","Iran","Asia","2",-1.72030640956955,0.311138703229718,-2.13787530272243,-1.8217313982618,-1.72879014017275,1.19098912135897,-0.644488267280498,0.650697530778449,0.00277430534204387,0.413954352533636
261,"PI 431809 LSP AGL","Iran","Asia","2",-5.89735435488766,-5.32074181854595,-1.68281091913211,-3.77619662892986,1.33782491110264,0.176172317305892,1.82668086385255,0.283717525694106,0.0116151037508095,-0.0948124132676072
262,"PI 431824 LSP AGL","Iran","Asia","3",3.26907491756159,-5.73920862445121,-2.61214594389559,0.450619807533395,-1.44989123747316,-0.508519294264606,1.07263198065002,-0.622683348918526,1.74470762055814,0.0800387020263554
263,"PI 431863 LSP AGL","Iran","Asia","2",-4.80448968562792,4.32474396668159,-3.74451028358066,-2.6190402268066,1.30706543756043,-0.725345106198635,1.15679547271038,-0.854473264821842,-0.768953923635651,0.559186935055228
264,"PI 431873 LSP AGL","Iran","Asia","1",-10.9235879151169,0.689609912814379,-2.54172192062148,-0.783732888027823,-2.17747563659997,-0.867681005021857,0.372817466683974,-0.111040436098251,-0.205491516172738,1.18613309909814
265,"PI 431884 LSP AGL","Iran","Asia","3",4.76762389682997,-0.221089775028231,-4.07398126285005,-1.32318675637829,-1.80580633713338,-0.624928871257045,0.0991493185466847,0.03018848941697,-0.761207570780355,0.22202133379776
266,"PI 431888 LSP AGL","Iran","Asia","2",-0.067096072028268,-1.46324515356328,2.90142451930783,-3.69358004584161,-2.88758345965425,-0.982306483271588,-0.378205946323348,0.397901891405646,0.0584376279587052,-0.0979198455840264
66,"PI 431893 LSP AGL","Iran","Asia","3",5.15435362513855,6.50294493822459,-0.605573632720138,-3.81342242281136,0.205656555695433,-0.406531333246939,-1.17835172545271,0.139534008928899,-0.026736472572122,-1.24670149252859
267,"PI 431923 LSP AGL","Iran","Asia","2",-1.40312202078374,-0.202037975913176,1.15794253899988,-1.76909564560373,-2.35286083936964,1.90029118363235,0.360684203443085,1.12450088503772,0.185047618710443,-0.548738497903757
268,"PI 431980 LSP AGL","Iran","Asia","3",20.1880794752743,0.930920897407986,0.36342316462766,0.894266857471436,-3.96767710935778,0.581196904316349,0.405252968829398,0.718206590287469,-0.0887089033565413,1.37514704859052
269,"PI 432000 LSP AGL","Iran","Asia","2",-3.98410364894186,-1.70389356369537,1.11001793787633,-3.82570660395004,-2.02514858237684,0.326454238694152,1.2489528081068,0.324280906276231,0.301771583557992,0.292843507187167
270,"PI 432001 LSP AGL","Iran","Asia","3",11.7414660052121,1.31109650422919,-1.17739643533804,-3.73445223277758,3.90848754007117,-0.975118006692748,0.452036302617508,-0.20961854824179,0.000141787450187164,0.00168542626250862
271,"PI 432002 LSP AGL","Iran","Asia","2",0.990139075632287,0.835339952778537,0.0501156116560192,-4.88660531337679,1.31287757442461,1.42707337253059,-0.163595879983242,-0.132876010571121,0.531536370583992,0.714695264987519
272,"PI 432005 LSP AGL","Iran","Asia","2",2.1595374865016,-0.352147937736722,0.779426676007873,-0.658986789732537,-1.51361941890073,0.179523588000602,0.225242863334076,-0.920585556731867,0.119292433556529,-0.0449846234414086
273,"PI 432028 LSP AGL","Iran","Asia","2",-4.43759348167749,0.947159891087538,-0.383777751598568,-2.33417356114623,-2.05743417867415,1.14219395155662,0.111397232083254,0.614921480934932,0.259072892309601,1.09119789028082
274,"PI 432033 LSP AGL","Iran","Asia","1",-6.49293872381585,-3.07575267301754,-5.69002905504857,-2.59773633952576,0.368246582999548,0.877366140091168,-0.374685248132007,0.388603310033859,0.323701997002839,0.888098742840771
275,"PI 432085 LSP AGL","Iran","Asia","3",11.7055937002789,0.434691814467442,-1.58328863672349,-0.933608911236679,-0.304500917565588,-1.25982407508063,-0.185096122114273,0.817383154756173,0.294623541108245,0.669666180983275
276,"PI 432106 LSP AGL","Iran","Asia","3",6.71812975145898,3.66677120197933,-2.43212764175692,1.68158906336104,0.918859863779136,0.238683881931683,1.41092038073827,-0.837420964203692,-0.705230449757448,1.38716440450729
277,"PI 432124 LSP AGL","Iran","Asia","2",-3.60986037288889,3.1297533549187,-0.185618417054329,-4.74429387726871,-2.00446339323617,-0.0564634019682242,-0.556883358438812,0.181827476560437,0.54703863842827,0.984666437047071
278,"PI 432145 LSP AGL","Iran","Asia","2",-0.140535156834933,3.82817606628492,-2.86543706560129,-4.18650673604955,-1.01669431199188,0.212486871327369,-0.339373700718956,0.14895656529971,0.603619302763518,1.02236108944105
279,"PI 432147 LSP AGL","Iran","Asia","2",-2.26087733035323,2.51705094095468,-0.111879462409277,-4.51244575248478,-1.27117733323893,0.943579627825374,0.519600599741951,0.216591545880133,0.797913554641585,0.461842941965642
280,"PI 432184 LSP AGL","Iran","Asia","3",5.11991332526453,1.34347378179739,-1.56262493615961,0.131380363630841,-2.27578341930279,1.32253432060118,1.44678155768138,0.131468409421831,0.236597621459816,0.171241497221968
281,"PI 432188 LSP AGL","Iran","Asia","2",-2.85730624838339,-1.16632937510104,0.20824187895474,-1.30553203321791,0.0901228513345442,0.123323740776685,1.01634442302533,0.744221761584455,0.136198015516718,0.290068189828063
282,"PI 432190 LSP AGL","Iran","Asia","2",-2.29135274965514,-1.5819073392355,0.378126201918518,-0.0918204852269732,-0.309611828714484,-2.67984024176503,1.03275515689158,0.12689000398924,-0.741916281319149,0.73789345469545
283,"PI 432201 LSP AGL","Iran","Asia","2",-2.95082142460702,0.858570572143058,1.47996531482134,-1.85356346570246,0.445379633062408,1.73091963071963,0.817650371600455,-1.58614196365939,0.61615427397144,0.601743670940864
284,"PI 432212 LSP AGL","Iran","Asia","2",1.72089179808229,-1.34000402866732,-1.07078175920706,-4.13824114183533,1.41680934429679,1.00162796618262,0.454758796691731,-0.205226949170137,0.459539806887875,0.85816895765225
285,"PI 432236 LSP AGL","Jordan","Asia","2",-1.6645172497125,-2.30618366414731,0.906811128464637,-1.69721340286856,-1.00066464837672,1.89085692502249,-0.0598850549629064,0.446013092320213,0.940385653819167,0.05150424675844
286,"PI 432245 LSP AGL","Lebanon","Asia","3",5.36123444063259,2.41405949719496,1.56082229234982,-0.0248439877626522,0.800189496875665,-0.22232848995465,-0.0959147813691468,-0.675382937838528,0.683281411516802,0.776989316864105
287,"PI 432271 LSP AGL","Turkey","Asia","2",2.47547220673471,-1.24927633999889,2.90596289149902,0.551202740664432,-0.729792692771131,0.984655154153406,-0.431953979430175,-0.569207752361015,0.113212018844499,1.16076347857619
288,"PI 432286 LSP AGL","Egypt","Africa","2",-0.144332951601156,1.43992400875686,1.50349475633709,0.874064502397685,1.92026496079539,-1.13636438584545,-0.322427451336693,0.249006648866029,0.167493449314168,-0.0733201134564988
289,"PI 451763 LSP AGL","USA","Americas","2",1.80103365924926,3.94197566557364,-0.896594346255142,-0.310037635451208,-2.01107137046668,-1.86320022489807,0.861887712522103,-0.724730294631272,-0.768055236285339,0.331005469306727
290,"PI 458503 LSP AGL","Mexico","Americas","1",-13.5146692244357,0.969227535495006,-1.81708173499005,2.02957793655627,-1.23854289821711,-1.05059474523314,1.57050302447693,-0.0862381602787316,0.215373433395515,0.585697890592214
291,"PI 468900 LSP AGL","Brazil","Americas","2",2.27463540455226,-0.240892732872128,2.15015344153937,-0.0147613716439709,-0.996193713214742,-0.824576515846683,0.346941329216327,-0.15677606212236,0.922651989569494,1.20212289461144
292,"PI 468901 AGL","Brazil","Americas","3",11.3157013746337,-1.93068018441491,-0.0466233676609101,1.00382705579883,0.177742886873844,-1.12129633246604,-0.281467481136612,-0.643669926321315,0.520791802310265,1.67517642948773
293,"PI 468902 LSP AGL","Brazil","Americas","3",4.62464675833011,1.35364851989813,-2.01879300329324,2.29956357505858,-0.167018359111228,-0.234267320209203,0.177673943965626,-0.174730771378827,0.87474267502921,-0.0377492494891155
294,"PI 472136 LSP AGL","India","Asia","1",-9.33323817397462,3.02396216217885,1.74546126062556,0.57797210168046,1.81730293799301,0.366925896162092,-0.0929957745810654,-0.0941398787873045,-0.196600870740537,0.930062115289557
295,"PI 472205 LSP AGL","India","Asia","1",-10.8469798563143,2.88781395569906,0.585058099078496,0.595569365938749,0.820314492840273,1.41918405954127,-0.979260017865111,0.284873030721815,-0.900817142059973,0.962142931384709
296,"PI 472213 LSP AGL","India","Asia","2",-3.17417859989614,0.0136533672825489,-0.171298717805318,-1.14216407566069,0.245604567517519,0.542125953523022,1.30803623662537,0.224954471795421,-0.511150853693578,0.764243281981367
297,"PI 472327 LSP AGL","India","Asia","1",-9.54149906888369,4.59433727657125,0.867490231106071,0.483367705707758,1.43469317409669,0.711939876968512,-0.240293428252803,-0.545517178927807,0.225461666631678,1.21685572124288
298,"PI 472380 LSP AGL","India","Asia","1",-13.8298684329724,-0.268369020190763,1.21732338387075,1.89744496094985,-0.0616635259192917,1.24864072085844,0.618733468486849,-0.657312133635461,0.624182235135416,0.239178105088989
299,"PI 472416 LSP AGL","India","Asia","2",-3.85071850573469,0.266854702126815,1.70243058477249,-0.629027370888007,2.9679277541809,0.238666041015576,-0.976388006101066,-0.608616033475533,1.04020155890995,0.757774863799905
300,"PI 472488 LSP AGL","India","Asia","1",-8.52787514059065,0.562579651744173,1.19209040323692,-0.423821819476268,1.16947882742325,-0.973948154501451,-0.242159638015886,0.607755755518381,-1.4652813685818,0.243362607788524
301,"PI 472559 LSP AGL","India","Asia","1",-8.03706445077599,4.33259516376154,2.77816278815822,1.31976152657405,1.50578318714756,0.707337562315157,-0.605097725021632,-1.04081673638393,0.930314856228685,0.987608071709072
302,"PI 472561 LSP AGL","India","Asia","1",-11.0223049555854,1.6134859772439,1.13099489906377,0.892269878408937,1.0787911245282,0.305091124162262,-0.393835039318769,0.036690072929884,-0.302439008770971,-0.0586624932888582
303,"PI 472569 LSP AGL","Egypt","Africa","1",-13.3714302678896,2.41855691888768,0.0913301432654015,1.70847325355176,2.50721760990801,-0.0205790810571827,-0.300881156621057,-1.06060207079697,0.488472117116031,0.824770135991575
304,"PI 472588 LSP AGL","Egypt","Africa","3",9.68584096703333,-1.37975384050546,1.01186377222528,0.0908833304859048,3.01809701977542,0.562831940049351,0.35455370905217,-0.613978717351527,-0.0348485926052583,0.570882969291747
305,"PI 472590 LSP AGL","Lebanon","Asia","1",-7.55810165656719,1.41562189332204,-6.19070993559249,0.071731935779677,-0.156934862524437,1.97683869954383,0.480510547924145,-1.23745242703986,-1.03744332634273,0.355352529934759
306,"PI 472615 LSP AGL","Jordan","Asia","2",0.134660749015752,0.239459469026356,0.480191595284643,3.6031348771473,-0.211534990405679,0.718318644493224,-0.495827860257711,0.863530554456474,-0.298231907930725,0.212791899052731
307,"PI 472629 LSP AGL","Iran","Asia","2",-5.13591309270819,-2.34156383663798,-4.71290273501762,1.27536938103908,-3.96116691064428,1.63019915341748,0.360541982179792,-0.467487585335985,-1.82919141129878,0.1593217371372
308,"PI 477921 LSP AGL","USA","Americas","3",3.38843530108854,-8.32524532520909,-1.41444218087612,0.436612980291966,1.95364055255727,0.441578065431883,1.51133948681647,-1.12942987359511,0.0695586954274906,-0.0743691924387511
309,"PI 490288 LSP AGL","France","Europe","2",-3.58757269837057,0.304827734994943,-2.70960599055866,5.51012498404095,-1.09638050656073,-1.35307340310749,-0.625006864311588,-0.199871847618177,1.14016025110532,-0.179110138571561
310,"PI 490289 LSP AGL","France","Europe","2",-3.28043019700126,-1.2163612804311,1.90568812916008,2.35007316002448,1.05142113941286,-3.16502717507943,0.0548449843607166,-0.25213049345971,-1.91240674072657,-0.130315833062332
311,"PI 508090 AGL","USA","Americas","2",-2.28577377443048,-5.24747494173626,1.17098845578526,-1.60904095919756,-1.43773426001863,-1.19866575479977,0.615108091375837,-0.675403600291214,-0.804123819622406,-0.655522466670034
147,"PI 518731 LSP AGL","Brazil","Americas","3",3.42146043682869,4.61427607313066,3.29237808596753,0.468641379134672,-2.91921827625052,-0.182310276786725,-0.691948300275325,2.82271224064908,1.38227847968058,-1.18315501322218
312,"PI 518733 LSP AGL","Brazil","Americas","3",5.62805274413435,-0.766509788988685,-0.0568004278847749,0.915212091881887,0.422406725537744,-1.45276726644908,-0.11314292571402,-0.479479866201324,-0.0186541506399054,0.587457869788829
313,"PI 518734 LSP AGL","Brazil","Americas","3",4.20893555542358,-2.00875577669523,-0.597849121343754,0.934036260716509,4.28552265024426,-1.01691685769028,-1.23135511645857,-1.38011718088419,0.553623906056199,0.636420781108543
314,"PI 533688 LSP AGL","Spain","Europe","3",5.7267698490364,-2.3024617831592,-3.47887509769233,1.64988624707957,1.50807464896293,-0.772879141868379,0.0557907482324029,-0.70604516367009,-0.601402602193909,0.276952730290135
315,"PI 533693 LSP AGL","Spain","Europe","2",-1.32552708313746,-0.943005704757728,0.500942069959176,3.29232170846999,-0.461421204497362,-1.61962916767868,-0.193416675050709,-0.396851286060695,-0.489865030883289,0.302828199828045
316,"PI 612875 AGL","Syria","Asia","2",1.76088620237417,2.45631306996711,3.19861697023692,1.28896654232393,1.29099488312493,1.47216384487138,-0.926691343323325,-0.427692434370001,0.595229932916162,0.0216896214001375
317,"PI 643451 AGL","Ethiopia","Africa","2",0.448390552874579,1.22560089081825,1.6128709738485,2.59286370397707,2.15414945018687,0.785953691427605,0.378960557146747,0.749219187826201,-1.68731716112267,-0.0297057631113325
318,"PI 643452 AGL","Syria","Asia","2",2.5108900595975,4.2228068379446,2.96981080736334,2.40165290275159,3.41807955583181,0.178671087498603,0.00114443325904502,0.241223188106082,-0.722407691439443,0.422649666323681
320,"W6 27754 LSP AGL","USDA","Other","1",-9.56979616343554,-5.4413589155652,-1.90181821397031,1.29825281764541,-2.3518366599917,0.536731421316173,-1.27596911243869,-0.334705320689755,0.988048710020547,0.779723416265572
321,"W6 27760 LSP AGL","USDA","Other","2",-3.55339043860586,-4.89461371363676,1.76854136955932,1.51353044407262,-1.07384813527563,-0.282351302295105,-0.55215629613634,-1.465535356371,0.514714917225192,-0.171185919150393
322,"W6 27763 LSP AGL","USDA","Other","2",-1.83216228027895,1.28765134955886,-3.52340282798611,-1.70164893064704,0.879859271611753,-1.9426677202908,-2.01371264483487,0.0399434297506382,-0.0248422531217637,0.416289111604646
323,"W6 27766 LSP AGL","USDA","Other","1",-5.86677375777191,3.77150577166713,-1.10547653708852,-2.04768349206744,3.49601986574812,-1.92693411132163,-0.412185593264067,-1.0506053483158,-0.327596118734549,-0.303023484264516
324,"W6 27767 LSP AGL","USDA","Other","1",-8.40143527199441,-4.89155457266026,1.81820005117718,1.7655267195367,2.81671180380838,1.04412393163133,-0.680454720203737,0.983961155289093,-0.389247388803456,-0.180534635031006
