"Name","Alanine_Ro16","Arginine_Ro16","Aspartic.acid_Ro16","Cysteine_Ro16","Glutamic.acid_Ro16","Glycine_Ro16","Histidine_Ro16","Isoleucine_Ro16","Leucine_Ro16","Lysine_Ro16","Methionine_Ro16","Phenylalanine_Ro16","Proline_Ro16","Protein_Ro16","Serine_Ro16","Threonine_Ro16","Tryptophan_Ro16","Tyrosine_Ro16","Valine_Ro16"
"X3156.11_AGL",1.1705,1.9601,3.3108,0.2446,4.6282,1.1539,0.8896,1.2125,2.1126,1.9314,0.2777,1.4088,1.2104,29.1435,1.3997,1.0439,0.2218,0.826,1.3862
"CDC_Asterix_AGL",1.2152,2.0455,3.3906,0.2526,4.684,1.1561,0.9098,1.241,2.1255,1.9464,0.2793,1.4315,1.2373,29.8997,1.4317,1.051,0.2231,0.8318,1.4002
"CDC_Cherie_AGL",1.1702,1.9912,3.3409,0.2533,4.6136,1.1328,0.8608,1.216,2.0995,1.9111,0.2688,1.4053,1.2195,29.363,1.4022,1.0125,0.2198,0.814,1.3776
"CDC_Glamis_AGL",1.1706,1.9764,3.2685,0.2644,4.5781,1.158,0.8338,1.2276,2.0872,1.9216,0.2744,1.4201,1.1898,28.8665,1.4249,1.0458,0.2196,0.852,1.3844
"CDC_Gold_AGL",1.2621,2.0378,3.3859,0.2751,4.5995,1.1155,0.9324,1.2719,2.1358,1.9249,0.2569,1.4554,1.2376,30.3265,1.4493,0.9945,0.2276,0.8512,1.4087
"CDC_Greenstar_AGL",1.1909,2.0292,3.3476,0.2591,4.7378,1.1908,0.8193,1.2542,2.1552,1.967,0.2816,1.454,1.2252,29.4712,1.4481,1.0792,0.2257,0.8664,1.4147
"CDC_Imax_AGL",1.2107,2.0915,3.6128,0.2551,4.91,1.2849,0.9407,1.2733,2.1974,1.9874,0.2463,1.4497,1.2119,30.4095,1.4887,1.1504,0.2519,0.8829,1.4508
"CDC_Impower_AGL",1.1893,2.0602,3.4578,0.2478,4.6627,1.2249,1.0372,1.2258,2.1241,1.875,0.2381,1.4036,1.2275,29.943,1.4222,1.104,0.2443,0.8467,1.3717
"CDC_KR.1_AGL",1.2363,2.0301,3.3729,0.2572,4.6358,1.1747,0.9424,1.2249,2.1204,1.9294,0.2791,1.4211,1.2415,29.7385,1.4185,1.048,0.2269,0.8308,1.3872
"CDC_LeMay_AGL",1.1693,2.0832,3.3339,0.2416,4.6896,1.1497,0.884,1.2293,2.1287,1.9428,0.2795,1.4356,1.2152,29.8004,1.4404,1.0298,0.2223,0.841,1.4143
"CDC_Maxim_AGL",1.2316,2.0634,3.4977,0.2582,4.6384,1.2145,0.9789,1.2408,2.1197,1.8668,0.2278,1.4093,1.2503,30.0816,1.4297,1.0276,0.2449,0.8109,1.3764
"CDC_QG.1_AGL",1.2094,2.1693,3.4954,0.2583,4.9203,1.2172,1.0015,1.2926,2.2311,2.032,0.2833,1.4984,1.2517,31.0244,1.507,1.0942,0.2315,0.8894,1.473
"CDC_Red_Rider_AGL",1.2577,2.1998,3.6379,0.2683,4.9663,1.2274,0.9474,1.284,2.2278,2.0306,0.282,1.4972,1.2748,30.9448,1.4976,1.1084,0.2403,0.8852,1.4672
"CDC_Redcoat_AGL",1.3458,2.0188,3.481,0.2882,4.6559,1.2033,0.7574,1.3012,2.1659,1.9951,0.2549,1.4835,1.2402,29.279,1.4929,1.0376,0.2386,0.8347,1.4617
"CDC_Redwing_AGL",1.2738,2.1567,3.5467,0.2649,4.9262,1.1826,0.8332,1.3082,2.2228,2.042,0.2827,1.5062,1.2633,30.5975,1.5166,1.0717,0.222,0.8697,1.4625
"CDC_Robin_AGL",1.2387,2.2079,3.6129,0.2691,4.9171,1.2148,0.9508,1.2782,2.2267,2.024,0.2899,1.4991,1.2506,30.8844,1.5046,1.1292,0.2319,0.8847,1.4632
"CDC_Rosebud_AGL",1.2351,2.1369,3.5627,0.2712,4.8415,1.1976,0.9023,1.2771,2.1983,2.0319,0.291,1.4859,1.2338,30.6309,1.4989,1.1326,0.2314,0.8882,1.452
"CDC_Rosetown_AGL",1.2082,1.9562,3.3091,0.248,4.6036,1.1683,0.8965,1.2154,2.1044,1.9337,0.281,1.412,1.2007,29.2956,1.4184,1.0325,0.2253,0.8305,1.3903
"CDC_Rosie_AGL",1.1804,2.0258,3.3918,0.2636,4.6979,1.1549,0.7705,1.2451,2.152,1.963,0.274,1.4543,1.2097,29.2779,1.4513,1.0573,0.2213,0.8334,1.4213
"CDC_Rouleau_AGL",1.1978,1.9708,3.2971,0.2365,4.6338,1.1492,0.9711,1.2238,2.124,1.9265,0.2706,1.4172,1.2226,29.6445,1.4098,1.0582,0.2228,0.824,1.3918
"CDC_Royale_AGL",1.2995,2.0237,3.3913,0.2671,4.6475,1.1869,0.9121,1.2683,2.151,1.9688,0.2728,1.456,1.2611,29.7455,1.4396,1.0273,0.2271,0.8235,1.4269
"CDC_Ruby_AGL",1.2963,2.26,3.7395,0.2787,5.069,1.2532,0.9293,1.3261,2.2875,2.0582,0.3012,1.533,1.2896,31.6437,1.539,1.1469,0.2416,0.9013,1.5083
"CDC_SB.1_AGL",1.0602,1.7227,3.0483,0.2442,4.1636,1.029,0.762,1.1095,1.902,1.7481,0.2619,1.2795,1.1261,26.4532,1.2846,0.939,0.1973,0.7593,1.2367
"CDC_Sedley_AGL",1.3131,2.0765,3.4624,0.2855,4.6809,1.1916,0.8579,1.3051,2.1672,1.957,0.2647,1.4845,1.2554,29.5034,1.4739,1.025,0.23,0.8377,1.4526
"CDC_Vantage_AGL",1.181,1.9643,3.3483,0.2664,4.5951,1.1652,0.8533,1.2215,2.0986,1.9316,0.2823,1.4171,1.2034,28.9538,1.4165,1.0959,0.2219,0.8485,1.3801
"CN_105604_AGL",1.1026,1.9404,3.2178,0.2368,4.4353,1.0845,0.943,1.157,2.0063,1.8371,0.2665,1.3515,1.1601,28.46,1.3626,0.9823,0.2088,0.7866,1.3168
"CN_105605_AGL",1.2045,2.0599,3.5087,0.2701,4.6651,1.1372,0.8677,1.2185,2.1084,1.9433,0.2885,1.4147,1.2064,29.6225,1.4312,1.0675,0.2279,0.837,1.3912
"CN_105715_AGL",1.189,2.2137,3.5353,0.2578,4.9468,1.1716,0.9558,1.2994,2.2108,2.0058,0.2782,1.4956,1.2436,30.7444,1.5093,1.0751,0.2245,0.8829,1.4616
"CN_105732_AGL",1.2393,2.2384,3.5806,0.2483,5.0077,1.2192,1.0249,1.292,2.2365,2.0304,0.2798,1.4964,1.3027,31.7825,1.4946,1.1176,0.2359,0.877,1.4631
"CN_105767_AGL",1.1311,1.8255,3.1754,0.2442,4.3306,1.0811,0.8431,1.1399,1.9698,1.836,0.2587,1.3282,1.1655,27.6425,1.3268,0.9754,0.2138,0.7714,1.2918
"CN_105777_AGL",1.2264,2.3114,3.6978,0.2699,4.8024,1.156,1.1278,1.236,2.1479,1.9503,0.2604,1.4522,1.2583,31.1316,1.4742,0.9915,0.2382,0.8381,1.4203
"CN_105789_AGL",1.1941,2.1748,3.5855,0.2541,4.8007,1.1521,1.0463,1.234,2.1318,1.9449,0.2785,1.4267,1.225,30.5845,1.4561,1.0335,0.2339,0.8458,1.4158
"CN_105791_AGL",1.2173,2.3675,3.6456,0.2723,4.8087,1.1481,1.2509,1.2498,2.1592,1.9781,0.2548,1.4789,1.2547,31.576,1.5026,0.9751,0.2334,0.8685,1.4434
"CN_105862_AGL",1.2769,2.1917,3.4901,0.2443,4.8901,1.209,1.087,1.2864,2.2162,2.0361,0.2657,1.4966,1.3013,31.4567,1.5022,1.0667,0.2356,0.8845,1.4653
"CN_105863_AGL",1.2469,2.2237,3.5248,0.2432,4.9531,1.196,1.0758,1.2827,2.2295,2.0285,0.2669,1.4976,1.2988,31.5277,1.4993,1.0691,0.2333,0.8777,1.4546
"CN_105864_AGL",1.4114,2.3608,3.7663,0.2697,5.1408,1.28,1.1195,1.364,2.3177,2.0955,0.2836,1.5653,1.3556,32.9591,1.5668,1.1272,0.2459,0.9288,1.538
"CN_105865_AGL",1.1872,2.1802,3.4281,0.2501,4.8533,1.1718,1.0691,1.2566,2.1586,1.994,0.2572,1.4633,1.2442,30.8509,1.4851,1.0347,0.2287,0.8833,1.4334
"CN_105866_AGL",1.2471,2.3336,3.6269,0.26,5.1,1.2098,1.0237,1.3153,2.2808,2.0472,0.274,1.5342,1.2989,31.9071,1.5337,1.0894,0.231,0.8894,1.4907
"CN_105895_AGL",1.209,2.2025,3.5973,0.2497,4.9202,1.1787,0.9753,1.2767,2.1974,1.9979,0.2735,1.4711,1.2453,30.9624,1.4994,1.0312,0.2353,0.8607,1.4622
"CN_106265_AGL",1.2092,1.9835,3.3578,0.2379,4.6193,1.1547,1.0033,1.2042,2.0971,1.9254,0.2727,1.3985,1.2268,29.5819,1.4066,1.0318,0.2279,0.8237,1.3752
"CN_108369_AGL",1.1752,2.0441,3.3202,0.2411,4.6428,1.1408,0.977,1.2215,2.1108,1.9305,0.2594,1.4246,1.2423,29.7945,1.4139,1.0558,0.2271,0.8307,1.3858
"CN_108370_AGL",1.2885,2.2819,3.7208,0.2632,5.1514,1.2688,0.9892,1.3513,2.3198,2.1341,0.2902,1.563,1.2885,32.0603,1.5826,1.1735,0.2441,0.9308,1.5521
"Crimson_AGL",1.2626,2.0776,3.4468,0.2408,4.7612,1.1955,1.0447,1.2523,2.1655,1.9692,0.2712,1.4481,1.2639,30.5373,1.4436,1.044,0.231,0.8428,1.4256
"DPL_62_AGL",1.1904,2.1565,3.521,0.2502,4.7591,1.1627,1.0916,1.2305,2.1372,1.9417,0.2685,1.4377,1.2385,30.317,1.45,1.0347,0.2284,0.8354,1.3952
"Eston_AGL",1.179,2.0576,3.4179,0.2535,4.6337,1.1453,0.9804,1.2178,2.0956,1.9249,0.2692,1.414,1.2302,29.7403,1.4238,1.0207,0.2263,0.8334,1.3766
"Gudo_AGL",1.2674,2.3743,3.7143,0.275,5.0787,1.2179,1.0727,1.3349,2.2811,2.0676,0.2716,1.5463,1.2972,32.08,1.5725,1.0652,0.242,0.9245,1.518
"IG_1046_AGL",1.3797,2.2844,3.7707,0.2983,4.8945,1.2639,1.0932,1.3227,2.2606,2.0609,0.283,1.5277,1.3194,32.274,1.5528,1.132,0.2527,0.9184,1.5092
"IG_1706_AGL",1.4919,2.5636,4.1117,0.3153,5.3549,1.3409,1.2282,1.432,2.4428,2.2125,0.3073,1.6362,1.3921,35.1373,1.6776,1.1783,0.2707,0.9822,1.6459
"IG_1959_AGL",1.1252,1.8575,3.2739,0.2576,4.358,1.0664,0.8453,1.1442,1.9681,1.8504,0.274,1.32,1.1573,27.8328,1.3513,0.9968,0.2159,0.7935,1.291
"IG_4258_AGL",1.0525,1.8368,3.0952,0.231,4.2664,1.0327,0.9357,1.1288,1.9312,1.806,0.2389,1.3115,1.1346,27.5407,1.3227,0.9273,0.2031,0.7583,1.2769
"IG_4781_AGL",1.319,2.42,3.7727,0.2672,5.222,1.2532,1.1373,1.3634,2.3391,2.1219,0.2792,1.5751,1.3481,33.404,1.5971,1.1123,0.2483,0.9318,1.5518
"IG_858_AGL",1.3178,2.2155,3.5985,0.2812,4.7917,1.1787,0.9714,1.3053,2.1859,1.9855,0.2586,1.4893,1.2816,30.8212,1.4998,1.0254,0.2383,0.8506,1.4692
"ILL_10657_AGL",1.2023,2.0737,3.4158,0.2615,4.6572,1.1677,0.9835,1.2193,2.1019,1.936,0.2628,1.4154,1.2251,29.9106,1.4391,1.0553,0.2316,0.8415,1.3924
"ILL_10748_AGL",1.1231,1.9574,3.1777,0.2344,4.4672,1.1019,1.0319,1.1621,2.0181,1.8658,0.2589,1.3544,1.2087,28.9602,1.3586,0.9864,0.2153,0.8137,1.3137
"ILL_11547_AGL",1.3555,2.418,3.9717,0.2841,5.2769,1.2796,1.0778,1.3819,2.3652,2.1224,0.2931,1.5816,1.3188,33.12,1.5993,1.1436,0.2586,0.939,1.583
"ILL_11548_AGL",1.2341,2.1955,3.6118,0.2589,4.9152,1.1975,0.9614,1.2859,2.2069,2.0106,0.2838,1.48,1.2572,30.9492,1.4934,1.0873,0.2392,0.8754,1.4663
"ILL_11553_AGL",1.1267,2.0415,3.2809,0.2367,4.5397,1.0948,1.0851,1.1871,2.0435,1.8743,0.2425,1.377,1.2153,29.7373,1.3796,0.9648,0.2149,0.8036,1.3462
"ILL_11555_AGL",1.1873,2.221,3.538,0.2526,4.8371,1.1754,1.1505,1.2553,2.1676,1.9579,0.2657,1.457,1.2766,31.1657,1.4574,1.053,0.2288,0.8613,1.4142
"ILL_11557_AGL",1.1841,2.1078,3.3878,0.2422,4.7235,1.1333,1.0412,1.23,2.1194,1.9439,0.2547,1.4323,1.2406,30.0219,1.4265,1.0026,0.2215,0.8275,1.3929
"ILL_11558_AGL",1.128,2.0727,3.3072,0.236,4.5069,1.0797,1.2405,1.1725,2.0288,1.8577,0.2428,1.3669,1.2172,30.1287,1.3798,0.9214,0.2199,0.794,1.3336
"ILL_1220_AGL",1.3135,2.2303,3.7442,0.2825,5.0066,1.2487,0.9903,1.3156,2.2593,2.0806,0.2955,1.5093,1.2683,31.4543,1.5495,1.1196,0.2461,0.9243,1.5125
"ILL_1553_AGL",1.2316,2.1771,3.5396,0.2693,4.8032,1.1757,0.9854,1.2663,2.1668,1.9959,0.2707,1.4692,1.2412,30.6171,1.4934,1.1001,0.2376,0.8953,1.4428
"ILL_1762_AGL",1.0752,1.622,3.0594,0.2427,4.0788,1.0117,0.6326,1.0752,1.8499,1.7708,0.2592,1.2347,1.0944,25.6416,1.248,0.9431,0.2035,0.7222,1.2172
"ILL_1983_AGL",1.0725,1.9652,3.2242,0.2358,4.4198,1.0668,1.036,1.1574,1.9921,1.8384,0.2419,1.3429,1.1616,28.664,1.3617,0.9466,0.2102,0.7762,1.3143
"ILL_213_AGL",1.153,1.931,3.446,0.2597,4.5301,1.0841,0.7928,1.1723,2.0248,1.8919,0.2798,1.3465,1.1726,28.5804,1.3657,1.0302,0.2211,0.8041,1.331
"ILL_2194_AGL",1.0518,1.9244,3.1535,0.2378,4.3125,1.0327,0.9586,1.1346,1.9296,1.7934,0.2448,1.3092,1.1717,28.2117,1.3302,0.9345,0.2078,0.7841,1.273
"ILL_2507_AGL",1.0678,1.9489,3.1801,0.236,4.3914,1.0615,0.9853,1.1534,1.9847,1.8374,0.2396,1.3469,1.1587,28.3422,1.3598,0.9592,0.2076,0.7756,1.3087
"ILL_2580_AGL",1.117,1.9846,3.2829,0.2327,4.5097,1.0884,1.0424,1.1694,2.0214,1.8692,0.2545,1.3576,1.1867,29.0429,1.3725,0.9453,0.2165,0.8013,1.3379
"ILL_28_AGL",1.1002,1.8349,3.0672,0.2276,4.3366,1.046,0.8399,1.1368,1.9512,1.8141,0.2494,1.3168,1.1672,27.362,1.3148,0.9248,0.207,0.7866,1.2779
"ILL_3025_AGL",1.0538,1.8105,3.105,0.2254,4.2771,1.0243,0.8839,1.1212,1.9169,1.7916,0.2447,1.2993,1.1125,26.9975,1.3077,0.94,0.2011,0.7537,1.2651
"ILL_313_AGL",1.1732,2.0943,3.4422,0.2578,4.7561,1.1488,0.9524,1.248,2.1296,1.9286,0.2761,1.438,1.2145,29.781,1.4398,0.9945,0.2213,0.8498,1.4019
"ILL_3347_AGL",1.0855,1.8776,3.1672,0.2443,4.3592,1.0674,0.9459,1.1434,1.9675,1.814,0.2614,1.327,1.1457,27.927,1.331,0.9658,0.2056,0.7825,1.2876
"ILL_358_AGL",1.2426,2.1865,3.5325,0.2499,4.9274,1.181,0.9667,1.2915,2.2009,1.9728,0.2787,1.4803,1.2795,30.8355,1.4795,1.0296,0.2252,0.8667,1.4438
"ILL_3597_AGL",1.0855,1.8524,3.0902,0.24,4.2921,1.0405,0.9092,1.1339,1.9401,1.7699,0.2546,1.3051,1.1395,27.3435,1.3048,0.9122,0.2045,0.7837,1.2769
"ILL_4164_AGL",1.1185,2.0916,3.3969,0.2612,4.617,1.0961,0.9635,1.2215,2.0837,1.8796,0.2611,1.4127,1.1953,29.3531,1.4175,0.9828,0.2157,0.838,1.3771
"ILL_4400_AGL",1.1451,2.0939,3.3389,0.2553,4.6869,1.1416,0.9889,1.2181,2.098,1.8945,0.2682,1.413,1.2164,29.6047,1.4067,0.9979,0.2241,0.8429,1.375
"ILL_4605_AGL",1.1638,1.9542,3.233,0.2501,4.5017,1.1153,0.8548,1.1889,2.0472,1.8766,0.273,1.3827,1.206,28.3905,1.3612,0.9834,0.2119,0.8017,1.339
"ILL_4609_AGL",1.1196,1.9863,3.2816,0.2503,4.5436,1.0953,0.8903,1.1838,2.0515,1.8687,0.2642,1.3804,1.1789,28.6897,1.3763,0.9903,0.2153,0.8263,1.3488
"ILL_4665_AGL",1.1566,2.0309,3.2906,0.2488,4.638,1.1296,0.9253,1.2163,2.1044,1.9256,0.2731,1.4172,1.2283,29.7951,1.4099,1.0138,0.2207,0.8253,1.374
"ILL_4671_AGL",1.2578,2.1474,3.4537,0.2449,4.9175,1.1877,0.981,1.2792,2.2269,2.0277,0.2889,1.4861,1.2929,31.4944,1.471,1.101,0.231,0.8706,1.454
"ILL_4768_AGL",1.1387,2.0347,3.3346,0.2544,4.5083,1.102,0.8967,1.1797,2.0445,1.8243,0.2701,1.3658,1.1772,28.7609,1.375,0.9634,0.2194,0.8184,1.3475
"ILL_4782_AGL",1.1615,2.0545,3.4201,0.257,4.5528,1.1138,0.8869,1.1835,2.0593,1.8736,0.2854,1.378,1.1805,29.1237,1.3894,1.0405,0.2215,0.8268,1.3593
"ILL_4783_AGL",1.2755,2.0825,3.3976,0.2505,4.8559,1.1952,0.8925,1.2765,2.2026,2.0063,0.2874,1.4796,1.2612,30.6194,1.4578,1.0517,0.2328,0.8896,1.4521
"ILL_4804_AGL",1.2324,2.0893,3.4379,0.2539,4.7227,1.1702,1.0958,1.2373,2.1437,1.949,0.2734,1.4371,1.241,30.6795,1.4347,1.0333,0.2291,0.8697,1.4143
"ILL_4875_AGL",1.182,1.9914,3.3841,0.2672,4.6035,1.1443,0.931,1.2195,2.0971,1.9575,0.2819,1.4123,1.177,29.1786,1.4426,1.0427,0.2209,0.8464,1.3911
"ILL_4956_AGL",1.2675,2.1834,3.5697,0.2626,5.0018,1.2247,0.9507,1.2965,2.2533,2.0614,0.2982,1.5087,1.2901,31.5043,1.5092,1.1094,0.2352,0.9014,1.4698
"ILL_5058_AGL",1.3428,2.2142,3.6134,0.2763,4.9326,1.2335,1.0012,1.3308,2.254,2.0412,0.2822,1.5304,1.2896,31.3418,1.5327,1.0662,0.2391,0.8854,1.504
"ILL_5151_AGL",1.2334,2.2616,3.7076,0.2723,5.029,1.2199,1.0343,1.2914,2.2374,2.0204,0.2942,1.5008,1.256,31.3765,1.5195,1.0844,0.2356,0.9004,1.4709
"ILL_5209_AGL",1.1665,2.0368,3.3987,0.2495,4.6809,1.1299,0.966,1.2335,2.099,1.9503,0.262,1.4161,1.2171,29.7402,1.4438,0.9937,0.2201,0.8414,1.3872
"ILL_5480_AGL",1.3581,2.2184,3.6362,0.2666,4.9682,1.253,1.0237,1.3297,2.2754,2.038,0.2782,1.5293,1.3181,31.9567,1.5231,1.1054,0.2501,0.8987,1.5008
"ILL_5639_AGL",1.103,1.9215,3.1971,0.2354,4.3733,1.0492,0.9114,1.1541,1.9764,1.8459,0.2464,1.3449,1.1797,28.1737,1.3545,0.9532,0.208,0.7815,1.3007
"ILL_5722_AGL",1.1891,2.2102,3.4674,0.255,4.8302,1.1506,1.0293,1.2534,2.1531,1.9822,0.252,1.4581,1.2396,30.5599,1.4856,1.0229,0.2255,0.8582,1.4297
"ILL_5883_AGL",1.166,2.1391,3.4638,0.2513,4.7782,1.1285,0.9798,1.2517,2.1286,1.9416,0.2604,1.442,1.2363,30.0542,1.459,0.9935,0.2163,0.8459,1.3923
"ILL_5888_AGL",1.0598,1.7268,2.9922,0.2322,4.0581,1.0231,0.8995,1.0831,1.8555,1.7494,0.246,1.257,1.1288,26.65,1.263,0.9388,0.203,0.7534,1.2288
"ILL_5945_AGL",1.2003,2.1895,3.6227,0.2545,4.8241,1.1716,1.0762,1.2458,2.1448,1.953,0.2773,1.4407,1.2129,30.5028,1.4766,1.0501,0.2331,0.8597,1.4288
"ILL_6002_AGL",1.2147,2.1359,3.4821,0.2615,4.7852,1.1933,0.9792,1.2514,2.1624,1.9687,0.288,1.4604,1.2314,30.3573,1.4665,1.0989,0.2275,0.872,1.4239
"ILL_618_AGL",1.2712,2.1856,3.6646,0.2733,4.8778,1.1981,0.9938,1.2776,2.1957,2.0264,0.2856,1.465,1.2758,31.4811,1.4975,1.1087,0.2412,0.8894,1.4549
"ILL_6182_AGL",1.2205,2.2242,3.55,0.2545,4.8871,1.1827,1.1455,1.2687,2.1866,1.967,0.2723,1.4664,1.25,31.5076,1.4694,1.0435,0.2325,0.8935,1.4467
"ILL_6211_AGL",1.2424,2.1817,3.5021,0.2567,4.9243,1.1979,0.9733,1.2872,2.2064,2.0028,0.2792,1.4797,1.2729,30.9141,1.4678,1.0362,0.2307,0.8969,1.4632
"ILL_624_AGL",1.2102,2.126,3.4459,0.2541,4.7559,1.1527,1.0516,1.2361,2.1471,1.9456,0.2687,1.437,1.234,30.4741,1.431,1.0134,0.2301,0.8686,1.4199
"ILL_6821_AGL",1.1184,1.9801,3.3754,0.2634,4.5579,1.1085,0.8538,1.1906,2.0397,1.8818,0.2801,1.3784,1.1839,28.7516,1.4007,0.9983,0.2133,0.8202,1.3345
"ILL_6853_AGL",1.1365,1.9582,3.2629,0.2619,4.5544,1.1174,0.8389,1.1942,2.0425,1.8916,0.2776,1.3828,1.1881,28.6164,1.3894,1.0124,0.2152,0.8475,1.346
"ILL_7089_AGL",1.2329,2.2394,3.6417,0.2791,4.8636,1.1721,1.0034,1.2799,2.1923,1.9915,0.2927,1.4811,1.2626,31.1008,1.4901,1.0493,0.23,0.8757,1.4495
"ILL_7558_AGL",1.1277,1.9952,3.2497,0.2528,4.496,1.1043,0.9532,1.1873,2.0341,1.867,0.2692,1.377,1.1906,28.8898,1.3814,1.0051,0.2149,0.828,1.3401
"ILL_7663_AGL",1.1802,2.0821,3.4213,0.2646,4.6752,1.16,1.0786,1.2194,2.1051,1.9158,0.2796,1.4192,1.2129,29.904,1.4443,1.0158,0.2255,0.8591,1.3799
"ILL_7668_AGL",1.1914,2.2436,3.5954,0.2669,4.8749,1.1891,1.1771,1.266,2.186,1.9615,0.2769,1.4678,1.2448,31.4998,1.4846,1.0746,0.2313,0.8764,1.4345
"ILL_7716_AGL",1.3404,2.0824,3.4115,0.2932,4.535,1.1794,0.8664,1.2645,2.1174,1.9217,0.2656,1.4568,1.2754,29.4359,1.449,0.9918,0.227,0.8059,1.4058
"ILL_7747_AGL",1.2024,2.0931,3.4289,0.2589,4.8075,1.1807,0.9003,1.254,2.1602,1.9537,0.2772,1.4516,1.227,29.9606,1.4475,1.0492,0.2265,0.8759,1.4257
"ILL_7946_AGL",1.1359,1.9615,3.3156,0.2601,4.5567,1.1004,0.8412,1.2208,2.0512,1.8787,0.2693,1.3891,1.1974,28.6883,1.3958,0.9841,0.2134,0.8501,1.3587
"ILL_7978_AGL",1.2539,2.1857,3.5258,0.2676,4.811,1.1973,1.086,1.2503,2.1666,1.9486,0.285,1.4449,1.264,30.945,1.4479,1.0594,0.2378,0.8993,1.4311
"ILL_7979_AGL",1.1147,1.9784,3.2553,0.2502,4.4883,1.1117,1.0063,1.179,2.0326,1.8578,0.2615,1.3722,1.1794,28.9023,1.3795,1.0174,0.2125,0.8112,1.3313
"ILL_8007_AGL",1.1197,1.9718,3.2555,0.2498,4.5597,1.1009,0.9014,1.2067,2.0523,1.8961,0.2624,1.3937,1.1795,29.152,1.3869,1.0378,0.2132,0.8162,1.3557
"ILL_8009_AGL",1.1131,2.0391,3.3566,0.2565,4.5753,1.108,0.9922,1.1992,2.0567,1.8657,0.2591,1.3888,1.1777,29.215,1.3962,1.0204,0.215,0.8101,1.3499
"ILL_8010_AGL",1.19,2.2344,3.4858,0.2541,4.7806,1.1508,1.1434,1.2256,2.1321,1.8976,0.2715,1.4332,1.2409,30.6015,1.4257,0.979,0.2241,0.8538,1.395
"ILL_8072_AGL",1.1886,2.0281,3.3347,0.2494,4.6971,1.1495,0.9147,1.2289,2.1153,1.919,0.2838,1.4136,1.2296,29.3446,1.4067,0.9895,0.2205,0.842,1.3861
"ILL_8174_AGL",1.2172,2.0242,3.3499,0.2579,4.6931,1.1769,0.8431,1.2426,2.1344,1.9521,0.2823,1.4341,1.2328,29.5255,1.4249,1.0378,0.226,0.8711,1.4115
"ILL_8595_AGL",1.2716,2.1874,3.5642,0.2585,4.9287,1.2357,1.0026,1.2847,2.2339,2.0026,0.2934,1.4871,1.2822,31.1214,1.4755,1.0978,0.238,0.8931,1.4663
"ILL_9_AGL",1.1668,2.0383,3.3547,0.2566,4.5729,1.1216,0.9535,1.2013,2.0552,1.8533,0.2782,1.3784,1.2136,29.1724,1.3844,0.9657,0.2175,0.8395,1.346
"ILL_975_AGL",1.108,1.8497,3.1462,0.2421,4.4519,1.072,0.8099,1.1846,2.0107,1.8417,0.265,1.3601,1.1593,27.4502,1.3654,0.8888,0.2053,0.8031,1.3193
"ILL_9888_AGL",1.2037,2.2163,3.542,0.2597,4.8951,1.1744,0.9752,1.2902,2.1967,2.0249,0.2615,1.4967,1.2454,30.9797,1.5181,1.095,0.2336,0.8814,1.4626
"ILL_9932_AGL",1.1103,2.0411,3.3328,0.2458,4.4995,1.07,1.0118,1.1777,2.0168,1.8645,0.2483,1.3653,1.1877,29.4,1.3783,0.9769,0.2162,0.7992,1.3402
"ILL_9945_AGL",1.2268,2.3931,3.7656,0.2673,5.1568,1.2204,1.167,1.3391,2.2877,2.0469,0.2681,1.5479,1.2972,32.5257,1.5675,1.0934,0.2364,0.9105,1.4986
"ILL_9977_AGL",1.1363,2.0811,3.3573,0.247,4.6186,1.1176,1.048,1.2121,2.0731,1.9136,0.2485,1.4081,1.1952,29.816,1.4251,1.0321,0.2187,0.8317,1.3786
"ILL_9997_AGL",1.1243,2.0271,3.3206,0.2354,4.554,1.1094,1.1267,1.1894,2.0487,1.8657,0.256,1.3805,1.1982,29.4538,1.3887,0.9859,0.2158,0.8104,1.3424
"ILWL_118_AGL",1.0804,1.8355,3.1415,0.2359,4.2796,1.0427,0.9354,1.1372,1.9462,1.8057,0.2547,1.3155,1.1613,27.7788,1.3109,0.9738,0.204,0.7758,1.2704
"Indianhead_AGL",1.2865,2.3202,3.7998,0.2619,5.1587,1.2581,0.955,1.3633,2.3483,2.137,0.2921,1.569,1.2674,32.6011,1.6034,1.1915,0.247,0.9282,1.5886
"IPL_220_AGL",1.1508,2.0164,3.3666,0.2467,4.6024,1.1156,1.0305,1.1925,2.065,1.8925,0.2719,1.3877,1.1947,29.6041,1.3936,1.0018,0.2149,0.8109,1.3483
"Laird_AGL",1.2375,2.141,3.4616,0.259,4.871,1.2112,0.9338,1.2813,2.2085,2.0096,0.2831,1.4877,1.2566,30.4747,1.4796,1.0864,0.235,0.8872,1.4614
"LIRL.22.46_AGL",1.1845,2.0155,3.3984,0.2673,4.588,1.1551,1.0015,1.2085,2.0767,1.9058,0.2803,1.3981,1.2044,29.5427,1.405,1.0423,0.224,0.8392,1.3691
"PI_163589_AGL",1.2002,2.1673,3.4629,0.2466,4.8312,1.1645,0.9776,1.2507,2.1629,1.976,0.2718,1.4595,1.2654,30.5833,1.4582,1.0532,0.2298,0.8529,1.4192
"PI_169534_LSP_AGL",1.2771,2.1687,3.5653,0.2617,4.8303,1.2029,1.0415,1.2637,2.1796,2.0036,0.2859,1.4723,1.2534,30.7379,1.4814,1.0747,0.2355,0.8858,1.4532
"PI_175754_LSP_AGL",1.2737,2.2832,3.6125,0.2761,4.9121,1.2077,1.0444,1.2906,2.2159,2.0303,0.2631,1.4983,1.283,31.5721,1.5169,1.0906,0.2413,0.8819,1.4759
"PI_177430_LSP_AGL",1.1757,2.0434,3.4188,0.2532,4.6464,1.1318,0.9972,1.2111,2.0924,1.935,0.2691,1.4024,1.2138,29.5887,1.4173,1.0064,0.225,0.845,1.3841
"PI_178939_LSP_AGL",1.2137,2.0283,3.4204,0.264,4.6781,1.1685,0.9621,1.2414,2.1287,1.9835,0.2758,1.438,1.2177,29.8522,1.4515,1.0746,0.2293,0.8728,1.4135
"PI_178952_AGL",1.3089,2.2757,3.718,0.2856,4.9502,1.2397,1.1134,1.2967,2.2418,2.0339,0.2972,1.5054,1.262,32.0143,1.5321,1.0964,0.2479,0.9045,1.4893
"PI_178971_LSP_AGL",1.1871,2.0832,3.528,0.2686,4.6693,1.1365,1.0158,1.2048,2.0947,1.9258,0.2867,1.3981,1.2298,30.0822,1.4212,1.0186,0.2265,0.8266,1.3599
"PI_179324_LSP_AGL",1.1307,1.9827,3.3454,0.2624,4.5141,1.1137,0.9337,1.1953,2.043,1.8704,0.2782,1.38,1.1851,28.711,1.4017,0.9875,0.2151,0.8355,1.3451
"PI_179330_AGL",1.2918,2.3041,3.8288,0.294,5.0467,1.263,1.0743,1.3272,2.2634,2.0615,0.3043,1.5244,1.2613,32.223,1.5709,1.147,0.2446,0.9386,1.5064
"PI_181771_LSP_AGL",1.2634,2.1862,3.6531,0.2793,4.7679,1.1878,1.0358,1.2438,2.1608,1.9859,0.2867,1.4458,1.2713,30.9462,1.4748,1.074,0.2403,0.8659,1.4183
"PI_181886_LSP_AGL",1.1339,1.9186,3.1897,0.235,4.5097,1.0857,0.8973,1.1741,2.0184,1.876,0.2596,1.3629,1.2083,28.6939,1.3537,0.9866,0.2132,0.8158,1.3125
"PI_182217_LSP_AGL",1.3653,2.4067,3.8885,0.2985,5.0687,1.2636,1.2078,1.3281,2.316,2.087,0.29,1.5376,1.3451,33.5174,1.5784,1.0947,0.265,0.9256,1.5312
"PI_193546_AGL",1.2243,2.3088,3.6268,0.2557,4.98,1.184,1.1637,1.3002,2.2198,2.0082,0.2554,1.5008,1.2743,31.9168,1.5188,1.0534,0.2349,0.8812,1.4734
"PI_193547_LSP_AGL",1.2118,2.2121,3.6197,0.2786,4.7361,1.1772,1.069,1.2386,2.139,1.9719,0.2692,1.4379,1.2281,30.6016,1.4898,1.0254,0.2393,0.8513,1.4277
"PI_193548_LSP_AGL",1.2424,2.2625,3.7573,0.2576,5.0178,1.2151,1.0552,1.2928,2.2289,2.0218,0.2872,1.4872,1.2476,31.5399,1.5209,1.0582,0.2438,0.8818,1.4845
"PI_193550_AGL",1.2417,2.2396,3.6749,0.2514,4.9351,1.2082,1.0749,1.2745,2.2076,1.9995,0.2805,1.4693,1.2481,31.3385,1.5025,1.0618,0.2417,0.8703,1.4713
"PI_207492_LSP_AGL",1.2302,2.1356,3.5893,0.2792,4.6722,1.1679,0.9695,1.2271,2.1263,1.9698,0.2787,1.4271,1.2495,30.4152,1.4611,1.0805,0.2341,0.8496,1.399
"PI_209858_LSP_AGL",1.2411,2.2325,3.595,0.2679,4.9043,1.1986,1.1078,1.2804,2.2075,2.0026,0.2841,1.4798,1.2652,31.4096,1.498,1.0626,0.2345,0.8832,1.4524
"PI_211052_LSP_AGL",1.1596,2.0215,3.4439,0.252,4.6071,1.1139,0.9807,1.1863,2.0542,1.911,0.2794,1.3744,1.1695,29.1982,1.4129,1.0234,0.2231,0.8289,1.3626
"PI_212100_LSP_AGL",1.1345,1.9025,3.3104,0.2576,4.4185,1.0902,0.8813,1.1539,1.9912,1.8892,0.2679,1.3352,1.1624,28.318,1.3816,0.9646,0.2173,0.7917,1.3209
"PI_212610_LSP_AGL",1.1865,2.0349,3.4387,0.2655,4.6203,1.1301,0.8849,1.2169,2.0832,1.9462,0.2737,1.4082,1.205,29.3789,1.4352,1.0383,0.2263,0.8351,1.3838
"PI_217949_LSP_AGL",1.1227,2.0313,3.3502,0.2281,4.5833,1.1066,1.1117,1.1876,2.0566,1.8687,0.254,1.3778,1.1964,29.5865,1.3848,0.9588,0.2166,0.7924,1.3481
"PI_238758_LSP_AGL",1.4964,2.0967,3.6527,0.3028,4.7438,1.2892,0.9681,1.3656,2.2922,2.0362,0.2701,1.5581,1.3385,31.6631,1.5725,1.0406,0.2607,0.8553,1.5182
"PI_244046_AGL",1.29,2.3951,3.7822,0.2741,5.0688,1.2088,1.1672,1.3057,2.2605,2.0354,0.2977,1.5186,1.2891,32.6947,1.5369,1.1034,0.2395,0.9088,1.4956
"PI_250156_LSP_AGL",1.0981,1.9121,3.2431,0.2452,4.4761,1.0726,0.8548,1.1618,2.0036,1.8585,0.2628,1.3513,1.1617,28.4751,1.36,0.9811,0.2097,0.7822,1.3094
"PI_250158_LSP_AGL",1.0767,1.8807,3.1462,0.2287,4.3199,1.0491,1.1132,1.1254,1.9516,1.7761,0.2493,1.3034,1.158,28.3622,1.305,0.9223,0.2022,0.7544,1.2639
"PI_251248_LSP_AGL",1.3032,2.3627,3.8375,0.2841,4.9735,1.2185,1.2359,1.283,2.2334,2.0122,0.2978,1.4883,1.2929,32.7394,1.5269,1.0567,0.2473,0.8913,1.4732
"PI_273664_LSP_AGL",1.1169,1.877,3.2069,0.2543,4.4754,1.0788,0.7848,1.1746,2.0171,1.8755,0.26,1.3576,1.1581,28.3373,1.3682,1.0089,0.2113,0.7856,1.3192
"PI_280686_AGL",1.1921,2.1121,3.4612,0.2716,4.5947,1.1117,1.0345,1.1987,2.0711,1.9117,0.2769,1.4053,1.2048,29.958,1.4178,0.9756,0.2242,0.8189,1.3699
"PI_283604_LSP_AGL",1.2453,2.2981,3.6503,0.2529,5.1178,1.2322,0.9814,1.3061,2.2774,2.0441,0.2998,1.5181,1.3144,31.9885,1.505,1.1377,0.237,0.9006,1.4831
"PI_289066_AGL",1.2233,2.1753,3.5396,0.2629,4.868,1.1981,1.0947,1.279,2.1867,1.9952,0.2819,1.4687,1.2445,31.2958,1.5017,1.0683,0.2302,0.8893,1.4438
"PI_289073_LSP_AGL",1.1983,2.1636,3.4639,0.2411,4.8066,1.1693,1.0162,1.2638,2.1668,1.9534,0.2724,1.4608,1.2338,30.7357,1.4792,1.0334,0.224,0.8468,1.4395
"PI_289079_LSP_AGL",1.2064,2.1169,3.4858,0.2426,4.8462,1.1865,1.0474,1.2592,2.1694,1.9738,0.2795,1.4517,1.2349,30.8627,1.4717,1.0306,0.2284,0.8541,1.4347
"PI_290716_LSP_AGL",1.2704,2.1176,3.6469,0.2632,4.7942,1.2019,1.05,1.2352,2.1684,1.9862,0.2965,1.4305,1.2645,30.9984,1.4554,1.0793,0.2394,0.8474,1.4158
"PI_297285_LSP_AGL",1.3939,2.3046,3.7097,0.2766,5.1424,1.2733,0.9904,1.3667,2.3365,2.1002,0.2856,1.5702,1.3561,33.0535,1.5538,1.1399,0.2531,0.9016,1.5392
"PI_297287_AGL",1.2811,2.3651,3.7273,0.2639,5.1046,1.2479,1.0844,1.3066,2.2849,2.0511,0.2935,1.5293,1.3206,32.7711,1.5153,1.1241,0.2494,0.9046,1.4996
"PI_297754_LSP_AGL",1.1559,1.9117,3.2377,0.2531,4.3983,1.0861,0.9158,1.1657,2.0091,1.8665,0.271,1.3609,1.1804,28.4835,1.3607,0.9776,0.2125,0.7971,1.3164
"PI_297767_AGL",1.1881,2.1118,3.4072,0.2527,4.8404,1.1749,0.9457,1.2623,2.1667,1.9449,0.272,1.4501,1.2448,30.1146,1.4526,0.9875,0.2277,0.8687,1.4196
"PI_297772_LSP_AGL",1.1614,2.1109,3.4769,0.2625,4.723,1.1484,1.0181,1.2328,2.1173,1.9195,0.2803,1.4243,1.1976,29.8802,1.4446,1.0463,0.2224,0.8664,1.3972
"PI_297783_AGL",1.1966,2.2154,3.5967,0.258,4.8942,1.1588,1.0056,1.2558,2.176,1.9529,0.287,1.4515,1.2226,30.9751,1.467,1.0466,0.2311,0.8681,1.4335
"PI_297787_LSP_AGL",1.1612,2.0049,3.4394,0.2645,4.6274,1.1317,0.9405,1.1999,2.0792,1.9226,0.2867,1.3858,1.1952,29.4234,1.4151,1.0371,0.2219,0.8309,1.3553
"PI_298023_LSP_AGL",1.2513,2.2572,3.6758,0.2909,4.9948,1.2372,1.0201,1.3167,2.2501,2.0404,0.2953,1.5175,1.2565,31.4317,1.5431,1.1011,0.2421,0.9197,1.4911
"PI_298121_LSP_AGL",1.2502,2.249,3.6548,0.2579,4.9995,1.2151,1.1027,1.2931,2.2482,2.025,0.2926,1.5065,1.2891,31.7673,1.501,1.0864,0.2335,0.882,1.4669
"PI_298122_LSP_AGL",1.1671,2.0824,3.3676,0.2387,4.7006,1.1403,0.9001,1.2315,2.1249,1.936,0.2752,1.4333,1.2158,29.6234,1.4337,1.0487,0.2149,0.8232,1.4029
"PI_298357_LSP_AGL",1.3145,2.4788,3.8913,0.296,5.1553,1.274,1.2605,1.3457,2.3256,2.0881,0.2952,1.5629,1.3089,33.7754,1.583,1.1845,0.2552,0.9403,1.5469
"PI_298631_LSP_AGL",1.1947,2.0435,3.2924,0.236,4.69,1.1594,0.9203,1.2243,2.1255,1.909,0.2792,1.4198,1.2433,29.6225,1.3993,1.0313,0.2254,0.8455,1.3917
"PI_298644_LSP_AGL",1.251,2.1871,3.4157,0.2396,4.9305,1.2044,0.9469,1.2634,2.2151,1.9995,0.2914,1.4882,1.3001,30.9582,1.4595,1.1332,0.2263,0.8887,1.4262
"PI_298645_AGL",1.2383,2.2046,3.5406,0.2466,4.921,1.1878,1.0462,1.278,2.2255,1.995,0.2826,1.4861,1.298,31.5322,1.4816,1.0697,0.2291,0.8631,1.4384
"PI_298921_AGL",1.297,2.0802,3.3805,0.2497,4.8093,1.1556,0.8773,1.2785,2.1693,2.02,0.2656,1.4712,1.2888,30.2091,1.4611,0.9864,0.2242,0.8671,1.4444
"PI_298922_LSP_AGL",1.2225,2.1566,3.5218,0.2522,4.8118,1.1692,1.0732,1.262,2.1746,2.0017,0.2685,1.4654,1.2667,31.0506,1.4735,1.0216,0.2299,0.8547,1.4443
"PI_298923_LSP_AGL",1.2811,2.4273,3.711,0.2715,5.1559,1.2464,1.2251,1.3422,2.3072,2.0957,0.274,1.5591,1.3253,33.2757,1.5814,1.1264,0.2456,0.94,1.5347
"PI_299116_LSP_AGL",1.1373,2.0501,3.3904,0.242,4.5502,1.1253,1.0475,1.1933,2.0476,1.8765,0.2573,1.3859,1.198,29.3488,1.4034,0.9658,0.22,0.7958,1.3631
"PI_299120_LSP_AGL",1.1026,1.935,3.2358,0.2273,4.4946,1.0617,0.9125,1.1751,2.0122,1.8637,0.2515,1.3573,1.2012,28.3259,1.358,0.9352,0.2068,0.7803,1.3152
"PI_299121_LSP_AGL",1.1491,1.9666,3.322,0.2447,4.5173,1.0813,0.8856,1.1887,2.0414,1.8839,0.2594,1.3803,1.205,28.7101,1.384,0.9668,0.2155,0.7858,1.3357
"PI_299126_LSP_AGL",1.1042,1.9273,3.2464,0.2197,4.4724,1.0996,1.0192,1.1529,2.0052,1.8373,0.2609,1.3396,1.2143,28.7449,1.3347,0.9977,0.2112,0.7693,1.2911
"PI_299163_LSP_AGL",1.2399,2.2539,3.6013,0.2512,5.0409,1.2216,1.0061,1.2964,2.2521,2.044,0.2787,1.5097,1.2973,31.6059,1.5087,1.1192,0.2391,0.8946,1.4757
"PI_299164_LSP_AGL",1.2496,2.1514,3.4214,0.2439,4.7474,1.1765,1.0719,1.2381,2.1483,1.9737,0.276,1.4444,1.2692,30.9705,1.4417,1.0793,0.234,0.8735,1.4241
"PI_299165_AGL",1.1819,2.0118,3.2764,0.2364,4.6547,1.1409,0.9802,1.2186,2.0977,1.9463,0.2624,1.4099,1.2455,30.0544,1.4052,1.0394,0.2222,0.8354,1.3786
"PI_299177_LSP_AGL",1.3284,2.0638,3.4143,0.2604,4.6778,1.1945,1.0264,1.2708,2.1647,1.9987,0.2631,1.4561,1.2931,30.9688,1.4614,1.0293,0.2383,0.8455,1.4454
"PI_299237_LSP_AGL",1.2636,2.2076,3.674,0.2825,4.8284,1.1937,1.0478,1.2711,2.1902,2.0041,0.2848,1.4661,1.2664,31.2615,1.4982,1.0757,0.2429,0.8881,1.4453
"PI_299289_AGL",1.2894,2.2608,3.6173,0.2781,4.8517,1.1975,1.1414,1.2938,2.2172,2.0466,0.269,1.506,1.2599,31.5925,1.5262,1.0446,0.2421,0.8978,1.5004
"PI_299312_AGL",1.3104,2.4374,3.791,0.261,5.3355,1.29,1.0701,1.3683,2.363,2.1354,0.2855,1.5851,1.3569,33.6138,1.5818,1.1885,0.255,0.9482,1.5668
"PI_299345_AGL",1.2964,2.2531,3.5345,0.2473,4.9989,1.2086,1.1231,1.3149,2.2596,2.0548,0.2695,1.5197,1.3097,32.2637,1.5251,1.0679,0.2447,0.9035,1.5029
"PI_299351_LSP_AGL",1.1768,1.8925,3.3523,0.2629,4.4241,1.0824,0.8197,1.1606,2.0045,1.8839,0.2798,1.34,1.1676,28.0229,1.3639,0.9795,0.2204,0.8075,1.3255
"PI_299366_LSP_AGL",1.2018,2.0715,3.3629,0.2305,4.7845,1.1506,0.9683,1.2344,2.1518,1.972,0.2627,1.4377,1.2572,30.2166,1.4226,1.0623,0.2247,0.8349,1.4089
"PI_299375_LSP_AGL",1.1878,2.0903,3.4019,0.2467,4.7504,1.1356,0.961,1.2403,2.1333,1.9749,0.2648,1.4342,1.2409,30.3107,1.445,1.0474,0.2276,0.8604,1.4141
"PI_300250_LSP_AGL",1.1864,2.215,3.5908,0.2578,4.9024,1.1497,1.0209,1.2851,2.1825,1.9773,0.2629,1.4779,1.2478,30.5947,1.4914,1.0229,0.2246,0.8766,1.4448
"PI_302398_LSP_AGL",1.0295,1.6475,2.8977,0.2317,3.95,0.9847,0.8669,1.0599,1.8082,1.694,0.2456,1.2216,1.1034,25.703,1.2358,0.8533,0.1967,0.7427,1.182
"PI_308614_LSP_AGL",1.1684,2.1244,3.5289,0.2535,4.793,1.1556,0.995,1.2498,2.135,1.9378,0.2729,1.4364,1.217,30.1071,1.4541,1.0412,0.2258,0.8708,1.4139
"PI_311107_LSP_AGL",1.1448,2.1052,3.3265,0.2408,4.6598,1.1213,0.9941,1.2189,2.0963,1.9204,0.251,1.4172,1.2368,29.9677,1.4205,1.011,0.2225,0.8205,1.3797
"PI_312175_LSP_AGL",1.2146,2.1013,3.4742,0.2689,4.7959,1.1799,0.8711,1.2776,2.1727,2.0118,0.2681,1.4773,1.2334,30.2083,1.4864,1.0701,0.2338,0.8673,1.4487
"PI_320935_LSP_AGL",1.1104,1.7827,3.1434,0.2507,4.1619,1.0522,0.9353,1.1052,1.9102,1.8007,0.2573,1.2851,1.1508,27.5226,1.3126,0.9395,0.2132,0.7754,1.2545
"PI_320936_LSP_AGL",1.3547,2.2753,3.7425,0.2655,5.0467,1.2629,0.9881,1.3386,2.2788,2.0855,0.2924,1.541,1.2635,31.8686,1.5699,1.1453,0.2429,0.9251,1.5377
"PI_320937_LSP_AGL",1.4379,2.436,3.8908,0.2999,5.1186,1.3061,1.0827,1.4205,2.3891,2.173,0.2671,1.6285,1.3139,33.1982,1.6787,1.1197,0.2596,0.9229,1.6408
"PI_320941_LSP_AGL",1.1582,2.0085,3.3987,0.2617,4.5974,1.1177,0.9328,1.1987,2.072,1.9322,0.2812,1.3912,1.1826,29.2409,1.4091,1.0375,0.2179,0.8328,1.3642
"PI_320945_LSP_AGL",1.1664,2.0654,3.3094,0.2443,4.6037,1.1498,1.1216,1.208,2.0986,1.9247,0.2702,1.4152,1.2197,29.9377,1.4262,1.0213,0.2175,0.8344,1.3748
"PI_320946_LSP_AGL",1.143,1.9762,3.3455,0.2519,4.5796,1.1154,0.9452,1.1895,2.0524,1.8978,0.2794,1.381,1.1869,28.9856,1.4044,0.9791,0.2177,0.8277,1.3416
"PI_320952_LSP_AGL",1.4178,2.4312,3.9673,0.2973,5.2561,1.3065,0.9852,1.4222,2.4185,2.1818,0.2943,1.6298,1.305,33.2985,1.6537,1.1885,0.2565,0.933,1.6363
"PI_320953_LSP_AGL",1.22,2.1221,3.5521,0.2751,4.825,1.1857,0.7647,1.2766,2.2013,2.014,0.2871,1.4832,1.1995,30.0926,1.4988,1.1269,0.2297,0.8756,1.4679
"PI_320954_LSP_AGL",1.2104,2.115,3.3815,0.2438,4.7899,1.1693,0.914,1.2617,2.1765,1.9727,0.2821,1.4651,1.2274,30.2658,1.4736,1.0473,0.2228,0.8553,1.4395
"PI_329157_LSP_AGL",1.306,2.3103,3.7594,0.2848,5.1505,1.2624,0.9878,1.34,2.3126,2.1122,0.3096,1.557,1.293,32.0842,1.5776,1.1894,0.2414,0.9501,1.5197
"PI_329167_LSP_AGL",1.336,2.3948,3.7938,0.2909,5.1678,1.2678,1.0931,1.3504,2.3206,2.099,0.3014,1.563,1.3043,33.0675,1.5925,1.1172,0.2514,0.9501,1.5405
"PI_339266_LSP_AGL",1.3227,2.3402,3.7006,0.2808,5.0575,1.2372,1.0374,1.3192,2.2862,2.0781,0.2977,1.5371,1.3202,32.4418,1.5436,1.1246,0.2442,0.9168,1.5003
"PI_339283_LSP_AGL",1.1496,2.033,3.4024,0.2609,4.6588,1.1355,0.9327,1.2109,2.1001,1.9182,0.2813,1.4126,1.1881,29.3781,1.4313,1.0532,0.2202,0.8407,1.3751
"PI_339285_AGL",1.1886,2.1398,3.5612,0.2605,4.8274,1.1714,1.0716,1.2574,2.1638,1.9567,0.2851,1.4424,1.243,30.731,1.4661,1.0656,0.2283,0.8749,1.4163
"PI_339289_LSP_AGL",1.2402,2.1436,3.5068,0.2733,4.7585,1.1615,1.0536,1.2488,2.1473,1.9698,0.285,1.4446,1.2279,30.6976,1.4619,1.0266,0.2352,0.8709,1.4298
"PI_339292_LSP_AGL",1.3067,2.3666,3.8522,0.2919,5.1319,1.2692,1.0698,1.3417,2.3144,2.0914,0.3046,1.5513,1.2971,32.5609,1.579,1.1377,0.2486,0.9264,1.5305
"PI_339296_AGL",1.1789,1.9215,3.3459,0.273,4.3749,1.1149,0.8966,1.1601,2.002,1.867,0.288,1.3508,1.1554,28.6099,1.3672,1.0616,0.2219,0.8049,1.3267
"PI_343026_LSP_AGL",1.2388,2.1574,3.6457,0.2753,4.8949,1.2113,1.0566,1.2703,2.206,2.0169,0.3009,1.4648,1.2594,31.4029,1.4932,1.1213,0.2387,0.8865,1.4461
"PI_345627_LSP_AGL",1.2387,2.134,3.5184,0.2624,4.918,1.2086,0.967,1.2875,2.2263,2.0446,0.2893,1.498,1.2497,30.7753,1.4998,1.1273,0.2337,0.9004,1.4654
"PI_358602_LSP_AGL",1.388,2.2998,3.7775,0.2907,4.9954,1.2579,1.1155,1.3393,2.2831,2.0618,0.2948,1.5396,1.3118,32.3542,1.5444,1.106,0.2459,0.8946,1.5173
"PI_368647_LSP_AGL",1.3653,2.3008,3.727,0.2759,5.0425,1.2495,1.1156,1.3436,2.2978,2.0669,0.291,1.5445,1.3246,32.7046,1.5412,1.1067,0.2415,0.9005,1.5168
"PI_368651_LSP_AGL",1.1969,2.1157,3.4939,0.2586,4.7668,1.1686,0.9883,1.2383,2.1537,1.9574,0.2786,1.4432,1.2199,30.2286,1.4439,1.0718,0.2263,0.8445,1.4137
"PI_370481_LSP_AGL",1.175,2.1231,3.3781,0.2673,4.7873,1.1803,0.833,1.2456,2.1458,1.9717,0.2839,1.4558,1.2194,29.7684,1.4632,1.0846,0.2235,0.8774,1.4155
"PI_374116_LSP_AGL",1.1279,1.9901,3.2233,0.2395,4.5516,1.1225,0.9374,1.2079,2.0677,1.884,0.2593,1.3943,1.1748,29.0251,1.411,0.9807,0.2155,0.8116,1.3716
"PI_374117_LSP_AGL",1.1368,2.0396,3.3297,0.2524,4.5995,1.1285,0.9367,1.206,2.0702,1.8926,0.274,1.4042,1.1908,29.1053,1.4151,1.0015,0.2137,0.834,1.3581
"PI_374118_AGL",1.2028,2.1527,3.5276,0.2572,4.8092,1.1761,1.0691,1.2342,2.1542,1.9627,0.2811,1.4431,1.2445,30.8166,1.4567,1.0572,0.2248,0.852,1.3994
"PI_374120_LSP_AGL",1.1706,1.9414,3.2538,0.2423,4.6002,1.1443,0.8711,1.2035,2.0901,1.9162,0.2798,1.3958,1.2264,29.2886,1.3877,1.0658,0.2223,0.8194,1.3552
"PI_374121_AGL",1.2182,2.2262,3.57,0.2657,4.9346,1.2039,0.9958,1.2828,2.214,2.0122,0.292,1.4902,1.2617,31.0798,1.4948,1.1178,0.236,0.8952,1.4588
"PI_379368_LSP_AGL",1.1857,2.165,3.5138,0.2598,4.8403,1.1681,1.0196,1.2595,2.1749,1.9647,0.2795,1.4636,1.2433,30.5939,1.4666,1.0306,0.2281,0.8557,1.422
"PI_383682_LSP_AGL",1.3928,2.375,3.8426,0.2922,5.1488,1.2978,1.156,1.3535,2.3525,2.1322,0.2986,1.5702,1.3246,33.2968,1.5948,1.1512,0.2559,0.9364,1.5569
"PI_420818_AGL",1.1683,2.0274,3.3372,0.2497,4.6341,1.1365,0.9838,1.2081,2.0953,1.9031,0.2839,1.3968,1.2322,29.6306,1.3969,1.0163,0.2217,0.8355,1.3624
"PI_420924_LSP_AGL",1.1701,2.1546,3.4623,0.2553,4.8771,1.1627,0.9107,1.2615,2.1662,1.9858,0.2814,1.4664,1.2413,30.2592,1.4728,1.0422,0.2207,0.8743,1.4213
"PI_420925_LSP_AGL",1.1817,2.0683,3.4299,0.2542,4.7264,1.1451,0.9103,1.2152,2.1079,1.9246,0.2823,1.4154,1.2017,29.7077,1.44,1.0216,0.2222,0.8484,1.3816
"PI_420929_LSP_AGL",1.2163,2.2587,3.6154,0.262,5.0293,1.188,1.0639,1.2959,2.2236,2.022,0.2816,1.4991,1.2692,31.6925,1.5117,1.0587,0.2268,0.8833,1.4513
"PI_426202_LSP_AGL",1.1545,2.087,3.4555,0.2619,4.6525,1.1307,1.0662,1.1897,2.0893,1.9226,0.2819,1.395,1.2068,29.762,1.4217,1.0217,0.2207,0.8431,1.3575
"PI_426778_LSP_AGL",1.1861,1.9371,3.3472,0.2521,4.4977,1.1247,0.9104,1.1877,2.0495,1.8778,0.2822,1.3744,1.2108,28.9589,1.3744,1.0197,0.2171,0.8011,1.3335
"PI_426784_LSP_AGL",1.0088,1.7755,3.015,0.2303,4.1537,1.0142,0.9525,1.0868,1.8895,1.7402,0.244,1.271,1.0998,26.9406,1.2724,0.9351,0.1961,0.7435,1.2236
"PI_426797_LSP_AGL",1.0738,1.8225,3.0968,0.2344,4.2805,1.0523,0.995,1.122,1.9418,1.8002,0.252,1.3068,1.1396,27.8819,1.3118,0.9384,0.2026,0.7531,1.26
"PI_426807_LSP_AGL",1.1727,1.8845,3.3366,0.2639,4.4286,1.1096,0.923,1.1692,2.0219,1.8726,0.275,1.3546,1.1794,28.811,1.3651,1.0088,0.2203,0.7973,1.3179
"PI_431618_LSP_AGL",1.1966,2.1304,3.5114,0.2664,4.7054,1.154,0.9749,1.2303,2.1238,1.9311,0.2856,1.4266,1.2398,30.0427,1.4451,1.0473,0.2228,0.8513,1.3818
"PI_431622_LSP_AGL",1.1638,1.9462,3.377,0.2774,4.5049,1.1228,0.8996,1.1714,2.0369,1.9035,0.289,1.3589,1.1597,28.8447,1.3949,1.053,0.2217,0.8339,1.3357
"PI_431630_LSP_AGL",1.1859,2.02,3.4464,0.2684,4.602,1.1294,0.8923,1.2099,2.0936,1.9499,0.2772,1.4015,1.2176,29.5253,1.4231,1.0298,0.2281,0.8377,1.3794
"PI_431633_LSP_AGL",1.3285,2.3585,3.7069,0.2654,5.092,1.2566,1.1581,1.3194,2.2877,2.0576,0.2832,1.5316,1.3335,32.9545,1.5375,1.1404,0.2508,0.9123,1.4994
"PI_431636_LSP_AGL",1.252,2.2172,3.5397,0.2535,4.888,1.1958,1.0436,1.28,2.2061,2.0054,0.266,1.4872,1.286,31.4897,1.4995,1.0654,0.2394,0.875,1.4582
"PI_431643_LSP_AGL",1.3125,2.22,3.7327,0.2833,4.9976,1.2544,1.003,1.3118,2.2563,2.0603,0.3067,1.5125,1.2833,32.019,1.5384,1.136,0.2436,0.9163,1.4836
"PI_431662_LSP_AGL",1.2113,2.027,3.5292,0.2761,4.6476,1.1489,0.9047,1.2069,2.091,1.9453,0.2977,1.393,1.199,29.6469,1.421,1.0312,0.2271,0.8478,1.3815
"PI_431663_LSP_AGL",1.1222,1.7705,3.2144,0.2631,4.271,1.0558,0.7759,1.1133,1.9299,1.8199,0.2804,1.2866,1.125,27.1937,1.3104,0.9666,0.2114,0.7745,1.2642
"PI_431679_LSP_AGL",1.1928,2.0888,3.5411,0.2765,4.6742,1.1394,1.0586,1.216,2.1017,1.9383,0.2841,1.4081,1.2022,30.2038,1.4402,1.0029,0.2296,0.8497,1.3907
"PI_431684_LSP_AGL",1.1562,1.8759,3.3776,0.2713,4.4637,1.1113,0.8148,1.1817,2.0253,1.9053,0.2891,1.3567,1.1511,28.4241,1.3904,1.0347,0.2195,0.8304,1.3378
"PI_431705_LSP_AGL",1.088,1.7576,3.1582,0.2642,4.1597,1.0472,0.8033,1.1006,1.8969,1.7815,0.2755,1.2666,1.1261,26.9813,1.2939,0.9599,0.2102,0.7696,1.2382
"PI_431710_LSP_AGL",1.1292,1.9403,3.3611,0.2691,4.4663,1.0879,0.9294,1.1686,2.0165,1.8833,0.2826,1.3524,1.1569,28.6746,1.3873,0.9971,0.2165,0.8175,1.3206
"PI_431714_LSP_AGL",1.1818,1.9876,3.4493,0.2832,4.5825,1.1446,0.9233,1.2083,2.0792,1.9446,0.2888,1.3878,1.1877,29.5178,1.4403,1.0449,0.2311,0.8569,1.3798
"PI_431717_LSP_AGL",1.1697,2.0081,3.4145,0.2706,4.5755,1.1308,1.0044,1.1922,2.0663,1.9143,0.2881,1.3815,1.1919,29.4145,1.4147,1.0055,0.2225,0.8351,1.3477
"PI_431728_LSP_AGL",1.1502,1.9341,3.3635,0.271,4.4836,1.1125,0.912,1.1817,2.0346,1.8888,0.2828,1.3616,1.1821,28.7283,1.3931,0.9971,0.2192,0.8174,1.3326
"PI_431731_LSP_AGL",1.1915,1.9552,3.4698,0.2824,4.5899,1.1541,0.8601,1.2171,2.085,1.9458,0.2915,1.3939,1.1825,29.2134,1.4383,1.0779,0.2293,0.8522,1.376
"PI_431739_LSP_AGL",1.1926,2.0827,3.5162,0.2754,4.6565,1.1354,0.9347,1.2179,2.109,1.9273,0.2836,1.4087,1.225,30.2428,1.4341,1.0256,0.2319,0.8361,1.3771
"PI_431753_LSP_AGL",1.1455,1.9001,3.3581,0.2693,4.4448,1.1034,0.8821,1.1677,2.0124,1.8889,0.2855,1.3452,1.1651,28.6551,1.3923,1.0225,0.2198,0.8226,1.3194
"PI_431756_LSP_AGL",1.1556,2.0182,3.4847,0.2792,4.5895,1.1344,0.9745,1.2044,2.0718,1.9135,0.2862,1.383,1.1897,29.6631,1.4303,1.0202,0.2256,0.8447,1.3614
"PI_431809_LSP_AGL",1.1642,1.918,3.3213,0.2666,4.4099,1.1078,0.8535,1.1608,2.0119,1.8657,0.2884,1.3465,1.1923,28.5302,1.3638,1.0098,0.2182,0.8039,1.3157
"PI_431824_LSP_AGL",1.3216,2.1348,3.661,0.2671,4.9628,1.2488,0.9483,1.2893,2.2491,2.051,0.3115,1.4967,1.2949,31.3103,1.4985,1.1448,0.24,0.8876,1.4613
"PI_431863_LSP_AGL",1.0968,1.7622,3.081,0.2403,4.216,1.0564,0.8651,1.1117,1.9169,1.8106,0.2594,1.2918,1.1492,27.1669,1.3061,0.9571,0.2079,0.7701,1.254
"PI_431873_LSP_AGL",1.1136,1.7965,3.1402,0.2541,4.3068,1.0753,0.8122,1.1401,1.9583,1.8516,0.2656,1.3235,1.1505,27.4557,1.3434,0.9824,0.2116,0.7965,1.2844
"PI_431884_LSP_AGL",1.3002,2.1069,3.5233,0.2727,4.6995,1.1875,0.9511,1.2619,2.134,1.9991,0.282,1.4512,1.2353,30.1724,1.4857,1.0656,0.2343,0.8875,1.4466
"PI_431888_LSP_AGL",1.2186,2.1188,3.5505,0.277,4.7665,1.1559,0.8362,1.2596,2.1464,2.0099,0.278,1.4517,1.2104,29.961,1.4943,1.0993,0.2322,0.871,1.446
"PI_431893_LSP_AGL",1.1351,2.0446,3.4115,0.2619,4.5729,1.1017,0.9189,1.2008,2.0582,1.9293,0.2609,1.3993,1.1792,29.3335,1.4267,1.0472,0.2225,0.8328,1.3747
"PI_431923_LSP_AGL",1.1936,2.1333,3.5789,0.2799,4.6904,1.1434,1.0086,1.2242,2.1104,1.9483,0.2915,1.4115,1.2172,30.4767,1.4538,1.0451,0.2286,0.8628,1.3905
"PI_431980_LSP_AGL",1.4453,2.5265,4.0519,0.3089,5.4485,1.3496,1.1412,1.4331,2.4557,2.2219,0.3172,1.6488,1.3634,34.4976,1.6837,1.2117,0.2642,1.0066,1.634
"PI_432000_LSP_AGL",1.1731,1.9879,3.464,0.274,4.5693,1.1257,0.9103,1.1897,2.0578,1.9106,0.2925,1.3711,1.1796,29.3443,1.4064,1.0665,0.2244,0.8382,1.3494
"PI_432001_LSP_AGL",1.2084,2.1332,3.539,0.2723,4.8118,1.1594,0.9437,1.2689,2.1743,1.9855,0.2822,1.4624,1.249,30.5566,1.4862,1.0643,0.2274,0.8597,1.4202
"PI_432002_LSP_AGL",1.1635,1.9552,3.3715,0.2748,4.4996,1.1262,0.9319,1.1744,2.032,1.8898,0.2892,1.3609,1.1552,28.91,1.3958,1.0524,0.2219,0.839,1.3374
"PI_432005_LSP_AGL",1.2594,2.1439,3.5373,0.2676,4.8253,1.1772,0.9944,1.2632,2.1885,1.9931,0.28,1.4574,1.2495,30.9745,1.4675,1.0677,0.2363,0.8704,1.4448
"PI_432028_LSP_AGL",1.1802,1.9406,3.3316,0.2721,4.5054,1.1099,0.8753,1.1791,2.0445,1.9259,0.2823,1.3701,1.1628,28.7461,1.4041,1.0443,0.2223,0.8316,1.3468
"PI_432033_LSP_AGL",1.1384,1.8805,3.3189,0.2727,4.3345,1.0761,0.7841,1.1432,1.984,1.8624,0.2838,1.3281,1.1312,27.7504,1.3584,1.021,0.217,0.7919,1.3099
"PI_432085_LSP_AGL",1.2654,2.2737,3.6953,0.2719,5.09,1.2336,0.9794,1.3204,2.2737,2.0677,0.3016,1.529,1.2855,31.842,1.5404,1.1328,0.2362,0.9217,1.496
"PI_432106_LSP_AGL",1.2252,2.1543,3.5012,0.2579,4.8268,1.1776,1.087,1.2543,2.1653,1.9613,0.2815,1.4532,1.2624,31.0477,1.4603,1.0418,0.2308,0.87,1.4106
"PI_432124_LSP_AGL",1.13,1.8915,3.3273,0.2738,4.4199,1.0763,0.7914,1.1664,1.9989,1.8679,0.2859,1.3388,1.1545,28.1254,1.3603,0.991,0.2165,0.8098,1.3188
"PI_432145_LSP_AGL",1.1342,1.908,3.3466,0.2706,4.4342,1.09,0.8079,1.1735,2.0172,1.8905,0.2849,1.3571,1.1543,28.3111,1.3916,1.0284,0.2151,0.8099,1.3248
"PI_432147_LSP_AGL",1.1444,1.9162,3.3296,0.2724,4.4218,1.1102,0.8671,1.1608,2.0073,1.8622,0.2903,1.3425,1.1683,28.4516,1.37,1.0524,0.2157,0.8273,1.3114
"PI_432184_LSP_AGL",1.2873,2.1595,3.5821,0.2688,4.8481,1.2193,1.1365,1.2548,2.1851,1.9906,0.3028,1.4685,1.2411,30.9702,1.4818,1.1082,0.237,0.9025,1.432
"PI_432188_LSP_AGL",1.2059,1.9976,3.3868,0.2573,4.604,1.1485,0.9473,1.2076,2.0797,1.8968,0.2871,1.3966,1.1987,29.2242,1.4085,1.0004,0.2246,0.8482,1.369
"PI_432190_LSP_AGL",1.2116,2.0574,3.3272,0.244,4.7748,1.139,0.8771,1.2499,2.1509,1.9705,0.2717,1.4513,1.2327,29.8683,1.4422,1.0067,0.2187,0.8477,1.4087
"PI_432201_LSP_AGL",1.1661,2.0124,3.3589,0.2677,4.4811,1.1295,1.0329,1.177,2.0349,1.8546,0.2742,1.3729,1.1963,29.353,1.3852,1.0388,0.2231,0.8169,1.3244
"PI_432212_LSP_AGL",1.1937,2.0233,3.4878,0.2702,4.6409,1.1372,0.8974,1.1951,2.0884,1.9245,0.296,1.3882,1.1741,29.1137,1.4058,1.0228,0.2268,0.8477,1.3764
"PI_432236_LSP_AGL",1.237,2.0856,3.5336,0.2737,4.6607,1.1545,1.0061,1.2082,2.114,1.9539,0.2977,1.4078,1.2114,30.1909,1.4282,1.0872,0.2313,0.8644,1.3919
"PI_432245_LSP_AGL",1.2518,2.1557,3.48,0.2646,4.8298,1.1639,1.0078,1.2761,2.1712,1.9864,0.281,1.4673,1.2542,30.9169,1.4754,1.0222,0.2297,0.8838,1.4371
"PI_432271_LSP_AGL",1.295,2.2238,3.5705,0.2692,4.854,1.2139,1.0927,1.2819,2.2142,2.0141,0.2863,1.4862,1.2728,31.4734,1.4899,1.0925,0.237,0.8861,1.4713
"PI_432286_LSP_AGL",1.1465,2.0801,3.4316,0.2532,4.7109,1.1245,0.9984,1.2368,2.1114,1.9264,0.2617,1.4238,1.1999,30.0566,1.4477,0.9816,0.2226,0.8499,1.4091
"PI_451763_LSP_AGL",1.192,2.0522,3.3617,0.2541,4.6776,1.1441,0.9868,1.2315,2.1212,1.9567,0.2707,1.4316,1.2307,30.108,1.4349,1.0242,0.2261,0.8556,1.4072
"PI_458503_LSP_AGL",1.095,1.8249,3.1435,0.2383,4.3478,1.065,0.8852,1.1327,1.9626,1.8238,0.2656,1.3236,1.1583,27.602,1.3292,0.9286,0.2049,0.7671,1.2755
"PI_468900_LSP_AGL",1.2039,2.1676,3.5387,0.2611,4.9183,1.1952,0.9544,1.2785,2.2103,2.0213,0.2897,1.4848,1.2522,30.954,1.4902,1.0983,0.2293,0.8753,1.4519
"PI_468901_AGL",1.3962,2.3026,3.6901,0.2916,5.0496,1.2709,0.9737,1.3825,2.3208,2.1091,0.2805,1.5805,1.3245,32.4059,1.5845,1.1326,0.2435,0.9071,1.5535
"PI_468902_LSP_AGL",1.2304,2.1887,3.5828,0.2599,4.9134,1.2015,0.9982,1.275,2.2148,2.0017,0.2831,1.4866,1.2619,31.1135,1.4794,1.0774,0.2305,0.861,1.4525
"PI_472136_LSP_AGL",1.0788,1.9146,3.1845,0.2407,4.3317,1.0565,1.0423,1.133,1.9561,1.8011,0.2562,1.3228,1.142,28.2141,1.3381,0.9148,0.2068,0.7735,1.2852
"PI_472205_LSP_AGL",1.0568,1.9021,3.1611,0.2459,4.3425,1.0388,1.0224,1.1399,1.9553,1.7898,0.2517,1.3218,1.1483,28.1521,1.3272,0.9164,0.2025,0.7837,1.2771
"PI_472213_LSP_AGL",1.1784,1.9528,3.4011,0.2586,4.5287,1.1291,1.0041,1.1918,2.0481,1.8777,0.2763,1.3757,1.1958,29.3085,1.3923,1.0203,0.2222,0.8305,1.3354
"PI_472327_LSP_AGL",1.0597,1.8612,3.1213,0.2369,4.2901,1.0454,1.0134,1.1271,1.9434,1.7884,0.2521,1.3158,1.1258,27.7558,1.326,0.9477,0.2006,0.7661,1.2711
"PI_472380_LSP_AGL",1.0899,1.9384,3.256,0.2387,4.3456,1.0641,1.0363,1.1338,1.9625,1.8,0.2591,1.3166,1.1552,28.5265,1.3314,0.9664,0.2104,0.7704,1.2946
"PI_472416_LSP_AGL",1.1322,1.9434,3.3198,0.2475,4.519,1.0962,0.9944,1.1847,2.0366,1.8835,0.2653,1.3729,1.1668,29.199,1.3919,1.0121,0.2157,0.8113,1.3415
"PI_472488_LSP_AGL",1.078,1.9882,3.2348,0.2477,4.4294,1.0754,0.9312,1.1694,2.0126,1.7852,0.2521,1.351,1.1719,28.5623,1.3768,0.9461,0.2028,0.7917,1.3059
"PI_472559_LSP_AGL",1.0965,1.9343,3.2322,0.2436,4.4177,1.0677,0.9973,1.158,1.9882,1.8253,0.2553,1.3414,1.1667,28.6288,1.3506,0.9438,0.2083,0.772,1.2996
"PI_472561_LSP_AGL",1.0697,1.892,3.1871,0.2347,4.3475,1.0567,0.9671,1.1474,1.9592,1.8156,0.2456,1.3263,1.1462,28.0474,1.3379,0.9686,0.2071,0.7826,1.3008
"PI_472569_LSP_AGL",1.0409,1.8253,3.0566,0.2236,4.2488,1.0192,0.9484,1.1123,1.9131,1.7702,0.2373,1.2936,1.1301,27.3164,1.2925,0.9478,0.1995,0.7388,1.2514
"PI_472588_LSP_AGL",1.2572,2.2661,3.6504,0.266,5.0115,1.2195,1.0811,1.3154,2.2585,2.0801,0.2727,1.5202,1.2821,31.908,1.5477,1.0788,0.2385,0.8955,1.5074
"PI_472590_LSP_AGL",1.1213,1.8524,3.1348,0.2506,4.257,1.0678,0.9702,1.1268,1.9422,1.8344,0.2564,1.3101,1.149,27.7844,1.3412,0.9386,0.2143,0.8055,1.2931
"PI_472615_LSP_AGL",1.2128,2.2505,3.5722,0.2602,4.8856,1.1732,1.107,1.2678,2.177,1.9755,0.2698,1.4746,1.2787,31.2821,1.4861,1.0422,0.2289,0.8785,1.4203
"PI_472629_LSP_AGL",1.2019,2.1003,3.5153,0.2736,4.6237,1.1425,1.0095,1.2253,2.1006,1.9265,0.2654,1.4125,1.2369,30.2426,1.4431,1.0263,0.2357,0.8464,1.3892
"PI_477921_LSP_AGL",1.3025,2.2014,3.5891,0.2595,4.9335,1.2437,0.992,1.2888,2.2339,2.0303,0.2853,1.4971,1.3,31.5171,1.4923,1.1388,0.2472,0.9029,1.4675
"PI_490288_LSP_AGL",1.1928,2.135,3.4248,0.231,4.8053,1.1691,0.9884,1.2577,2.1578,1.9721,0.2686,1.4552,1.2268,30.2101,1.4681,1.0173,0.2237,0.8521,1.4405
"PI_490289_LSP_AGL",1.1651,2.1478,3.3708,0.2244,4.7751,1.1406,1.0757,1.2439,2.1389,1.9597,0.25,1.4456,1.2381,30.5723,1.4635,0.9966,0.2218,0.8281,1.4156
"PI_508090_AGL",1.2387,2.0657,3.4387,0.2499,4.8173,1.1813,0.9291,1.2661,2.1831,2.0148,0.2721,1.4662,1.2565,30.41,1.4618,1.064,0.2321,0.8615,1.4433
"PI_518731_LSP_AGL",1.2938,2.1976,3.6001,0.2787,4.9186,1.1817,0.9031,1.2984,2.2108,2.003,0.287,1.4932,1.2741,30.5687,1.4887,1.0233,0.2298,0.8752,1.4639
"PI_518733_LSP_AGL",1.239,2.193,3.5456,0.2534,4.9357,1.1929,1.0115,1.3022,2.2368,2.0627,0.2726,1.5092,1.2663,31.5582,1.5224,1.0803,0.2377,0.893,1.4907
"PI_518734_LSP_AGL",1.2223,2.0717,3.4154,0.2533,4.7732,1.1592,0.9745,1.2805,2.1777,2.0155,0.2507,1.4751,1.2152,30.4675,1.4825,1.0282,0.2351,0.8759,1.4683
"PI_533688_LSP_AGL",1.3323,2.1363,3.505,0.2552,4.8657,1.218,0.9889,1.289,2.2085,2.0264,0.2749,1.4849,1.3051,30.7028,1.4885,1.0513,0.2343,0.889,1.4569
"PI_533693_LSP_AGL",1.1958,2.2023,3.4625,0.2387,4.8552,1.1806,1.0259,1.273,2.1799,2.0044,0.2607,1.479,1.2373,30.7923,1.4901,1.0654,0.2295,0.8675,1.4664
"PI_612875_AGL",1.1623,2.1882,3.5442,0.2591,4.8157,1.1563,1.0799,1.249,2.148,1.973,0.2597,1.4443,1.2302,30.8973,1.4639,1.0423,0.2328,0.863,1.428
"PI_643451_AGL",1.1591,2.201,3.5306,0.2442,4.8074,1.1565,1.1607,1.2439,2.1443,1.9306,0.256,1.4394,1.2335,30.8088,1.4514,1.0072,0.2309,0.851,1.4178
"PI_643452_AGL",1.1355,2.1753,3.482,0.2419,4.7762,1.1402,1.0833,1.2491,2.1344,1.9418,0.2476,1.4475,1.2088,30.4825,1.4665,1.0128,0.2267,0.8367,1.4264
"Shasta_AGL",1.2974,2.2249,3.5013,0.2767,4.7926,1.18,1.1172,1.3089,2.2008,1.9992,0.2483,1.506,1.2836,31.6734,1.5184,1.0854,0.2416,0.92,1.4691
"W6_27754_LSP_AGL",1.1562,2.0095,3.371,0.2576,4.6297,1.1573,0.8615,1.2199,2.0994,1.9431,0.2776,1.422,1.2007,29.0802,1.4283,1.0835,0.2232,0.8537,1.3844
"W6_27760_LSP_AGL",1.232,2.1825,3.5409,0.2501,4.8857,1.1992,1.0082,1.2621,2.1947,1.9917,0.2763,1.4684,1.2728,30.8565,1.464,1.0903,0.2321,0.8577,1.4389
"W6_27763_LSP_AGL",1.1355,1.9341,3.306,0.248,4.5273,1.0985,0.8257,1.1909,2.0306,1.8887,0.2693,1.3738,1.1784,28.2133,1.3907,1.0025,0.2127,0.8112,1.3362
"W6_27766_LSP_AGL",1.0635,1.814,3.0581,0.2231,4.2558,1.0444,0.8985,1.1138,1.9273,1.8022,0.2468,1.3019,1.1471,27.0616,1.2908,0.9266,0.1997,0.7681,1.2671
"W6_27767_LSP_AGL",1.1218,2.0566,3.3893,0.2446,4.6277,1.1093,1.021,1.2106,2.066,1.8946,0.2582,1.3964,1.1944,29.3924,1.4156,1.0139,0.2177,0.8479,1.3719
