"Name","Alanine_Su17","Arginine_Su17","Aspartic.acid_Su17","Cysteine_Su17","Glutamic.acid_Su17","Glycine_Su17","Histidine_Su17","Isoleucine_Su17","Leucine_Su17","Lysine_Su17","Methionine_Su17","Phenylalanine_Su17","Proline_Su17","Protein_Su17","Serine_Su17","Threonine_Su17","Tryptophan_Su17","Tyrosine_Su17","Valine_Su17"
"X3156.11_AGL",1.1004,1.9634,2.9675,0.2591,4.153,1.0615,0.8476,1.1307,1.9172,1.703,0.2507,1.3214,1.1506,27.2409,1.2802,1.0729,0.2175,0.81,1.3024
"CDC_Asterix_AGL",1.0835,2.0035,3.0645,0.2587,4.3091,1.0763,0.88,1.195,1.9782,1.7745,0.243,1.3814,1.1453,27.7149,1.361,1.0487,0.2168,0.8026,1.3631
"CDC_Cherie_AGL",1.1027,2.0444,3.1425,0.2728,4.3177,1.0837,0.7181,1.1698,1.9846,1.7722,0.248,1.3685,1.1483,27.7439,1.3382,1.1169,0.2228,0.8073,1.3473
"CDC_Glamis_AGL",1.062,1.9014,2.8365,0.2639,4.059,1.0546,0.7474,1.1438,1.8818,1.7092,0.2354,1.3277,1.1237,26.1607,1.3002,1.0265,0.2126,0.8054,1.302
"CDC_Greenstar_AGL",1.1082,1.9688,3.0253,0.2641,4.2699,1.0964,0.716,1.1817,1.9655,1.7824,0.2544,1.3687,1.1638,27.1755,1.3412,1.0551,0.2201,0.8204,1.3501
"CDC_Imax_AGL",1.2181,2.2823,3.4397,0.2889,4.7645,1.1724,0.7242,1.2693,2.1542,1.9272,0.2694,1.4885,1.2432,29.7887,1.4612,1.1926,0.2349,0.8912,1.462
"CDC_Impower_AGL",1.2109,2.2149,3.2492,0.2788,4.5321,1.1693,0.9137,1.2596,2.0867,1.8523,0.2616,1.4524,1.2213,28.9963,1.4425,1.1114,0.2319,0.8938,1.4448
"CDC_KR.1_AGL",1.0937,2.0431,2.9893,0.2757,4.1707,1.0857,0.7952,1.1409,1.9423,1.6906,0.2401,1.3531,1.1662,27.1202,1.308,1.0827,0.2205,0.8095,1.3132
"CDC_LeMay_AGL",1.1152,2.1249,3.0278,0.2631,4.362,1.0902,0.8145,1.2096,2.0111,1.7755,0.2378,1.4087,1.1687,28.2269,1.3796,1.0981,0.2174,0.8316,1.3898
"CDC_Maxim_AGL",1.0974,2.0702,3.1006,0.2708,4.262,1.088,0.7039,1.1483,1.9616,1.7142,0.2508,1.3603,1.1663,27.3962,1.311,1.1424,0.2226,0.8158,1.3197
"CDC_QG.1_AGL",1.1768,2.2381,3.2564,0.2697,4.6123,1.1525,0.903,1.2593,2.0991,1.8871,0.2617,1.4668,1.1994,29.239,1.4423,1.1783,0.2285,0.8984,1.4461
"CDC_Red_Rider_AGL",1.173,2.1669,3.3101,0.2834,4.5406,1.1216,0.695,1.2089,2.0544,1.8384,0.2657,1.4248,1.1919,28.2467,1.3731,1.1617,0.2271,0.8633,1.3894
"CDC_Redcoat_AGL",1.0992,1.9887,2.9641,0.2588,4.1892,1.0438,0.7792,1.1322,1.9201,1.7376,0.2348,1.3376,1.131,26.8852,1.2972,1.0493,0.2134,0.8022,1.3065
"CDC_Redwing_AGL",1.1773,2.3194,3.4374,0.2738,4.8221,1.1575,0.8552,1.3076,2.1715,1.9502,0.2586,1.5203,1.2128,29.8193,1.4958,1.19,0.2283,0.8986,1.4825
"CDC_Robin_AGL",1.1644,2.2058,3.3136,0.2689,4.5741,1.1029,0.7983,1.227,2.0783,1.8755,0.2469,1.4463,1.1807,28.7601,1.4087,1.1058,0.2223,0.8389,1.4171
"CDC_Rosebud_AGL",1.2034,2.2579,3.4173,0.2756,4.7186,1.1657,0.8842,1.2727,2.1359,1.9429,0.2723,1.4906,1.2158,29.6513,1.4534,1.211,0.232,0.9009,1.4571
"CDC_Rosetown_AGL",1.1353,2.0778,3.1478,0.2652,4.4024,1.0853,0.7148,1.1978,2.0197,1.8327,0.2415,1.4092,1.1504,27.8193,1.3821,1.0964,0.2181,0.8244,1.383
"CDC_Rosie_AGL",1.1229,2.1736,3.2303,0.2843,4.4933,1.1156,0.7497,1.2248,2.0713,1.8162,0.2446,1.448,1.1822,28.6122,1.4101,1.1533,0.2266,0.8397,1.4059
"CDC_Rouleau_AGL",1.1107,1.9363,2.9225,0.2432,4.1828,1.0594,0.8128,1.1255,1.919,1.7337,0.2387,1.3223,1.1414,27.0538,1.2888,1.0781,0.2146,0.7954,1.2951
"CDC_Royale_AGL",1.0998,2.0895,2.9939,0.268,4.2942,1.1029,0.8707,1.1895,1.986,1.7598,0.2357,1.3892,1.1618,28.0911,1.3644,1.0846,0.2207,0.8309,1.3655
"CDC_Ruby_AGL",1.1001,2.0129,3.0958,0.2749,4.3266,1.0772,0.6526,1.1739,1.9776,1.767,0.2471,1.3776,1.1244,27.2377,1.3453,1.1422,0.2215,0.8136,1.3471
"CDC_SB.1_AGL",1.0134,1.8394,2.8336,0.2534,3.9087,0.9781,0.815,1.0686,1.7989,1.6307,0.2307,1.2558,1.0747,25.5686,1.2318,1.0084,0.2002,0.7632,1.2106
"CDC_Sedley_AGL",1.1327,2.1526,3.1521,0.2676,4.4242,1.1164,0.9382,1.2025,2.0184,1.8022,0.2519,1.4064,1.1935,28.3671,1.3757,1.0794,0.2252,0.8646,1.372
"CDC_Vantage_AGL",1.1554,2.0347,3.1195,0.2676,4.3327,1.1067,0.7764,1.1754,1.9749,1.8125,0.271,1.3768,1.1699,27.7262,1.3296,1.1906,0.2215,0.8706,1.3389
"CN_105604_AGL",1.0503,1.8462,2.8795,0.2394,4.0164,0.9959,0.8576,1.0939,1.8416,1.6829,0.237,1.2811,1.0878,26.1249,1.2487,0.9847,0.2026,0.7531,1.2558
"CN_105605_AGL",1.1414,2.0422,3.1674,0.2659,4.3406,1.0731,0.7228,1.1665,1.9817,1.8214,0.2576,1.3658,1.1339,27.7495,1.3541,1.1449,0.2197,0.8134,1.3499
"CN_105715_AGL",1.1885,2.2829,3.3565,0.2633,4.7508,1.1395,0.8795,1.2943,2.1433,1.9219,0.258,1.488,1.223,29.7406,1.4819,1.1029,0.2285,0.8791,1.4726
"CN_105732_AGL",1.2346,2.4853,3.5998,0.2793,5.0114,1.2213,0.9892,1.3365,2.2353,1.9938,0.27,1.5494,1.279,31.8531,1.5252,1.259,0.2446,0.9333,1.526
"CN_105767_AGL",1.156,2.1964,3.2732,0.2776,4.5246,1.1386,0.9286,1.2126,2.0542,1.8332,0.255,1.4203,1.1956,29.1459,1.398,1.172,0.2293,0.8665,1.3861
"CN_105777_AGL",1.1741,2.4295,3.5182,0.3034,4.8162,1.1589,0.9584,1.2823,2.1784,1.9165,0.2524,1.5182,1.2282,30.9317,1.5086,1.1859,0.243,0.9073,1.4758
"CN_105789_AGL",1.1864,2.2345,3.1803,0.2645,4.4573,1.1168,1.0007,1.2096,2.0519,1.7948,0.2494,1.4184,1.2071,29.1305,1.399,1.0689,0.2307,0.8518,1.4042
"CN_105791_AGL",1.184,2.339,3.3616,0.2905,4.5784,1.125,0.9804,1.2306,2.0803,1.842,0.254,1.4572,1.2046,29.4919,1.4345,1.1002,0.2329,0.9005,1.4219
"CN_105862_AGL",1.1847,2.2979,3.2289,0.2538,4.6486,1.1298,1.0214,1.258,2.094,1.869,0.2408,1.465,1.2284,29.7175,1.43,1.1204,0.226,0.8884,1.4287
"CN_105863_AGL",1.1688,2.2638,3.2135,0.2456,4.6906,1.1308,0.9135,1.243,2.1004,1.8898,0.2533,1.4641,1.2424,29.608,1.4136,1.129,0.2234,0.8688,1.4178
"CN_105864_AGL",1.1601,2.1809,3.2801,0.2591,4.5816,1.1273,0.913,1.2244,2.0661,1.8463,0.2543,1.4368,1.2066,28.9858,1.3878,1.1185,0.2195,0.8463,1.3914
"CN_105865_AGL",1.1477,2.2475,3.1693,0.2535,4.6151,1.1092,0.9399,1.2354,2.069,1.8542,0.2419,1.4485,1.208,29.0588,1.4067,1.0807,0.2233,0.8606,1.4069
"CN_105866_AGL",1.2074,2.3143,3.1822,0.2465,4.6486,1.1143,1.0631,1.247,2.1244,1.8795,0.2369,1.4696,1.2621,30.1661,1.4369,1.0616,0.2259,0.8381,1.4411
"CN_105895_AGL",1.2197,2.3711,3.4458,0.2673,4.8094,1.1689,0.9108,1.2879,2.1802,1.9262,0.2595,1.5017,1.2436,30.7,1.4849,1.1256,0.239,0.8865,1.4925
"CN_106265_AGL",1.1055,2.103,3.1554,0.267,4.3541,1.0924,0.8461,1.1595,1.9659,1.7614,0.2502,1.3651,1.1572,28.0729,1.3339,1.0786,0.2229,0.8255,1.3356
"CN_108369_AGL",1.0728,2.0069,2.98,0.2515,4.2322,1.0654,0.8852,1.1562,1.9283,1.7455,0.2441,1.35,1.1505,27.4735,1.3127,1.0643,0.2156,0.8189,1.316
"CN_108370_AGL",1.1792,2.0296,3.0441,0.2643,4.2963,1.1015,0.8171,1.2046,1.9908,1.8297,0.2505,1.3949,1.166,27.9326,1.3761,1.1097,0.2205,0.8203,1.3813
"Crimson_AGL",1.1337,2.0451,2.9703,0.2583,4.2423,1.0829,0.9185,1.1614,1.9589,1.7474,0.2389,1.3642,1.1649,27.7939,1.3289,1.0725,0.2195,0.8182,1.3408
"DPL_62_AGL",1.054,2.0072,2.9164,0.2716,4.1174,1.0888,1.0123,1.1611,1.9406,1.6754,0.2321,1.3578,1.1531,27.7624,1.3376,1.023,0.221,0.7961,1.3236
"Eston_AGL",1.1123,2.2097,3.2733,0.2719,4.4957,1.1313,1.0248,1.2066,2.0247,1.8225,0.2547,1.4105,1.1736,29.2123,1.3984,1.1524,0.2275,0.8656,1.376
"Gudo_AGL",1.1441,2.3206,3.3181,0.2843,4.6587,1.1718,0.9746,1.2878,2.1295,1.8342,0.2516,1.4833,1.2423,29.6191,1.474,1.0538,0.2318,0.8947,1.4546
"IG_1046_AGL",1.1707,2.1087,3.2879,0.2842,4.4216,1.1318,0.8992,1.2001,2.02,1.8433,0.2734,1.3992,1.1732,28.7217,1.3821,1.1774,0.23,0.872,1.3749
"IG_1706_AGL",1.2178,2.3755,3.5799,0.3019,4.8315,1.1994,0.9422,1.3069,2.2031,1.9172,0.2713,1.5167,1.2368,30.7693,1.5065,1.206,0.2456,0.9034,1.5017
"IG_1959_AGL",1.134,2.122,3.2866,0.2792,4.4175,1.0937,0.9292,1.1928,2.0037,1.8337,0.2678,1.3839,1.1516,28.7103,1.3756,1.1742,0.2267,0.8583,1.371
"IG_4258_AGL",1.0788,2.1582,3.073,0.2538,4.3389,1.0738,1.1369,1.1737,1.9848,1.7432,0.2302,1.3795,1.1645,28.9576,1.3529,1.0666,0.2185,0.817,1.3406
"IG_4781_AGL",1.2302,2.3841,3.5017,0.2812,4.9002,1.2008,0.9218,1.3194,2.1893,1.9588,0.2729,1.527,1.2505,30.7731,1.5144,1.1778,0.2396,0.9332,1.5054
"IG_858_AGL",1.1742,2.3201,3.3821,0.2688,4.6763,1.1254,0.9912,1.2491,2.1122,1.8629,0.2515,1.457,1.2208,30.0824,1.4316,1.1045,0.2298,0.8649,1.4408
"ILL_10657_AGL",1.2174,2.3324,3.4364,0.2784,4.7305,1.1706,0.934,1.2559,2.1315,1.8972,0.2648,1.4684,1.2331,30.3571,1.4419,1.1949,0.2387,0.8852,1.4507
"ILL_10748_AGL",1.1131,2.1562,3.0529,0.2554,4.414,1.1172,1.052,1.209,2.0243,1.7949,0.2399,1.4084,1.2074,28.8843,1.3944,1.0554,0.2203,0.8339,1.3787
"ILL_11547_AGL",1.2404,2.451,3.5794,0.2944,4.8959,1.2004,1.0231,1.3179,2.2094,1.9192,0.262,1.5255,1.2545,31.2244,1.5092,1.1699,0.2484,0.9295,1.5114
"ILL_11548_AGL",1.1774,2.3484,3.4785,0.2803,4.8465,1.2164,0.9577,1.317,2.2076,1.9186,0.2674,1.5249,1.2419,30.6805,1.5156,1.2082,0.2431,0.9031,1.5091
"ILL_11553_AGL",1.1571,2.2803,3.218,0.2534,4.4966,1.1334,1.2215,1.2109,2.0591,1.8145,0.2394,1.4292,1.2197,30.0292,1.3947,1.1407,0.2258,0.8453,1.3911
"ILL_11555_AGL",1.1954,2.4903,3.453,0.2736,4.8121,1.2278,1.287,1.3023,2.1902,1.8762,0.2532,1.5124,1.2754,31.8038,1.4969,1.1445,0.2425,0.9152,1.4977
"ILL_11557_AGL",1.1741,2.3112,3.2861,0.2719,4.6704,1.1651,1.0497,1.266,2.1402,1.8572,0.2467,1.4882,1.248,30.0547,1.4515,1.0974,0.2332,0.8592,1.4519
"ILL_11558_AGL",1.1396,2.2512,3.1551,0.2629,4.4629,1.132,1.1547,1.2239,2.0551,1.7718,0.2322,1.4306,1.222,29.7073,1.4032,1.0665,0.2262,0.8371,1.3964
"ILL_1220_AGL",1.16,2.1155,3.1007,0.271,4.3096,1.1036,1.0351,1.1824,1.9924,1.809,0.2523,1.3812,1.1613,28.9392,1.3785,1.0994,0.2277,0.8612,1.3837
"ILL_1553_AGL",1.1829,2.269,3.3444,0.2893,4.6571,1.1783,1.0155,1.2881,2.1254,1.8857,0.2602,1.4807,1.2106,30.1526,1.4816,1.1376,0.241,0.9138,1.4687
"ILL_1762_AGL",1.0346,1.8808,2.8559,0.2644,3.9521,1.0239,0.9245,1.0907,1.8513,1.6601,0.232,1.2778,1.0927,26.9004,1.2706,1.0538,0.2163,0.7643,1.2638
"ILL_1983_AGL",1.0628,2.1448,2.9976,0.2527,4.2475,1.0519,1.1477,1.1559,1.949,1.7159,0.2254,1.3557,1.1533,28.6594,1.337,1.0394,0.218,0.8158,1.3264
"ILL_213_AGL",1.0708,2.1799,3.1618,0.2836,4.3649,1.136,1.0819,1.2038,2.054,1.7581,0.2437,1.4161,1.1832,29.9387,1.4067,1.2027,0.2333,0.8519,1.3894
"ILL_2194_AGL",1.0757,2.1143,2.9236,0.258,4.2049,1.0865,1.1266,1.1799,1.9503,1.7018,0.2291,1.3662,1.1717,28.5422,1.3579,1.0121,0.2154,0.8302,1.3385
"ILL_2507_AGL",1.0918,2.177,3.1178,0.2466,4.377,1.0697,1.1202,1.1681,1.9879,1.7655,0.2377,1.3796,1.1723,28.8674,1.3385,1.0842,0.2158,0.8213,1.3418
"ILL_2580_AGL",1.2115,2.4799,3.3939,0.2552,4.7757,1.1542,1.2846,1.2637,2.1491,1.9134,0.2475,1.4939,1.2475,31.8648,1.4693,1.1763,0.233,0.9102,1.4649
"ILL_28_AGL",1.0842,2.0756,2.9069,0.2518,4.2411,1.0275,0.9153,1.156,1.9178,1.7282,0.2311,1.3546,1.1595,27.5499,1.3129,1.0122,0.2111,0.8142,1.303
"ILL_3025_AGL",1.0931,2.1565,3.0222,0.2453,4.3051,1.0628,1.1293,1.1544,1.969,1.7654,0.2315,1.3697,1.1528,28.938,1.3482,1.0932,0.2173,0.8257,1.3367
"ILL_313_AGL",1.1394,2.3294,3.2096,0.2528,4.625,1.1127,1.1163,1.2443,2.0815,1.8662,0.2381,1.4586,1.2053,30.4528,1.4354,1.1357,0.2258,0.8906,1.424
"ILL_3347_AGL",1.1039,2.1663,3.0715,0.2576,4.2862,1.0717,1.119,1.1648,1.9638,1.7273,0.2347,1.3634,1.1627,28.8702,1.3451,1.0644,0.2185,0.8314,1.3374
"ILL_358_AGL",1.1582,2.3904,3.3438,0.2664,4.7807,1.1731,1.1006,1.2852,2.1505,1.899,0.2418,1.4981,1.2417,31.2747,1.496,1.1951,0.2347,0.8862,1.458
"ILL_3597_AGL",1.0945,2.1319,2.9731,0.2478,4.2082,1.0594,1.1856,1.1441,1.937,1.7472,0.2264,1.3525,1.1441,29.1113,1.3425,1.1211,0.2184,0.819,1.3215
"ILL_4164_AGL",1.0746,2.1099,2.9452,0.2538,4.2065,1.039,1.0625,1.1585,1.9485,1.7189,0.2199,1.3612,1.1497,28.2537,1.3471,1.0049,0.2165,0.8235,1.3345
"ILL_4400_AGL",1.1682,2.3717,3.3485,0.2756,4.715,1.1673,1.0195,1.2567,2.1239,1.894,0.2597,1.4778,1.2259,30.7549,1.4585,1.2185,0.2428,0.9126,1.4521
"ILL_4605_AGL",1.1818,2.3135,3.1757,0.2682,4.5374,1.1449,1.0643,1.2307,2.0771,1.877,0.2505,1.4567,1.2219,30.2525,1.4253,1.1848,0.2325,0.8927,1.4235
"ILL_4609_AGL",1.0933,2.1813,3.155,0.2694,4.3928,1.087,0.9753,1.1788,1.9999,1.7957,0.2392,1.3906,1.1458,29.241,1.3775,1.1726,0.2254,0.8527,1.3658
"ILL_4665_AGL",1.1177,2.1989,3.0928,0.2692,4.433,1.122,1.0573,1.2106,2.0263,1.8213,0.242,1.4167,1.185,29.6612,1.4008,1.1197,0.2314,0.866,1.3926
"ILL_4671_AGL",1.1482,2.2882,3.1161,0.2679,4.5361,1.1555,1.093,1.2461,2.0799,1.8377,0.2412,1.4525,1.22,30.2316,1.4384,1.1387,0.2351,0.8772,1.439
"ILL_4768_AGL",1.1181,2.217,3.151,0.2786,4.4248,1.1156,0.9156,1.2133,2.0692,1.7642,0.2415,1.4252,1.2126,29.456,1.408,1.0572,0.2332,0.8539,1.4043
"ILL_4782_AGL",1.1171,2.1906,3.1439,0.2696,4.4093,1.1066,0.9775,1.1919,2.0434,1.7718,0.2482,1.4033,1.1955,29.4273,1.3892,1.0752,0.2323,0.8472,1.3886
"ILL_4783_AGL",1.1117,2.0266,2.9763,0.2556,4.3315,1.0808,0.8628,1.1762,1.9774,1.8113,0.2493,1.3858,1.1703,28.0608,1.339,1.0765,0.2162,0.8273,1.3508
"ILL_4804_AGL",1.1615,2.0244,2.9924,0.2329,4.3039,1.0697,1.0423,1.1624,1.9841,1.7947,0.245,1.3669,1.1997,28.5508,1.3221,1.0279,0.2191,0.7927,1.3397
"ILL_4875_AGL",1.1446,2.0688,3.155,0.2587,4.375,1.0872,0.9599,1.2002,2.0025,1.8328,0.2543,1.3819,1.1506,28.8325,1.372,1.0915,0.221,0.8241,1.3821
"ILL_4956_AGL",1.2156,2.4249,3.5549,0.2822,4.9651,1.212,1.058,1.3186,2.2103,1.9782,0.2713,1.5267,1.2638,31.6945,1.5115,1.1667,0.2394,0.9277,1.5063
"ILL_5058_AGL",1.1285,2.168,3.2389,0.2626,4.5373,1.1293,0.868,1.2129,2.0427,1.818,0.2595,1.4096,1.215,28.83,1.3775,1.0722,0.2242,0.8313,1.3869
"ILL_5151_AGL",1.1841,2.3136,3.3463,0.255,4.6505,1.1461,1.1515,1.2316,2.1175,1.8492,0.2492,1.4489,1.2353,30.3618,1.4269,1.089,0.2316,0.8425,1.426
"ILL_5209_AGL",1.1391,2.1693,3.2315,0.2748,4.5279,1.13,0.9371,1.249,2.0667,1.847,0.255,1.4333,1.2035,29.2827,1.4337,1.0625,0.2234,0.8672,1.4126
"ILL_5480_AGL",1.2079,2.1913,3.3212,0.2648,4.6217,1.1738,0.9895,1.2525,2.1119,1.8816,0.2695,1.4572,1.2202,29.6443,1.4282,1.1235,0.2335,0.8693,1.4379
"ILL_5639_AGL",1.0878,1.9733,3.0353,0.2316,4.2982,1.0321,0.8999,1.1681,1.9454,1.7613,0.2464,1.3454,1.1639,27.3622,1.3088,0.9852,0.2021,0.7771,1.3169
"ILL_5722_AGL",1.0891,2.0867,2.9393,0.2637,4.1991,1.0241,0.8095,1.1574,1.9337,1.7274,0.2232,1.364,1.1411,26.8375,1.324,0.9839,0.2042,0.7927,1.3257
"ILL_5883_AGL",1.1376,2.3192,3.3129,0.2661,4.677,1.1221,0.9898,1.2609,2.0959,1.8811,0.2428,1.4664,1.2063,29.8593,1.4611,1.1167,0.2228,0.873,1.4277
"ILL_5888_AGL",1.067,1.8529,2.8701,0.248,3.9872,1.0289,0.9641,1.1052,1.8428,1.6804,0.2426,1.2785,1.1218,26.6155,1.2452,1.0157,0.2028,0.7756,1.2527
"ILL_5945_AGL",1.1415,2.1068,3.1747,0.2491,4.3743,1.0911,0.9186,1.1691,2.0036,1.7675,0.2528,1.3675,1.1749,28.1708,1.3513,1.049,0.2227,0.8264,1.3536
"ILL_6002_AGL",1.1773,2.3157,3.3819,0.2782,4.7315,1.1745,0.914,1.2788,2.1342,1.916,0.2579,1.4863,1.2227,30.2117,1.4661,1.1567,0.236,0.8822,1.4667
"ILL_618_AGL",1.1571,2.2026,3.3176,0.2651,4.5788,1.0878,0.9523,1.2324,2.0616,1.877,0.2543,1.4185,1.1952,30.1511,1.399,1.1254,0.229,0.8416,1.41
"ILL_6182_AGL",1.1463,2.1995,3.2715,0.2526,4.611,1.1148,0.9916,1.2334,2.0745,1.8632,0.2498,1.4382,1.1918,29.5272,1.4002,1.0866,0.224,0.847,1.4152
"ILL_6211_AGL",1.1088,2.0881,3.0376,0.2585,4.3425,1.0823,0.8377,1.1919,1.9796,1.7871,0.2467,1.3805,1.1726,28.1068,1.3525,1.06,0.2186,0.8342,1.3616
"ILL_624_AGL",1.1319,2.1108,3.2502,0.2542,4.456,1.0888,0.9228,1.1749,2.003,1.8177,0.2538,1.3761,1.1708,28.9005,1.3407,1.103,0.2234,0.8142,1.3544
"ILL_6821_AGL",1.0069,1.757,2.7071,0.2479,3.8663,0.9825,0.7659,1.0902,1.792,1.6542,0.2285,1.2615,1.0653,25.0801,1.248,0.9392,0.1946,0.7466,1.2337
"ILL_6853_AGL",1.1162,2.1592,3.1139,0.2534,4.4553,1.0827,1.0208,1.2,2.0026,1.7993,0.2398,1.3953,1.1855,29.0134,1.3563,1.0504,0.2197,0.8368,1.3639
"ILL_7089_AGL",1.1165,2.2123,3.2805,0.2679,4.5288,1.101,1.0331,1.2295,2.0471,1.833,0.2538,1.4178,1.1848,29.5933,1.4073,1.0745,0.2211,0.8573,1.3939
"ILL_7558_AGL",1.1199,2.1054,3.104,0.2552,4.3916,1.0789,0.9457,1.1924,2.002,1.8062,0.2487,1.3902,1.1722,28.419,1.356,1.062,0.2187,0.8434,1.3583
"ILL_7663_AGL",1.14,2.2466,3.2647,0.2687,4.5256,1.1232,1.0877,1.219,2.0467,1.8358,0.2508,1.4221,1.1979,29.8647,1.4036,1.1174,0.2275,0.8639,1.3891
"ILL_7668_AGL",1.184,2.3949,3.3587,0.2548,4.6452,1.1463,1.3015,1.2346,2.1107,1.836,0.2412,1.4516,1.2394,31.1143,1.4209,1.108,0.2313,0.8655,1.4202
"ILL_7716_AGL",1.1713,2.1904,3.2805,0.2675,4.5865,1.1345,0.9496,1.2384,2.0782,1.8835,0.2628,1.4457,1.2035,29.3671,1.4092,1.1059,0.2276,0.8544,1.4216
"ILL_7747_AGL",1.1957,2.3629,3.4285,0.2702,4.8199,1.1733,0.9941,1.2764,2.1612,1.9171,0.2536,1.492,1.2326,30.6533,1.4593,1.1689,0.2338,0.8925,1.4714
"ILL_7946_AGL",1.0138,1.8239,2.7754,0.2579,3.9212,0.9925,0.8161,1.1103,1.8128,1.6494,0.2258,1.2747,1.0939,25.8176,1.2716,0.9553,0.1995,0.7623,1.2407
"ILL_7978_AGL",1.2268,2.2465,3.3146,0.2871,4.5822,1.1604,0.8871,1.2559,2.1091,1.8709,0.2616,1.4616,1.2192,29.6276,1.4407,1.1436,0.2374,0.8835,1.4523
"ILL_7979_AGL",1.108,2.1619,3.1193,0.249,4.4394,1.0788,1.0215,1.1857,2.0081,1.8046,0.236,1.3932,1.1687,28.9345,1.3556,1.0876,0.2175,0.8266,1.3616
"ILL_8007_AGL",1.0946,2.107,3.0873,0.2433,4.3905,1.0534,0.9894,1.1901,1.988,1.7884,0.2394,1.3812,1.1758,28.7665,1.3335,1.0295,0.2118,0.8052,1.349
"ILL_8009_AGL",1.1779,2.2738,3.3598,0.2596,4.5759,1.111,1.1053,1.2332,2.0737,1.847,0.2466,1.4401,1.2086,29.91,1.4023,1.0812,0.2244,0.8465,1.4114
"ILL_8010_AGL",1.1924,2.4693,3.4459,0.2589,4.7715,1.1509,1.2983,1.2555,2.1451,1.8646,0.2397,1.4832,1.2641,31.5726,1.4374,1.0723,0.2329,0.865,1.446
"ILL_8072_AGL",1.1604,2.0822,2.9625,0.2384,4.3053,1.0554,0.9188,1.1875,1.9772,1.789,0.2285,1.3779,1.1974,27.9907,1.3446,0.9848,0.2107,0.7973,1.349
"ILL_8174_AGL",1.1302,2.0541,3.0909,0.2529,4.4075,1.1071,0.8471,1.1909,2.0021,1.8269,0.2564,1.3845,1.1807,28.2363,1.3465,1.1236,0.2214,0.8445,1.3613
"ILL_8595_AGL",1.1686,2.1395,3.3116,0.263,4.5469,1.1492,0.8314,1.211,2.048,1.8634,0.2775,1.4109,1.1941,28.9956,1.3649,1.1944,0.2333,0.8674,1.3989
"ILL_9_AGL",1.1157,2.1227,3.0187,0.2439,4.3393,1.0647,0.9954,1.1946,1.9811,1.7652,0.2332,1.3818,1.1826,28.283,1.3601,1.009,0.2139,0.8166,1.3539
"ILL_975_AGL",1.1083,2.0842,3.1154,0.2595,4.3976,1.0704,0.8927,1.2088,1.9967,1.8161,0.246,1.3985,1.1496,28.0786,1.3877,1.0553,0.215,0.8345,1.3733
"ILL_9888_AGL",1.1707,2.3119,3.3317,0.2824,4.7455,1.1891,0.9211,1.3274,2.1812,1.9232,0.2487,1.5286,1.2124,30.2626,1.5326,1.1364,0.2356,0.8947,1.5185
"ILL_9932_AGL",1.1307,2.2387,3.2152,0.2632,4.4809,1.0936,1.0731,1.217,2.0438,1.7861,0.2411,1.4159,1.2051,29.5271,1.3868,1.0595,0.2212,0.8395,1.3873
"ILL_9945_AGL",1.221,2.5273,3.5519,0.2766,5.0114,1.2073,1.1363,1.3544,2.2697,1.9774,0.2555,1.5705,1.2853,32.389,1.5553,1.1631,0.2412,0.9262,1.5496
"ILL_9977_AGL",1.1408,2.1767,3.1411,0.2549,4.4463,1.0862,1.0049,1.1968,2.0245,1.8048,0.2409,1.4072,1.1835,28.914,1.3712,1.0631,0.2187,0.8265,1.3767
"ILL_9997_AGL",1.1617,2.2234,3.1763,0.2581,4.4099,1.1233,1.1337,1.2168,2.0386,1.7992,0.2374,1.4133,1.2116,29.6198,1.3976,1.0718,0.2247,0.8145,1.3931
"ILWL_118_AGL",1.0754,2.0155,2.9949,0.2345,4.2424,1.0435,1.1187,1.1504,1.9358,1.7462,0.2354,1.337,1.1598,28.3641,1.3037,1.04,0.2091,0.7923,1.3028
"Indianhead_AGL",1.203,2.2638,3.4268,0.2761,4.7135,1.1807,0.7873,1.2768,2.1895,1.9294,0.2679,1.4921,1.2182,30.4296,1.4921,1.1701,0.2353,0.9125,1.4846
"IPL_220_AGL",1.1309,2.2413,3.2389,0.2578,4.5508,1.1141,1.1181,1.2192,2.0571,1.8356,0.2366,1.4284,1.1945,29.8295,1.4042,1.0799,0.2244,0.8417,1.4002
"Laird_AGL",1.1509,2.106,3.0696,0.2629,4.3985,1.106,0.8769,1.2263,2.0233,1.8171,0.2432,1.4137,1.194,28.4964,1.3895,1.0657,0.2211,0.8564,1.4004
"LIRL.22.46_AGL",1.1646,2.1764,3.1826,0.2588,4.4259,1.1215,1.098,1.2102,2.0322,1.8277,0.2468,1.4071,1.2106,29.6213,1.382,1.0885,0.2253,0.8452,1.3902
"PI_163589_AGL",1.1723,2.2971,3.2305,0.2621,4.6584,1.1493,0.9938,1.2757,2.1256,1.8836,0.2479,1.4805,1.2492,30.2148,1.452,1.0966,0.2305,0.8453,1.4616
"PI_169534_LSP_AGL",1.1255,2.2446,3.2288,0.2811,4.5251,1.1111,0.897,1.2196,2.0532,1.8128,0.2449,1.4283,1.1784,29.2,1.404,1.133,0.2283,0.8733,1.403
"PI_175754_LSP_AGL",1.227,2.3997,3.4356,0.2848,4.8198,1.2004,1.0487,1.2976,2.2016,1.9257,0.2593,1.5109,1.2742,31.4198,1.4976,1.1674,0.2403,0.9032,1.4978
"PI_177430_LSP_AGL",1.0769,2.0274,3.0145,0.26,4.1873,1.0535,0.9682,1.131,1.9299,1.7258,0.2428,1.3294,1.1571,27.9471,1.3059,1.0527,0.215,0.8073,1.3013
"PI_178939_LSP_AGL",1.1146,2.0918,3.1485,0.284,4.3722,1.1229,0.8487,1.2111,2.0075,1.81,0.2558,1.4008,1.1626,28.4794,1.3992,1.1039,0.2244,0.8569,1.3814
"PI_178952_AGL",1.1371,2.0997,3.2608,0.2788,4.4469,1.1259,0.9045,1.2273,2.0456,1.8527,0.2598,1.4106,1.1815,29.2149,1.4151,1.127,0.2275,0.8348,1.4036
"PI_178971_LSP_AGL",1.1554,2.1066,3.2939,0.279,4.4821,1.1171,0.8511,1.2239,2.0366,1.8578,0.2676,1.4105,1.176,28.7322,1.3998,1.1564,0.2256,0.8492,1.3927
"PI_179324_LSP_AGL",1.1409,2.1981,3.2237,0.2707,4.5035,1.1087,0.9737,1.2411,2.0595,1.8303,0.2537,1.4256,1.1989,29.4059,1.4216,1.0616,0.2224,0.8722,1.4121
"PI_179330_AGL",1.0459,1.7209,2.7578,0.2769,3.7322,1.0034,0.7314,1.0799,1.7802,1.622,0.2482,1.2423,1.075,25.0771,1.2479,0.9846,0.2046,0.7926,1.2231
"PI_181771_LSP_AGL",1.1596,2.1394,3.2806,0.2742,4.485,1.1086,0.9121,1.2238,2.0384,1.8645,0.2606,1.4127,1.1762,29.207,1.4039,1.1551,0.2269,0.8436,1.403
"PI_181886_LSP_AGL",1.0989,2.0279,3.0795,0.2549,4.3595,1.0752,0.8363,1.1763,1.9722,1.7732,0.2559,1.3739,1.1717,27.5326,1.3238,1.0526,0.2171,0.8177,1.3368
"PI_182217_LSP_AGL",1.0835,1.9994,3.0206,0.2531,4.2972,1.0645,0.8597,1.1664,1.9471,1.7593,0.2496,1.3526,1.1651,27.4597,1.3128,1.0297,0.2139,0.8035,1.3254
"PI_193546_AGL",1.1462,2.2591,3.2689,0.251,4.631,1.1129,1.0603,1.2447,2.1009,1.8314,0.2427,1.4516,1.2267,29.6139,1.4088,1.0814,0.2208,0.8412,1.4149
"PI_193547_LSP_AGL",1.0628,1.8566,3.0521,0.2629,4.0904,1.0173,0.7736,1.1039,1.8774,1.7302,0.2534,1.2785,1.1014,26.9263,1.2598,1.0696,0.2155,0.7459,1.2768
"PI_193548_LSP_AGL",1.1403,2.1798,3.2743,0.2543,4.5377,1.1141,0.8853,1.2021,2.0619,1.8155,0.262,1.4013,1.1937,29.1689,1.3882,1.0958,0.2315,0.8425,1.3966
"PI_193550_AGL",1.2365,2.4747,3.6088,0.2687,4.9765,1.1941,0.9855,1.307,2.2373,1.9649,0.2745,1.5279,1.2616,31.6975,1.5104,1.1872,0.2456,0.9174,1.5278
"PI_207492_LSP_AGL",1.1736,2.1933,3.3929,0.2822,4.5606,1.1185,0.8679,1.2205,2.0607,1.8943,0.2753,1.4189,1.1904,29.7253,1.4084,1.2046,0.2315,0.8555,1.4011
"PI_209858_LSP_AGL",1.1826,2.4607,3.3716,0.2555,4.8098,1.1642,1.2459,1.2799,2.1564,1.9056,0.2409,1.5006,1.2457,31.5333,1.4831,1.1444,0.2334,0.8863,1.4635
"PI_211052_LSP_AGL",1.2164,2.3002,3.4842,0.2725,4.6663,1.1356,1.0724,1.2376,2.1011,1.9058,0.2628,1.4398,1.2075,30.4828,1.438,1.1447,0.2343,0.8653,1.4355
"PI_212100_LSP_AGL",1.1261,2.115,3.262,0.2775,4.4652,1.0865,0.8659,1.1981,2.0232,1.8382,0.2571,1.3937,1.1581,28.9577,1.3786,1.1333,0.2256,0.8239,1.3817
"PI_212610_LSP_AGL",1.142,2.0814,3.2641,0.2766,4.4528,1.12,0.8982,1.2215,2.0437,1.87,0.2674,1.4055,1.1721,29.2869,1.4093,1.1351,0.2296,0.8463,1.4109
"PI_217949_LSP_AGL",1.1179,2.2031,3.19,0.2332,4.3974,1.0659,1.1627,1.169,1.9984,1.7694,0.2369,1.3793,1.1883,29.2429,1.3423,1.0554,0.2165,0.8028,1.3461
"PI_238758_LSP_AGL",1.1929,2.3127,3.3988,0.2659,4.8274,1.1916,0.913,1.288,2.165,1.9518,0.2687,1.4977,1.2397,30.7624,1.4634,1.2011,0.2387,0.9104,1.483
"PI_244046_AGL",1.3429,2.7752,3.9189,0.3044,5.3388,1.2651,1.1777,1.4155,2.3969,2.0899,0.2783,1.65,1.3386,34.2355,1.639,1.2171,0.2616,0.9944,1.6444
"PI_250156_LSP_AGL",1.0995,2.0634,3.0763,0.2548,4.2771,1.0465,0.9356,1.1562,1.9455,1.7651,0.2424,1.356,1.1392,27.9417,1.3263,1.0505,0.2127,0.798,1.328
"PI_250158_LSP_AGL",1.081,2.1111,3.0427,0.2342,4.2033,1.0214,1.1972,1.1264,1.9162,1.7146,0.2279,1.3254,1.16,28.533,1.2944,1.0103,0.2101,0.7811,1.2917
"PI_251248_LSP_AGL",1.3573,2.8774,4.0822,0.318,5.4484,1.3178,1.2358,1.4302,2.4382,2.0974,0.2893,1.6726,1.3622,35.0967,1.6803,1.2433,0.2676,1.0204,1.6633
"PI_273664_LSP_AGL",1.1336,2.109,3.1632,0.2771,4.4615,1.1081,0.7777,1.2111,2.0441,1.831,0.2439,1.4135,1.1728,28.6149,1.3983,1.1305,0.2257,0.8306,1.3886
"PI_280686_AGL",1.1791,2.1535,3.2315,0.2826,4.4019,1.1147,0.9173,1.2087,2.0422,1.8105,0.2568,1.4148,1.1953,28.7478,1.3895,1.0627,0.2263,0.8459,1.3972
"PI_283604_LSP_AGL",1.2204,2.4156,3.3104,0.2545,4.7933,1.1621,1.0301,1.2869,2.1635,1.9162,0.2568,1.5019,1.2822,30.6919,1.4698,1.1028,0.2335,0.8927,1.4861
"PI_289066_AGL",1.1375,2.2237,3.2628,0.2619,4.5673,1.1426,1.0863,1.2336,2.067,1.8439,0.2524,1.4313,1.1986,29.6743,1.4269,1.1148,0.2272,0.8603,1.4036
"PI_289073_LSP_AGL",1.1482,2.1877,3.2109,0.2622,4.5628,1.124,0.8566,1.2497,2.0819,1.8519,0.2464,1.4466,1.1767,29.1861,1.4342,1.1138,0.2236,0.8503,1.4336
"PI_289079_LSP_AGL",1.1191,2.0982,3.0946,0.2434,4.4438,1.0843,0.9473,1.2021,2.0084,1.8209,0.2365,1.3946,1.1585,28.6531,1.3648,1.0562,0.2208,0.8134,1.3826
"PI_290716_LSP_AGL",1.1131,1.9665,3.0569,0.2601,4.1711,1.0509,0.8548,1.1227,1.914,1.7525,0.2568,1.3183,1.1402,27.4728,1.2836,1.101,0.217,0.79,1.3039
"PI_297285_LSP_AGL",1.1601,2.2264,3.2994,0.2705,4.6766,1.1579,0.8837,1.2589,2.1131,1.8965,0.2652,1.4674,1.2139,29.6025,1.4317,1.1535,0.2336,0.8748,1.4461
"PI_297287_AGL",1.1661,2.2335,3.2881,0.2634,4.6651,1.1749,0.9181,1.2505,2.1242,1.899,0.2698,1.4667,1.2391,29.8501,1.4315,1.1305,0.2347,0.8748,1.4515
"PI_297754_LSP_AGL",1.1284,2.0806,3.1642,0.274,4.3788,1.1081,0.9273,1.2102,2.0141,1.8267,0.2542,1.4019,1.1669,28.5272,1.3946,1.0753,0.221,0.8455,1.3895
"PI_297767_AGL",1.2102,2.2586,3.117,0.2481,4.5444,1.1264,1.0936,1.2414,2.086,1.8508,0.2338,1.4559,1.2487,29.6402,1.4198,1.0235,0.2258,0.8406,1.4211
"PI_297772_LSP_AGL",1.2109,2.3045,3.2558,0.2406,4.5506,1.1217,1.2349,1.2296,2.0882,1.8162,0.2437,1.4412,1.2427,29.8421,1.4002,1.0558,0.2244,0.8562,1.417
"PI_297783_AGL",1.1358,2.1179,3.1834,0.2506,4.435,1.0868,0.8916,1.1844,2.0284,1.8025,0.2567,1.3847,1.1769,28.486,1.3637,1.0806,0.2207,0.8317,1.3729
"PI_297787_LSP_AGL",1.1992,2.1794,3.4113,0.2749,4.6117,1.1344,0.8723,1.2475,2.0911,1.9028,0.2782,1.4324,1.2011,29.7589,1.425,1.191,0.2319,0.8635,1.4306
"PI_298023_LSP_AGL",1.1945,2.3379,3.3988,0.2826,4.6754,1.1708,1.1027,1.2595,2.1195,1.8972,0.2636,1.4712,1.2234,30.3908,1.4594,1.1402,0.2389,0.9065,1.4492
"PI_298121_LSP_AGL",1.2191,2.3328,3.4795,0.2675,4.8083,1.1819,1.0205,1.2797,2.163,1.9339,0.2706,1.4943,1.2394,30.5337,1.4574,1.1825,0.2339,0.8893,1.47
"PI_298122_LSP_AGL",1.1089,2.0966,3.0961,0.2479,4.4136,1.0778,0.8064,1.2054,2.0076,1.8065,0.2402,1.3944,1.1488,28.1412,1.3668,1.0425,0.2165,0.8137,1.3896
"PI_298357_LSP_AGL",1.2084,2.3071,3.4486,0.2865,4.6937,1.1655,0.9382,1.2558,2.1239,1.8983,0.2652,1.4727,1.2082,29.9985,1.4446,1.1923,0.2367,0.8798,1.4484
"PI_298631_LSP_AGL",1.1661,2.2278,3.2206,0.2498,4.5922,1.1317,0.9972,1.2293,2.0756,1.856,0.258,1.4342,1.2213,29.4723,1.404,1.074,0.2283,0.8544,1.4148
"PI_298644_LSP_AGL",1.1198,2.1314,3.1625,0.2528,4.4934,1.0999,0.7701,1.2243,2.0405,1.8,0.2439,1.4137,1.1592,28.1156,1.3765,1.0591,0.2186,0.8176,1.4049
"PI_298645_AGL",1.17,2.2175,3.3257,0.2583,4.6418,1.1378,1.0002,1.2522,2.0939,1.8684,0.2599,1.4452,1.221,29.8393,1.4199,1.0753,0.2294,0.8622,1.4305
"PI_298921_AGL",1.1144,2.1194,3.1174,0.26,4.4887,1.0875,0.7392,1.2139,2.0151,1.8343,0.2525,1.4179,1.1698,27.8163,1.3763,1.0716,0.2168,0.8434,1.3827
"PI_298922_LSP_AGL",1.1331,2.137,3.2062,0.2498,4.4817,1.0914,0.9448,1.2016,2.0218,1.8209,0.2439,1.4084,1.1821,28.8196,1.3492,1.0926,0.2153,0.8257,1.3652
"PI_298923_LSP_AGL",1.2765,2.6319,3.6469,0.2763,5.0896,1.2323,1.2777,1.3399,2.274,1.9982,0.2662,1.5717,1.3129,33.104,1.541,1.2024,0.2514,0.9477,1.5459
"PI_299116_LSP_AGL",1.012,1.6976,2.694,0.2206,3.8116,0.977,0.6865,1.0507,1.7658,1.6247,0.2292,1.2324,1.0619,24.5985,1.1772,0.9977,0.1924,0.712,1.2001
"PI_299120_LSP_AGL",1.1368,2.1444,3.2143,0.237,4.5176,1.0669,0.9086,1.2212,2.0359,1.8432,0.244,1.4165,1.1968,28.7143,1.3771,1.0752,0.2107,0.8103,1.3797
"PI_299121_LSP_AGL",1.1159,2.1052,3.102,0.2459,4.3778,1.0453,0.9473,1.1937,1.9841,1.801,0.2356,1.3904,1.1706,28.3653,1.3509,1.0677,0.2112,0.8002,1.3483
"PI_299126_LSP_AGL",1.1539,2.2374,3.2537,0.2408,4.5404,1.1244,1.0599,1.2175,2.0572,1.8265,0.2489,1.4224,1.2233,29.6824,1.3803,1.1234,0.2237,0.8376,1.3853
"PI_299163_LSP_AGL",1.1748,2.2935,3.3244,0.2663,4.6638,1.1571,0.9456,1.2533,2.1048,1.8882,0.2688,1.4626,1.2316,29.7707,1.4293,1.1382,0.2325,0.8995,1.4454
"PI_299164_LSP_AGL",1.1263,1.9324,2.874,0.2539,4.0844,1.0568,0.8976,1.1375,1.8977,1.734,0.2438,1.3212,1.1554,27.1315,1.2887,1.0197,0.2147,0.7869,1.3062
"PI_299165_AGL",1.1114,1.9792,3.0258,0.2517,4.2925,1.0971,0.8699,1.171,1.9653,1.787,0.2596,1.3559,1.1769,27.8101,1.3258,1.076,0.2153,0.8119,1.3353
"PI_299177_LSP_AGL",1.1548,2.1494,3.2398,0.2599,4.5276,1.133,0.9548,1.218,2.0549,1.8703,0.2604,1.4234,1.1895,29.1582,1.3995,1.1492,0.2279,0.8603,1.403
"PI_299237_LSP_AGL",1.1897,2.2486,3.5541,0.2935,4.7584,1.1617,0.8779,1.274,2.1396,1.9167,0.2863,1.4684,1.216,29.4842,1.4348,1.1653,0.2294,0.8973,1.4426
"PI_299289_AGL",1.2333,2.3495,3.4894,0.2904,4.7099,1.163,0.9674,1.2692,2.1506,1.9306,0.2668,1.4944,1.2232,30.3292,1.459,1.2036,0.2352,0.9087,1.4688
"PI_299312_AGL",1.3219,2.5407,3.6575,0.2684,5.1506,1.2577,1.0087,1.3392,2.2911,2.0357,0.2853,1.5737,1.3207,32.2167,1.5232,1.254,0.2509,0.9538,1.5522
"PI_299345_AGL",1.1877,2.2532,3.2678,0.2517,4.6363,1.1368,1.0389,1.2335,2.0899,1.8721,0.2578,1.4394,1.2327,29.8313,1.4065,1.1103,0.2329,0.866,1.4153
"PI_299351_LSP_AGL",1.2059,2.2152,3.4277,0.2804,4.6228,1.1238,0.9316,1.2296,2.0888,1.9131,0.2758,1.4331,1.1944,29.606,1.4107,1.1468,0.2321,0.8805,1.4279
"PI_299366_LSP_AGL",1.1387,2.1769,3.1498,0.2468,4.5166,1.0869,0.9281,1.1973,2.0358,1.8151,0.2407,1.4064,1.2032,28.7448,1.3502,1.0628,0.22,0.8229,1.3803
"PI_299375_LSP_AGL",1.1922,2.1477,3.2385,0.2511,4.5695,1.129,0.9515,1.2227,2.0645,1.8664,0.2721,1.4206,1.2171,29.1075,1.3923,1.1145,0.2267,0.8692,1.4062
"PI_300250_LSP_AGL",1.1551,2.2761,3.2842,0.2483,4.662,1.101,1.0986,1.2497,2.1091,1.8578,0.2444,1.4575,1.2312,30.0001,1.4217,1.0608,0.2192,0.8613,1.4232
"PI_302398_LSP_AGL",1.065,1.9981,2.7952,0.2361,3.9971,1.0089,1.1002,1.1256,1.8697,1.6352,0.2176,1.3054,1.1543,26.9566,1.2796,0.9272,0.2025,0.7849,1.2683
"PI_308614_LSP_AGL",1.1557,2.2263,3.2538,0.253,4.49,1.0962,1.1019,1.2113,2.0505,1.8032,0.2468,1.4145,1.2025,29.2676,1.3856,1.0754,0.2199,0.858,1.3824
"PI_311107_LSP_AGL",1.098,2.1418,3.0955,0.2393,4.4182,1.066,1.0099,1.1866,1.9927,1.779,0.2377,1.3835,1.1849,28.5108,1.3444,1.048,0.2152,0.8034,1.3425
"PI_312175_LSP_AGL",1.1997,2.3102,3.4798,0.286,4.7933,1.1793,0.8796,1.2921,2.1598,1.9627,0.2712,1.5036,1.2144,30.1455,1.4804,1.1836,0.2369,0.9055,1.4837
"PI_320935_LSP_AGL",1.1962,2.1095,3.2679,0.2671,4.4626,1.1195,1.0345,1.2028,2.0353,1.8529,0.2712,1.3975,1.1961,28.9962,1.3786,1.0997,0.2278,0.8752,1.3778
"PI_320936_LSP_AGL",1.121,2.127,3.1517,0.25,4.4273,1.1009,0.7463,1.1772,2.0307,1.8137,0.2594,1.4032,1.1548,28.2885,1.378,1.1515,0.2215,0.8602,1.3746
"PI_320937_LSP_AGL",1.1817,2.208,3.2319,0.2664,4.5477,1.115,0.8062,1.2341,2.0884,1.8677,0.2499,1.4457,1.203,29.1334,1.4247,1.1039,0.2208,0.8666,1.4249
"PI_320941_LSP_AGL",1.131,2.1034,3.2061,0.2781,4.3873,1.122,0.9635,1.2038,2.0368,1.8317,0.2655,1.401,1.1716,28.9735,1.3995,1.148,0.2258,0.8553,1.3933
"PI_320945_LSP_AGL",1.1641,2.2548,3.2243,0.26,4.5319,1.1423,1.0721,1.2291,2.0762,1.8465,0.2531,1.4463,1.2102,29.3351,1.4236,1.1073,0.2235,0.8729,1.4171
"PI_320946_LSP_AGL",1.02,1.9886,2.9487,0.2528,4.1745,1.0315,0.9782,1.1393,1.8943,1.7127,0.2358,1.3209,1.125,27.4578,1.3101,1.0083,0.2083,0.7936,1.2843
"PI_320952_LSP_AGL",1.2237,2.2387,3.4262,0.2763,4.6688,1.1841,0.7595,1.2658,2.1722,1.91,0.273,1.484,1.2151,29.7897,1.4823,1.1951,0.2348,0.9059,1.4683
"PI_320953_LSP_AGL",1.1294,2.0549,3.1314,0.2626,4.3325,1.08,0.6727,1.1784,2.0203,1.8022,0.2573,1.3943,1.1526,27.8191,1.375,1.1116,0.2225,0.8525,1.3712
"PI_320954_LSP_AGL",1.1686,2.2049,3.2071,0.2603,4.5819,1.1315,0.8297,1.2492,2.0986,1.8628,0.2549,1.4502,1.2031,29.3726,1.4342,1.1261,0.2257,0.8667,1.4387
"PI_329157_LSP_AGL",1.2413,2.3462,3.4568,0.2762,4.9439,1.1988,0.911,1.333,2.2354,2.018,0.2765,1.5513,1.2641,30.9923,1.534,1.1609,0.2382,0.9445,1.5356
"PI_329167_LSP_AGL",1.3291,2.4862,3.6106,0.2874,5.093,1.2619,1.0349,1.3857,2.3141,2.0533,0.2746,1.5996,1.303,32.257,1.5826,1.2018,0.2527,0.9632,1.599
"PI_339266_LSP_AGL",1.1627,2.1217,3.1664,0.2657,4.4499,1.1324,0.9218,1.223,2.0512,1.8314,0.2571,1.4219,1.2162,28.654,1.3997,1.0689,0.2261,0.8338,1.3988
"PI_339283_LSP_AGL",1.0925,2.0382,3.0078,0.2443,4.2155,1.0488,1.0765,1.1443,1.9511,1.7168,0.2389,1.3432,1.1711,27.9365,1.3129,0.9747,0.2144,0.7943,1.3176
"PI_339285_AGL",1.1434,2.2523,3.3119,0.2515,4.6047,1.1179,1.1725,1.2221,2.0773,1.8364,0.2641,1.4162,1.2242,30.2624,1.3964,1.0924,0.2283,0.8698,1.4053
"PI_339289_LSP_AGL",1.1397,2.1291,3.1688,0.2792,4.357,1.1008,0.9002,1.1829,1.9876,1.7812,0.2568,1.3798,1.1656,28.1775,1.3646,1.0963,0.2272,0.8513,1.3614
"PI_339292_LSP_AGL",1.2393,2.4015,3.6096,0.2948,4.8949,1.23,1.0607,1.3205,2.2155,1.975,0.2794,1.5295,1.249,31.3108,1.5314,1.1986,0.2476,0.9384,1.5176
"PI_339296_AGL",1.2003,2.0651,3.2249,0.2812,4.312,1.102,0.8813,1.196,2.0014,1.8099,0.2581,1.39,1.1793,28.2024,1.3621,1.0705,0.2243,0.828,1.3777
"PI_343026_LSP_AGL",1.2046,2.2214,3.3832,0.2666,4.6341,1.1509,1.0217,1.2405,2.0996,1.9014,0.2775,1.4361,1.2342,30.1487,1.4216,1.1728,0.2335,0.8752,1.4322
"PI_345627_LSP_AGL",1.2072,2.1944,3.2687,0.265,4.6351,1.1543,0.9476,1.2494,2.1097,1.9166,0.2697,1.4601,1.2249,29.7572,1.4299,1.1176,0.2347,0.893,1.4473
"PI_358602_LSP_AGL",1.1448,2.1606,3.2218,0.2648,4.423,1.1082,0.968,1.1949,2.0212,1.8085,0.2564,1.4015,1.1844,28.9837,1.3716,1.1326,0.2261,0.8359,1.3795
"PI_368647_LSP_AGL",1.1589,2.2016,3.3826,0.2638,4.6386,1.1354,0.9347,1.2458,2.0861,1.8833,0.267,1.4413,1.2013,29.7958,1.4164,1.1809,0.2302,0.862,1.4226
"PI_368651_LSP_AGL",1.124,2.1632,3.2536,0.2606,4.4623,1.0925,0.9163,1.1796,2.0114,1.8246,0.2592,1.393,1.1579,28.7299,1.3626,1.1549,0.2239,0.8387,1.3699
"PI_370481_LSP_AGL",1.2104,2.3187,3.4214,0.2616,4.8787,1.1862,0.8699,1.2807,2.1754,1.9579,0.2771,1.5047,1.2538,30.209,1.461,1.1993,0.2367,0.8995,1.4729
"PI_374116_LSP_AGL",1.1096,2.0124,2.9871,0.2307,4.2686,1.0641,0.9298,1.1723,1.95,1.7608,0.2341,1.3538,1.1449,27.7269,1.3168,1.0172,0.212,0.7939,1.3435
"PI_374117_LSP_AGL",1.0766,2.07,3.0818,0.2515,4.329,1.0672,0.9474,1.17,1.9592,1.7717,0.2528,1.3644,1.147,27.9928,1.3299,1.0681,0.2141,0.8431,1.3322
"PI_374118_AGL",1.1564,2.1073,3.1366,0.2504,4.3942,1.0902,0.9349,1.1664,1.9891,1.8031,0.2538,1.3778,1.1722,28.3417,1.3405,1.1227,0.219,0.8303,1.3442
"PI_374120_LSP_AGL",1.1145,2.0167,3.1669,0.2569,4.432,1.0966,0.7888,1.1885,1.9965,1.8218,0.2607,1.3785,1.1642,27.9435,1.344,1.0981,0.2236,0.8178,1.3549
"PI_374121_AGL",1.1327,2.1977,3.2276,0.2713,4.5458,1.121,0.9032,1.2349,2.0612,1.8442,0.2564,1.4313,1.1895,28.9784,1.41,1.075,0.2329,0.8701,1.4249
"PI_379368_LSP_AGL",1.1417,2.2524,3.306,0.2703,4.6258,1.147,0.9561,1.2479,2.0913,1.8613,0.2646,1.4489,1.211,29.5984,1.4243,1.1382,0.2344,0.8763,1.4354
"PI_383682_LSP_AGL",1.283,2.3737,3.606,0.2905,4.8837,1.2277,1.0762,1.3004,2.2092,1.9704,0.2773,1.5163,1.2522,31.3557,1.4966,1.1869,0.248,0.9134,1.5056
"PI_420818_AGL",1.1204,2.0599,3.0369,0.2471,4.3471,1.0814,0.9862,1.1759,1.9713,1.7678,0.2458,1.364,1.1882,28.2625,1.3298,1.0183,0.2184,0.8093,1.3305
"PI_420924_LSP_AGL",1.1565,2.2743,3.2974,0.2588,4.7177,1.1333,0.9295,1.2607,2.1117,1.9076,0.252,1.4704,1.2067,29.7154,1.444,1.1604,0.2215,0.8642,1.4321
"PI_420925_LSP_AGL",1.1539,2.3326,3.1996,0.2417,4.5559,1.1028,1.1459,1.2044,2.0708,1.8113,0.2328,1.438,1.2158,29.813,1.4062,1.0568,0.2211,0.8312,1.3954
"PI_420929_LSP_AGL",1.1873,2.3259,3.3214,0.248,4.791,1.1472,1.0689,1.2731,2.1484,1.9295,0.2517,1.4837,1.2402,30.8254,1.47,1.1351,0.2264,0.8726,1.457
"PI_426202_LSP_AGL",1.1902,2.2359,3.3769,0.2656,4.5709,1.1171,1.102,1.2118,2.0807,1.8875,0.2601,1.4205,1.2036,30.3914,1.4068,1.1455,0.233,0.8492,1.4117
"PI_426778_LSP_AGL",1.1206,2.0209,3.0897,0.2494,4.3486,1.0903,0.9348,1.193,1.9953,1.8154,0.2518,1.3808,1.1653,28.5643,1.3614,1.1145,0.2168,0.8156,1.3589
"PI_426797_LSP_AGL",1.0544,1.9644,2.8486,0.2414,4.0159,1.0035,0.9983,1.1035,1.8551,1.6624,0.2303,1.2978,1.1255,26.8763,1.2547,1.0079,0.2003,0.7658,1.2587
"PI_426807_LSP_AGL",1.0306,1.6984,2.7139,0.2526,3.7544,0.9692,0.7961,1.0532,1.7561,1.6101,0.2322,1.2294,1.0583,24.9448,1.1888,0.9762,0.2001,0.7398,1.1984
"PI_431618_LSP_AGL",1.1874,2.2271,3.362,0.2712,4.6275,1.1649,0.9407,1.2515,2.1068,1.8754,0.2728,1.4542,1.2289,29.4616,1.4341,1.1672,0.2301,0.8798,1.4263
"PI_431622_LSP_AGL",1.1293,2.2268,3.3004,0.2806,4.4793,1.1137,1.0555,1.1867,2.0332,1.8114,0.2647,1.3969,1.186,29.2413,1.3811,1.1286,0.2286,0.8652,1.3813
"PI_431630_LSP_AGL",1.1127,2.0546,3.23,0.2727,4.3483,1.0683,0.8207,1.1809,1.977,1.8046,0.2671,1.3629,1.1558,28.1407,1.3472,1.1311,0.2163,0.8159,1.3425
"PI_431633_LSP_AGL",1.2377,2.4146,3.4453,0.2739,4.8655,1.2063,1.0345,1.306,2.196,1.9502,0.2644,1.5228,1.2695,31.043,1.4969,1.1573,0.2436,0.9152,1.5077
"PI_431636_LSP_AGL",1.2503,2.394,3.4564,0.2569,4.9363,1.1925,0.9713,1.3226,2.216,1.975,0.2672,1.5336,1.2838,31.2472,1.4983,1.168,0.2378,0.9097,1.5192
"PI_431643_LSP_AGL",1.234,2.2935,3.4901,0.2882,4.8017,1.2023,0.8809,1.2931,2.1659,1.9544,0.2842,1.5026,1.2205,30.199,1.4883,1.2423,0.2398,0.9314,1.4842
"PI_431662_LSP_AGL",1.2024,2.3008,3.4073,0.2915,4.7148,1.1766,0.9545,1.2598,2.1474,1.9247,0.2733,1.4799,1.225,30.2567,1.4669,1.2095,0.2399,0.9029,1.4683
"PI_431663_LSP_AGL",1.1365,2.188,3.2019,0.2791,4.4566,1.0987,0.9642,1.1844,2.0309,1.8332,0.257,1.3999,1.1808,28.8531,1.3823,1.1458,0.2256,0.8546,1.3762
"PI_431679_LSP_AGL",1.2078,2.3953,3.4921,0.2798,4.7658,1.145,1.1369,1.2641,2.1477,1.9267,0.2619,1.4778,1.228,31.1717,1.4599,1.1609,0.2391,0.898,1.4673
"PI_431684_LSP_AGL",1.1008,1.9797,3.0985,0.2761,4.1784,1.0552,0.8408,1.154,1.9181,1.7638,0.2589,1.3311,1.1117,27.3596,1.3295,1.117,0.216,0.8324,1.3145
"PI_431705_LSP_AGL",1.161,2.2434,3.3029,0.2696,4.5507,1.1265,1.0636,1.212,2.0553,1.8665,0.2663,1.4175,1.194,29.8307,1.3992,1.1719,0.2295,0.872,1.3998
"PI_431710_LSP_AGL",1.1435,2.1191,3.2685,0.2802,4.3954,1.0977,0.9337,1.1967,2.0076,1.8359,0.269,1.3887,1.1555,28.6077,1.3798,1.1391,0.2241,0.8618,1.3707
"PI_431714_LSP_AGL",1.2076,2.2686,3.4915,0.2966,4.7273,1.1748,0.9226,1.2692,2.1359,1.9532,0.2851,1.4709,1.2036,30.2067,1.4751,1.2325,0.2379,0.9177,1.456
"PI_431717_LSP_AGL",1.0682,1.8442,2.9285,0.2695,3.966,1.0272,0.7841,1.099,1.8394,1.7073,0.2611,1.2764,1.0958,25.9921,1.2671,1.0547,0.2085,0.7973,1.2574
"PI_431728_LSP_AGL",1.1986,2.2439,3.3852,0.2819,4.6454,1.1595,0.9613,1.263,2.1183,1.9295,0.2713,1.4659,1.2044,30.1275,1.4616,1.1725,0.2367,0.8868,1.4584
"PI_431731_LSP_AGL",1.1265,2.0058,3.1669,0.2891,4.3122,1.1211,0.7899,1.1958,2,1.8042,0.272,1.3822,1.1559,27.581,1.3874,1.1178,0.2215,0.843,1.3622
"PI_431739_LSP_AGL",1.1967,2.3258,3.4642,0.2792,4.7374,1.1722,1.0408,1.2691,2.143,1.9301,0.2751,1.4753,1.2302,30.9785,1.4736,1.234,0.2391,0.9001,1.4605
"PI_431753_LSP_AGL",1.1019,2.0292,3.1253,0.277,4.2899,1.0781,0.8588,1.1692,1.9607,1.8109,0.26,1.3601,1.1394,27.8442,1.3585,1.1194,0.2187,0.8373,1.3373
"PI_431756_LSP_AGL",1.1423,2.1836,3.2956,0.279,4.4721,1.107,0.9583,1.2125,2.0325,1.8588,0.2633,1.4124,1.1685,28.8736,1.4037,1.1432,0.2229,0.8658,1.3864
"PI_431809_LSP_AGL",1.0632,1.8133,2.9193,0.2486,4.0282,1.0017,0.7262,1.1074,1.849,1.7279,0.2538,1.2828,1.0994,26.4871,1.2471,1.1112,0.2067,0.7736,1.2537
"PI_431824_LSP_AGL",1.1443,1.9724,3.1464,0.2595,4.3551,1.1038,0.7557,1.1823,1.9829,1.8176,0.2629,1.3735,1.1545,27.6415,1.3379,1.1783,0.2211,0.8277,1.3355
"PI_431863_LSP_AGL",1.1584,2.2204,3.3315,0.2713,4.6207,1.13,0.96,1.2377,2.078,1.8813,0.2614,1.4376,1.1883,29.7103,1.4135,1.1708,0.2314,0.8681,1.4155
"PI_431873_LSP_AGL",1.111,1.998,3.0791,0.2602,4.2962,1.0682,0.8798,1.1688,1.9549,1.7928,0.2527,1.3619,1.1456,27.6156,1.3251,1.1209,0.2152,0.8155,1.3231
"PI_431884_LSP_AGL",1.2011,2.2564,3.391,0.281,4.7097,1.1523,0.8267,1.2714,2.1268,1.9264,0.2733,1.4835,1.193,29.4049,1.4575,1.1875,0.2319,0.9117,1.4581
"PI_431888_LSP_AGL",1.165,2.0958,3.2277,0.2751,4.4168,1.0898,0.8133,1.1935,2.0119,1.827,0.2664,1.3903,1.1538,28.155,1.3749,1.1428,0.2239,0.8479,1.3738
"PI_431893_LSP_AGL",1.236,2.5223,3.5484,0.292,4.9029,1.2006,1.1724,1.3019,2.2168,1.9932,0.2571,1.5351,1.2437,32.3935,1.5332,1.2582,0.2474,0.9519,1.5177
"PI_431923_LSP_AGL",1.1347,2.1602,3.2608,0.269,4.4363,1.0838,0.9913,1.2021,2.0141,1.8385,0.2617,1.3903,1.1742,29.2741,1.3871,1.1373,0.2204,0.8447,1.376
"PI_431980_LSP_AGL",1.3431,2.521,3.7251,0.2963,5.1597,1.2684,1.0176,1.3895,2.3256,2.0755,0.2863,1.608,1.2944,32.3483,1.5993,1.2401,0.2559,0.9812,1.5939
"PI_432000_LSP_AGL",1.1223,1.9709,3.2175,0.2668,4.2985,1.063,0.8047,1.1649,1.9582,1.7962,0.2679,1.3408,1.1275,27.8329,1.328,1.1412,0.2215,0.8138,1.3263
"PI_432001_LSP_AGL",1.2325,2.3224,3.5377,0.2841,4.8358,1.1714,0.9207,1.3064,2.1758,1.9719,0.2731,1.5057,1.2363,30.6377,1.5015,1.2151,0.2372,0.9132,1.4781
"PI_432002_LSP_AGL",1.167,2.2025,3.3235,0.2811,4.4888,1.1032,0.9399,1.2008,2.0292,1.8584,0.2632,1.4042,1.1661,29.1026,1.3849,1.1632,0.2304,0.8595,1.3932
"PI_432005_LSP_AGL",1.2008,2.19,3.3342,0.2698,4.5947,1.1228,0.8857,1.2227,2.0605,1.8511,0.2619,1.4184,1.1833,29.0465,1.3799,1.1674,0.2321,0.8651,1.4038
"PI_432028_LSP_AGL",1.1578,2.1826,3.2041,0.2681,4.4313,1.0973,0.9979,1.172,2.0133,1.8263,0.2568,1.3859,1.1711,28.8467,1.3651,1.1358,0.2256,0.8456,1.368
"PI_432033_LSP_AGL",1.1144,2.0014,3.0255,0.2696,4.1298,1.0431,0.8409,1.1198,1.9061,1.7467,0.2555,1.3198,1.1228,26.7985,1.3071,1.0973,0.2142,0.815,1.2973
"PI_432085_LSP_AGL",1.2284,2.3387,3.5127,0.2862,4.8836,1.202,0.9512,1.3235,2.2019,1.9757,0.2741,1.5322,1.2424,30.762,1.5148,1.1897,0.2393,0.9246,1.5098
"PI_432106_LSP_AGL",1.2537,2.3762,3.468,0.2725,4.8971,1.2111,1.0378,1.3116,2.2017,1.9522,0.2708,1.5167,1.2724,31.1941,1.5019,1.183,0.2442,0.923,1.502
"PI_432124_LSP_AGL",1.1588,2.1785,3.3053,0.286,4.5263,1.1191,0.9177,1.2269,2.0583,1.8892,0.2696,1.4277,1.177,29.1798,1.4266,1.1717,0.2301,0.8826,1.4077
"PI_432145_LSP_AGL",1.168,2.329,3.4589,0.2946,4.6902,1.1533,0.9609,1.2657,2.1151,1.9032,0.2769,1.4681,1.1975,30.2169,1.4669,1.2013,0.2326,0.9166,1.4419
"PI_432147_LSP_AGL",1.1666,2.1625,3.33,0.2768,4.5468,1.1292,0.9705,1.2226,2.0656,1.8812,0.2707,1.4196,1.1802,29.4478,1.4057,1.1588,0.2294,0.8659,1.4059
"PI_432184_LSP_AGL",1.2155,2.3174,3.4762,0.2705,4.7924,1.1681,0.9895,1.2738,2.1506,1.9377,0.2708,1.4877,1.2261,30.4103,1.4587,1.2046,0.2358,0.905,1.4617
"PI_432188_LSP_AGL",1.1292,2.0557,3.1071,0.2564,4.34,1.08,0.9216,1.1869,1.9795,1.8019,0.2502,1.3793,1.1577,27.9741,1.3564,1.0899,0.2192,0.8402,1.3525
"PI_432190_LSP_AGL",1.1213,2.024,3.0744,0.2557,4.4185,1.0799,0.7862,1.2013,1.999,1.8426,0.2531,1.3996,1.1579,27.8482,1.3625,1.1141,0.2161,0.8425,1.3671
"PI_432201_LSP_AGL",1.1279,2.0923,3.1829,0.2704,4.373,1.1113,0.9271,1.1901,1.992,1.7938,0.2615,1.3865,1.1672,28.3886,1.36,1.1632,0.2238,0.8472,1.3537
"PI_432212_LSP_AGL",1.1245,2.1331,3.2451,0.2799,4.4258,1.1005,0.8393,1.1787,2.0265,1.8234,0.2663,1.3959,1.1616,28.4668,1.3724,1.1696,0.2275,0.8379,1.3746
"PI_432236_LSP_AGL",1.1219,2.0683,3.1073,0.2673,4.2744,1.067,0.9572,1.1474,1.9725,1.7821,0.2559,1.3613,1.1598,28.3512,1.3288,1.108,0.2211,0.8156,1.3379
"PI_432245_LSP_AGL",1.2522,2.3121,3.3611,0.2731,4.7052,1.1493,0.9771,1.2831,2.147,1.9136,0.2668,1.4923,1.2472,29.9038,1.4741,1.1131,0.2325,0.9149,1.467
"PI_432271_LSP_AGL",1.1354,2.1789,3.1943,0.2727,4.4732,1.1083,0.9134,1.2107,2.0463,1.8358,0.2488,1.4256,1.18,28.7891,1.3959,1.1428,0.2237,0.8454,1.3945
"PI_432286_LSP_AGL",1.1658,2.2067,3.2274,0.2521,4.5637,1.1124,1.0083,1.2362,2.0846,1.8328,0.2478,1.4408,1.2132,29.2817,1.4035,1.0771,0.2216,0.8476,1.4141
"PI_451763_LSP_AGL",1.2424,2.3035,3.4008,0.2747,4.7974,1.1973,0.9,1.2938,2.1711,1.9476,0.2738,1.5067,1.2487,30.1635,1.473,1.182,0.2373,0.917,1.487
"PI_458503_LSP_AGL",1.0892,1.98,3.032,0.2381,4.2706,1.0583,0.9125,1.1564,1.9407,1.7581,0.2457,1.3468,1.1577,27.6141,1.3023,1.0723,0.2086,0.7873,1.3092
"PI_468900_LSP_AGL",1.141,2.2039,3.3026,0.2714,4.5735,1.1238,0.8839,1.2399,2.062,1.8612,0.2643,1.4397,1.1816,29.0033,1.4138,1.1281,0.2244,0.869,1.4149
"PI_468901_AGL",1.186,2.277,3.3752,0.2727,4.7392,1.1621,0.8758,1.2892,2.145,1.9438,0.2676,1.4947,1.2097,29.9576,1.4644,1.2091,0.228,0.9057,1.4743
"PI_468902_LSP_AGL",1.1973,2.3545,3.4488,0.265,4.7903,1.1598,1.0431,1.2626,2.1505,1.9057,0.2585,1.4835,1.2452,30.7542,1.4379,1.1654,0.2343,0.8729,1.457
"PI_472136_LSP_AGL",1.1136,2.1465,3.1197,0.2452,4.3269,1.0775,1.073,1.1676,1.9826,1.7554,0.2419,1.3787,1.1657,28.4269,1.3373,1.0839,0.2152,0.8141,1.3397
"PI_472205_LSP_AGL",1.0883,2.1587,3.0932,0.2613,4.2945,1.0568,1.1,1.1638,1.9657,1.7298,0.2396,1.3676,1.1669,28.458,1.3305,1.0512,0.2139,0.8295,1.3269
"PI_472213_LSP_AGL",1.1388,2.0378,3.1738,0.2622,4.3417,1.1064,0.9755,1.1996,2.0029,1.7938,0.2565,1.3853,1.1862,28.4853,1.3644,1.1065,0.2161,0.8476,1.3552
"PI_472327_LSP_AGL",1.1047,2.189,3.191,0.2531,4.4353,1.0891,1.0897,1.195,2.027,1.7911,0.2512,1.4041,1.1826,29.1122,1.3762,1.0829,0.2145,0.8388,1.3689
"PI_472380_LSP_AGL",1.0657,1.9334,2.9542,0.237,4.0763,1.0209,0.984,1.1047,1.8775,1.6944,0.2394,1.3,1.1272,27.05,1.2613,1.0527,0.2035,0.7661,1.2619
"PI_472416_LSP_AGL",1.1067,2.0691,3.1039,0.2546,4.3311,1.0727,0.9898,1.1798,1.9804,1.7836,0.2414,1.3829,1.15,28.3418,1.3517,1.1033,0.2135,0.8101,1.3433
"PI_472488_LSP_AGL",1.0898,2.0826,3.0888,0.251,4.2727,1.0471,0.8883,1.1539,1.9755,1.7304,0.2422,1.3597,1.168,27.9813,1.3353,1.0403,0.209,0.8082,1.3213
"PI_472559_LSP_AGL",1.1265,2.2155,3.1953,0.2562,4.4317,1.0835,1.0935,1.1968,2.0186,1.7909,0.2387,1.4049,1.1868,29.2614,1.3724,1.1023,0.217,0.8337,1.3696
"PI_472561_LSP_AGL",1.0945,2.0879,3.0477,0.246,4.2438,1.0427,1.0449,1.1635,1.9445,1.7178,0.2305,1.3588,1.1598,28.1793,1.3153,1.0312,0.212,0.7883,1.3241
"PI_472569_LSP_AGL",1.0706,2.0559,2.9926,0.2436,4.1808,1.0325,1.0683,1.1372,1.9158,1.7156,0.2352,1.3361,1.142,28.0769,1.3069,1.0612,0.2099,0.7975,1.3032
"PI_472588_LSP_AGL",1.1578,2.2296,3.2871,0.2665,4.6276,1.1528,0.9556,1.2493,2.0996,1.9014,0.2629,1.4529,1.2149,29.9903,1.4423,1.1569,0.2294,0.8825,1.4353
"PI_472590_LSP_AGL",1.1598,2.1089,3.1734,0.2719,4.3488,1.1083,0.9719,1.1666,1.9918,1.8011,0.2633,1.3691,1.1771,28.3237,1.3453,1.1019,0.2274,0.8597,1.3551
"PI_472615_LSP_AGL",1.132,2.2963,3.2151,0.2535,4.5539,1.0953,1.0647,1.2377,2.0616,1.825,0.2381,1.445,1.2183,29.8214,1.4109,1.0787,0.22,0.8575,1.3989
"PI_472629_LSP_AGL",1.1305,2.0242,3.1946,0.2688,4.3227,1.08,0.8263,1.1781,1.9659,1.7878,0.2639,1.3626,1.1434,28.078,1.3373,1.1246,0.2225,0.85,1.3397
"PI_477921_LSP_AGL",1.0777,1.9056,2.9533,0.2484,4.1426,1.063,0.7595,1.1259,1.8854,1.7231,0.2532,1.3096,1.1352,26.8704,1.2606,1.1162,0.2168,0.8088,1.2799
"PI_490288_LSP_AGL",1.1784,2.2287,3.1841,0.2422,4.5407,1.1034,0.9515,1.2329,2.0548,1.8501,0.2405,1.4318,1.1915,29.1258,1.3953,1.07,0.2174,0.841,1.419
"PI_490289_LSP_AGL",1.1185,2.1118,3.0529,0.2494,4.3981,1.0591,0.7562,1.2028,1.9937,1.7924,0.2407,1.3943,1.1582,27.9477,1.361,1.0497,0.2134,0.819,1.3782
"PI_508090_AGL",1.1186,1.8575,2.9089,0.2627,4.1288,1.0661,0.6819,1.144,1.9044,1.7669,0.2576,1.3307,1.1358,26.4722,1.2947,1.0693,0.216,0.8153,1.3089
"PI_518731_LSP_AGL",1.2112,2.5322,3.4498,0.2498,4.8875,1.1881,1.3398,1.2969,2.1919,1.9254,0.2414,1.5224,1.2715,32.28,1.5031,1.1721,0.234,0.8907,1.4828
"PI_518733_LSP_AGL",1.1649,2.1844,3.2964,0.2687,4.6255,1.1486,0.9188,1.2548,2.1029,1.9102,0.2627,1.4603,1.1972,29.4345,1.4457,1.1529,0.2263,0.8842,1.4368
"PI_518734_LSP_AGL",1.149,2.0981,3.1315,0.2547,4.4841,1.0907,0.9432,1.2244,2.0365,1.857,0.2392,1.4202,1.1663,29.0108,1.3769,1.0967,0.2237,0.856,1.4035
"PI_533688_LSP_AGL",1.1841,2.1875,3.2281,0.2656,4.5753,1.1424,0.8851,1.239,2.0716,1.8644,0.2574,1.4401,1.2157,28.9522,1.4185,1.1133,0.2272,0.8707,1.4099
"PI_533693_LSP_AGL",1.125,2.1631,3.1663,0.2486,4.4823,1.1184,0.8891,1.2074,2.0364,1.8087,0.2438,1.4087,1.1779,28.8331,1.3816,1.1137,0.2199,0.8332,1.3854
"PI_612875_AGL",1.1889,2.3109,3.3275,0.2596,4.6056,1.1322,1.1715,1.2313,2.0891,1.8449,0.2461,1.4511,1.2209,30.1655,1.4132,1.1182,0.2304,0.8551,1.4184
"PI_643451_AGL",1.159,2.2704,3.2777,0.2436,4.5775,1.1089,1.1259,1.2218,2.0734,1.8143,0.2412,1.4282,1.2232,29.9261,1.385,1.0792,0.2238,0.8343,1.3989
"PI_643452_AGL",1.1657,2.4248,3.4015,0.2478,4.7726,1.1448,1.2309,1.2576,2.1453,1.8533,0.2429,1.4717,1.2605,31.518,1.4304,1.0999,0.2315,0.8687,1.444
"W6_27754_LSP_AGL",1.0327,1.8452,2.8728,0.2654,3.9725,1.0213,0.7908,1.104,1.8292,1.6744,0.2412,1.2824,1.0905,26.0251,1.2699,1.0144,0.2062,0.7912,1.2545
"W6_27760_LSP_AGL",1.0954,1.9613,2.9167,0.2599,4.0986,1.0449,0.7697,1.1245,1.8998,1.7131,0.2394,1.3264,1.1304,26.6603,1.28,1.108,0.212,0.8072,1.2973
"W6_27763_LSP_AGL",1.1215,2.2007,3.2291,0.2788,4.5355,1.1229,0.8645,1.2555,2.0679,1.8591,0.2468,1.455,1.1769,28.8463,1.4457,1.1463,0.2203,0.8637,1.4232
"W6_27766_LSP_AGL",1.113,2.2389,3.1571,0.2638,4.4689,1.1057,0.9592,1.2023,2.039,1.8212,0.2424,1.426,1.178,28.9558,1.3932,1.145,0.2218,0.8663,1.3929
"W6_27767_LSP_AGL",1.0728,1.8693,2.7294,0.2354,3.8595,0.9781,1.0192,1.09,1.8161,1.6224,0.2191,1.2653,1.1261,26.2402,1.2374,0.9505,0.1986,0.7685,1.241
