SNP,Chr,Pos
Lcu.2RBY.Chr3p339102503,3,339102503
Lcu.2RBY.Chr5p327505937,5,327505937
Lcu.2RBY.Chr5p467479275,5,467479275
Lcu.2RBY.Chr1p437385632,1,437385632
Lcu.2RBY.Chr4p432694216,4,432694216
Lcu.2RBY.Chr6p411536500,6,411536500
Lcu.2RBY.Chr1p25594772,1,25594772
Lcu.2RBY.Chr1p308204001,1,308204001
Lcu.2RBY.Chr1p354524102,1,354524102
Lcu.2RBY.Chr1p355072200,1,355072200
Lcu.2RBY.Chr1p362998231,1,362998231
Lcu.2RBY.Chr1p439440339,1,439440339
Lcu.2RBY.Chr1p454933984,1,454933984
Lcu.2RBY.Chr2p190774569,2,190774569
Lcu.2RBY.Chr2p384138895,2,384138895
Lcu.2RBY.Chr2p391487900,2,391487900
Lcu.2RBY.Chr2p406280763,2,406280763
Lcu.2RBY.Chr2p530586266,2,530586266
Lcu.2RBY.Chr2p612679365,2,612679365
Lcu.2RBY.Chr3p57504893,3,57504893
Lcu.2RBY.Chr3p286669768,3,286669768
Lcu.2RBY.Chr3p303990879,3,303990879
Lcu.2RBY.Chr4p511454,4,511454
Lcu.2RBY.Chr4p33624052,4,33624052
Lcu.2RBY.Chr4p285746674,4,285746674
Lcu.2RBY.Chr4p302049133,4,302049133
Lcu.2RBY.Chr4p359765257,4,359765257
Lcu.2RBY.Chr4p374607334,4,374607334
Lcu.2RBY.Chr4p375104232,4,375104232
Lcu.2RBY.Chr4p376830149,4,376830149
Lcu.2RBY.Chr5p15673758,5,15673758
Lcu.2RBY.Chr5p26433976,5,26433976
Lcu.2RBY.Chr5p37555452,5,37555452
Lcu.2RBY.Chr5p155854268,5,155854268
Lcu.2RBY.Chr5p222936663,5,222936663
Lcu.2RBY.Chr5p227791301,5,227791301
Lcu.2RBY.Chr5p403882275,5,403882275
Lcu.2RBY.Chr5p467611866,5,467611866
Lcu.2RBY.Chr6p11643371,6,11643371
Lcu.2RBY.Chr6p34615707,6,34615707
Lcu.2RBY.Chr6p35800264,6,35800264
Lcu.2RBY.Chr6p306059819,6,306059819
Lcu.2RBY.Chr6p403617631,6,403617631
Lcu.2RBY.Chr7p1891887,7,1891887
Lcu.2RBY.Chr7p15298272,7,15298272
Lcu.2RBY.Chr7p517997012,7,517997012
Lcu.2RBY.Chr7p518925127,7,518925127
Lcu.2RBY.Chr7p519018279,7,519018279
