"Name","Essential.AA_Ro16","Essential.AA_Ro17","Essential.AA_Su16","Essential.AA_Su17","Perc.Essential.AA_Ro16","Perc.Essential.AA_Ro17","Perc.Essential.AA_Su16","Perc.Essential.AA_Su17"
"X3156.11_AGL",10.4845,9.8526,10.3983,9.7634,35.9754319144921,36.1368362754771,35.3369967477851,35.8409597333421
"CDC_Asterix_AGL",10.6078,9.9791,10.1934,10.0807,35.477947939277,36.4049264174759,35.6347796904059,36.3728535913895
"CDC_Cherie_AGL",10.3714,10.1226,10.2695,9.9482,35.3213227531247,36.1688063429223,34.9049838042507,35.8572515039342
"CDC_Glamis_AGL",10.4145,10.2654,10.959,9.5864,36.0781528761713,37.0439602474072,35.3169794781891,36.6442793961935
"CDC_Gold_AGL",10.6081,NA,10.1454,NA,34.9796382701598,NA,35.2358923064099,NA
"CDC_Greenstar_AGL",10.6509,9.9024,9.9181,9.894,36.1400282309509,37.120590186795,35.481597550156,36.407793784843
"CDC_Imax_AGL",10.9479,10.3573,11.1068,10.7223,36.0015784541015,36.3187202378865,35.7262790862245,35.9945214124819
"CDC_Impower_AGL",10.6238,10.6357,10.5265,10.6144,35.4800788164179,36.5040139759814,35.3049882780664,36.6060497373803
"CDC_KR.1_AGL",10.5794,9.3989,10.1238,9.7786,35.5747599912571,36.2638465010938,35.3970357368876,36.0565187572363
"CDC_LeMay_AGL",10.5663,10.2977,10.542,10.1625,35.4569066187031,36.2958028450986,35.1547650013005,36.0028908594284
"CDC_Maxim_AGL",10.4922,9.9473,9.5574,9.8238,34.8791287697463,36.055573276112,35.8606457422659,35.8582577145736
"CDC_QG.1_AGL",11.1376,10.75,11.0072,10.7299,35.8994855661995,36.5559220593736,35.5784832793541,36.69721946715
"CDC_Red_Rider_AGL",11.0849,10.925,10.9149,10.2654,35.8215273648561,36.647423275223,35.4594008069808,36.3419443687227
"CDC_Redcoat_AGL",10.6959,10.4738,10.8134,9.7107,36.5309607568564,36.2595895532722,35.2343930739429,36.1191287399759
"CDC_Redwing_AGL",10.9513,10.7524,10.9837,10.9642,35.7914862325353,36.6550760209995,35.4688186209925,36.7688040966756
"CDC_Robin_AGL",11.093,10.2404,10.3421,10.4175,35.917809638523,36.3606666808695,35.7201819494286,36.2220576423587
"CDC_Rosebud_AGL",11.0025,10.8503,10.9737,10.8987,35.9196105893069,36.9261293637991,35.5546699584957,36.7562299123479
"CDC_Rosetown_AGL",10.4911,10.4431,10.3433,10.1132,35.8111798358798,36.1791096483631,35.6142356400598,36.3531792676307
"CDC_Rosie_AGL",10.5588,10.7497,11.1546,10.3404,36.0640619716578,36.3863765604268,35.6340565820747,36.1398284647808
"CDC_Rouleau_AGL",10.606,10.1733,9.6597,9.7398,35.777294270438,36.2245406637231,35.1145620903628,36.0015968181919
"CDC_Royale_AGL",10.7103,10.164,10.2732,10.1017,36.0064547578625,36.7350479247083,35.3487667914556,35.9604999448224
"CDC_Ruby_AGL",11.3321,10.9162,10.7431,9.9066,35.8115517464772,36.6641476480763,35.3170715671127,36.3709123751271
"CDC_SB.1_AGL",9.436,9.5254,10.3031,9.2189,35.6705426942676,36.390239802565,35.0489687477676,36.05555251363
"CDC_Sedley_AGL",10.744,10.0934,10.1893,10.2962,36.4161418683948,36.6753994237107,35.1874490627547,36.2962727948927
"CDC_Vantage_AGL",10.5023,10.1446,10.3761,10.138,36.2726136120302,36.8277178983595,35.5640633675855,36.5646933225613
"CN_105604_AGL",10.0693,9.741,10.1506,9.4372,35.3805340829234,35.8478206468138,35.0957382807908,36.1233918598732
"CN_105605_AGL",10.5277,9.6938,10.4757,10.0303,35.5395392016204,36.1421705883011,35.5852749649266,36.1458765022793
"CN_105715_AGL",11.0068,10.3505,11.5538,10.789,35.8009914000598,36.4816472694718,35.3422327721222,36.2770085337888
"CN_105732_AGL",11.1766,11.0007,10.9577,11.4038,35.1658931802092,36.0986414648553,35.0805806158318,35.8012249985088
"CN_105767_AGL",9.8567,10.586,10.4366,10.4913,35.6577733562449,36.3376733042019,35.3362609234436,35.9958004384836
"CN_105777_AGL",10.8246,10.065,10.8986,11.0109,34.7704583124542,36.6793607988193,34.8951729614119,35.5974615038941
"CN_105789_AGL",10.7454,10.4555,11.3108,10.4286,35.1334826464386,35.9777708957022,35.1578260261411,35.7995914934519
"CN_105791_AGL",11.0236,10.7956,10.9065,10.5995,34.9113250570053,35.7814980660173,34.8116820938398,35.9403768492366
"CN_105862_AGL",11.1556,11.2423,10.5095,10.7233,35.4633512097582,36.5735273545898,35.0118266315754,36.0841255152688
"CN_105863_AGL",11.138,11.0639,10.8156,10.6343,35.327664244458,36.5458809539539,34.4878605638923,35.9169818967847
"CN_105864_AGL",11.6567,10.5635,10.443,10.4703,35.3671671859972,36.2071211165647,35.3967602965152,36.1221701660813
"CN_105865_AGL",10.8956,10.9637,11.597,10.4998,35.3169599590288,36.8639252210753,34.419203760974,36.1329442372018
"CN_105866_AGL",11.2863,10.583,9.9742,10.7491,35.3723779346917,37.1170539237177,35.234811606695,35.6330450406251
"CN_105895_AGL",10.9206,11.0333,11.1382,10.9234,35.2705216649872,35.3750460892288,35.1087001062257,35.5811074918567
"CN_106265_AGL",10.5361,10.1917,10.5556,9.9853,35.6167115702507,35.9242157208319,35.0985229864801,35.5691788165811
"CN_108369_AGL",10.5925,10.4079,11.1441,9.9052,35.5518635989864,36.006268638128,34.9037368336982,36.0536517007298
"CN_108370_AGL",11.6173,10.7379,11.4385,10.1991,36.235780700742,36.8006004400485,35.6251888164595,36.5132497511868
"Crimson_AGL",10.8516,10.1717,10.6052,10.0221,35.5355581534713,36.3807718444866,35.1757260557494,36.0586315702366
"DPL_62_AGL",10.7655,10.5952,10.7642,9.9469,35.509779991424,36.3307181653591,35.0063253472437,35.828674754344
"Eston_AGL",10.5255,10.0892,10.5443,10.4997,35.3913713042572,36.0116360002142,34.7431406984675,35.942736450057
"Gudo_AGL",11.3994,10.9136,11.0318,10.7012,35.534289276808,36.1348766985405,35.2181380530069,36.1293894817871
"IG_1046_AGL",11.442,11.0311,10.871,10.4175,35.4526863729318,36.3720592841717,34.926570988874,36.2704853821327
"IG_1706_AGL",12.3539,11.2149,11.7965,11.1107,35.1589336687793,36.1516739841015,35.2987821299261,36.109693753189
"IG_1959_AGL",9.9057,10.2032,9.6396,10.383,35.5900232818832,36.2317965690017,34.995443868827,36.1647213717725
"IG_4258_AGL",9.7594,10.1881,9.5409,10.274,35.4362815759948,36.0695610305285,34.9678209112766,35.4794596237257
"IG_4781_AGL",11.7284,10.9525,10.6174,11.112,35.110765177823,36.4157160288998,35.398767074419,36.1094592355011
"IG_858_AGL",10.9289,10.8608,10.3245,10.699,35.4590346904079,36.0723253311368,35.1970790975475,35.5656463580034
"ILL_10657_AGL",10.5982,10.2924,11.3023,10.8361,35.4329234452,35.9850219740647,35.4409620419874,35.6954386288545
"ILL_10748_AGL",10.2066,10.2592,9.7991,10.3829,35.2435411357656,36.4298776698684,35.1541003131872,35.9465176583819
"ILL_11547_AGL",11.8072,10.7113,11.6264,11.1868,35.6497584541063,35.9827196409555,35.2846559818879,35.8271095681582
"ILL_11548_AGL",11.0214,10.6595,10.8455,11.1536,35.6112597417704,36.2561861192837,35.4266022081401,36.3540359511742
"ILL_11553_AGL",10.3354,10.2945,10.1496,10.7322,34.7556772134659,36.0598142102535,34.8114789802407,35.7392138318703
"ILL_11555_AGL",10.95,10.3677,10.7905,11.306,35.1347795813988,36.0621923859545,35.0830705205319,35.5492111005603
"ILL_11557_AGL",10.6385,10.4703,10.7269,10.8305,35.435798533737,36.3091914760807,34.8026253889255,36.0359610975987
"ILL_11558_AGL",10.3841,10.7284,10.3734,10.5574,34.4658083488501,35.8800964525914,34.4364661242294,35.5380664011876
"ILL_1220_AGL",11.3288,10.8382,10.2913,10.3632,36.016697240123,36.2533742310767,35.0221711003195,35.8102504561287
"ILL_1553_AGL",10.9348,10.8079,11.0624,10.9029,35.714682318051,36.5889494121271,35.5752223772985,36.159070859561
"ILL_1762_AGL",9.1862,9.4252,9.5806,9.5703,35.8253775115437,35.8776417565016,35.0840059177665,35.5767943971093
"ILL_1983_AGL",10.0798,10.011,10.1083,10.1334,35.1653642199274,35.8367639162341,34.6041929123076,35.3580326175705
"ILL_213_AGL",10.0904,9.8302,10.2609,10.583,35.3053141313627,35.752422240973,34.616669196903,35.3488962446599
"ILL_2194_AGL",9.7855,9.9082,9.2781,10.1199,34.6859636250208,35.7313638445421,34.5324142654032,35.4559214076
"ILL_2507_AGL",10.0228,10.0412,10.3522,10.3008,35.3635215332614,36.0921605981093,35.0020286718961,35.6831581645732
"ILL_2580_AGL",10.2142,10.6919,10.2205,11.2264,35.1693529227453,35.8204404896712,34.649991185365,35.2313524641611
"ILL_28_AGL",9.7179,9.7385,10.1029,9.8293,35.5160441488195,36.4429359418619,34.5458524392287,35.678169430742
"ILL_3025_AGL",9.6638,9.8671,9.6612,10.2665,35.7951662190944,35.8658868602128,35.6319083569682,35.4775727417237
"ILL_313_AGL",10.5904,10.6707,10.8149,10.7905,35.5609281085256,36.3003306617317,34.9468602468115,35.4335233541743
"ILL_3347_AGL",9.9182,9.7702,9.6552,10.1933,35.5147348444158,35.9518395042648,34.8816289076189,35.3073411337642
"ILL_358_AGL",10.8895,10.7102,10.8909,11.063,35.3148157156524,36.2819027487009,35.0584258812168,35.3736406744109
"ILL_3597_AGL",9.7064,9.6276,9.7712,10.2538,35.4980159818604,35.7338777025146,35.1094295148882,35.222748554685
"ILL_4164_AGL",10.3977,10.3624,10.1315,10.0254,35.4228343854652,35.9558359183617,35.584082607474,35.4834941972202
"ILL_4400_AGL",10.4777,10.6293,11.1346,10.945,35.3920154570051,36.0254194204372,35.0237169566804,35.5878250295075
"ILL_4605_AGL",10.1575,10.1378,10.0244,10.7971,35.7778130008277,36.1439511701202,35.3378714223772,35.689942979919
"ILL_4609_AGL",10.1933,10.1373,10.1255,10.3433,35.5294757351942,35.833383409744,35.1898769370853,35.3725932765637
"ILL_4665_AGL",10.4704,10.6081,10.7753,10.5179,35.1413487452635,35.6493305731799,34.737181450378,35.4601297317708
"ILL_4671_AGL",11.0758,10.6988,10.8938,10.7632,35.1675218451534,36.3036684390726,34.2051720023612,35.6024821709734
"ILL_4768_AGL",10.1114,10.2779,10.9302,10.3237,35.156757959591,36.1641936516761,35.1838022275156,35.0478680065182
"ILL_4782_AGL",10.288,9.6482,10.892,10.3322,35.325181896531,36.7068043904202,34.9449773813725,35.1109344044476
"ILL_4783_AGL",10.8815,10.1752,10.8488,10.1063,35.537926935211,36.7396751807159,34.7988978595509,36.0157230014825
"ILL_4804_AGL",10.813,10.8365,10.1585,10.1821,35.2450333284441,36.7317815583509,34.7671183180634,35.6630987573028
"ILL_4875_AGL",10.554,10.039,10.5086,10.3262,36.170344019247,37.1148122816422,35.7537527729011,35.8144455042053
"ILL_4956_AGL",11.1832,11.5064,11.1334,11.2755,35.4973765485981,36.6969434097056,34.6409702732472,35.5755730489517
"ILL_5058_AGL",11.2491,10.4337,10.5278,10.294,35.8916845873562,37.0069412177811,35.0136525241372,35.7058619493583
"ILL_5151_AGL",11.1694,11.0465,11.5949,10.7945,35.5979793794719,36.7060426323747,35.0592489787526,35.5528987082452
"ILL_5209_AGL",10.5279,10.2712,10.7716,10.4866,35.3995601912563,36.9696358898311,35.1201635437078,35.8115884122707
"ILL_5480_AGL",11.3306,10.8359,11.1977,10.7571,35.4561015373928,36.9183332765494,35.1804783642744,36.2872457774344
"ILL_5639_AGL",9.941,9.4931,10.0865,9.8707,35.2846803934166,36.949202679402,34.768685604768,36.0742191782824
"ILL_5722_AGL",10.8062,10.6624,10.702,9.729,35.360717803396,36.8627396748788,35.0441736032431,36.2515137401025
"ILL_5883_AGL",10.6062,10.939,11.2928,10.7041,35.290242295586,37.049204757905,34.7486807083404,35.8484626230354
"ILL_5888_AGL",9.4611,9.678,9.229,9.5848,35.5013133208255,37.0530603806381,35.5028447668984,36.012098213447
"ILL_5945_AGL",10.8498,10.5831,11.175,10.1044,35.5698493253078,36.4459428744602,35.2269180938691,35.868345946867
"ILL_6002_AGL",10.8604,10.7448,10.9764,10.8466,35.7752501045877,36.9510119160204,35.191484586653,35.9019849925691
"ILL_618_AGL",11.0489,10.1165,10.7255,10.5605,35.0969311745778,36.6059733248421,35.0367991741828,35.0252561266421
"ILL_6182_AGL",11.0292,10.619,10.987,10.5765,35.004887709632,36.5602578050762,34.9622756186894,35.8195155653093
"ILL_6211_AGL",10.9587,10.4543,11.1614,10.0637,35.4488728444302,37.0382311156145,35.099845907104,35.8052143965161
"ILL_624_AGL",10.7495,10.5833,10.1082,10.2291,35.2742164657857,36.374103389848,34.8876218350498,35.3941973322261
"ILL_6821_AGL",10.1705,10.5653,10.6587,9.1598,35.3736835515241,37.0431532592842,35.6424618368473,36.5221829259054
"ILL_6853_AGL",10.2012,10.5816,10.3068,10.2918,35.6480899064872,36.9381571414608,34.593774543697,35.4725747413264
"ILL_7089_AGL",10.9697,10.6082,10.5025,10.5038,35.2714399629592,37.3005436043854,35.1866121683195,35.4938448905665
"ILL_7558_AGL",10.2479,10.1569,9.9881,10.2242,35.4723812556681,37.2033991428885,34.9885100957025,35.9766353495901
"ILL_7663_AGL",10.6389,11.1778,10.5298,10.5961,35.5768459069021,37.0216543126461,35.1533523180621,35.4803497105278
"ILL_7668_AGL",11.0757,11.1881,10.766,10.9351,35.1611756265119,36.0516860811703,34.9445612941757,35.1449333586165
"ILL_7716_AGL",10.517,9.6485,10.3655,10.6133,35.7284812083205,37.0524690765396,35.1916861317834,36.1401023594431
"ILL_7747_AGL",10.6984,10.4062,10.5232,10.9685,35.7082301422535,36.8773566183767,35.2330634738879,35.7824443045284
"ILL_7946_AGL",10.2065,10.2461,NA,9.2846,35.5772213759616,36.4288939533462,NA,35.9622892910263
"ILL_7978_AGL",10.9097,10.408,11.2239,10.6795,35.2551300694781,36.8199297421402,35.2404276362266,36.0457816360421
"ILL_7979_AGL",10.2706,10.5701,10.7924,10.3158,35.5355802133394,36.3115134234528,35.1664249987781,35.6522490452574
"ILL_8007_AGL",10.3193,10.2451,10.4634,10.1668,35.3982574094402,35.8385688499587,34.8926549150643,35.3424990874802
"ILL_8009_AGL",10.347,10.5016,10.0268,10.6629,35.4167379770666,36.473513843931,35.3175721370604,35.6499498495486
"ILL_8010_AGL",10.7015,11.1115,10.4615,11.0376,34.9705079816349,36.0459873028849,34.6866710875332,34.9594268447958
"ILL_8072_AGL",10.4714,9.9002,9.7258,10.0234,35.6842485499888,36.8990514526379,34.3500342589126,35.8097510958997
"ILL_8174_AGL",10.5639,10.6644,11.1203,10.2142,35.778902982168,37.5203180522816,35.179244805507,36.1740029678109
"ILL_8595_AGL",11.1064,10.6167,11.0966,10.4688,35.6873405438059,36.9561887788136,34.9682038483112,36.1047883127095
"ILL_9_AGL",10.2491,10.024,9.9602,10.1281,35.1328653110474,36.5652586269789,34.6839850959362,35.8098504401937
"ILL_975_AGL",9.8854,9.7563,10.7968,10.2024,36.012123773233,36.9631024410204,34.8925443557509,36.3351449146325
"ILL_9888_AGL",11.0364,10.9085,11.7203,11.0207,35.6246187019242,36.8010714598978,35.1869031214067,36.4168974245438
"ILL_9932_AGL",10.2177,10.52,10.0017,10.445,34.7540816326531,36.0770650004458,34.8547153899231,35.3742832855241
"ILL_9945_AGL",11.4851,11.3217,11.2237,11.5177,35.3108464998447,36.0868248681212,35.3198666972965,35.5605298095032
"ILL_9977_AGL",10.5328,10.5077,10.1039,10.3376,35.3259994633754,35.9090287745199,34.8283041371085,35.7529224597081
"ILL_9997_AGL",10.4111,10.2647,10.3136,10.5286,35.3472217506739,36.5774741740875,34.8660946701554,35.5458173248975
"ILWL_118_AGL",9.8429,9.5387,10.3025,10.0754,35.433136060593,37.2588003687327,34.7474004796001,35.5216629471762
"Indianhead_AGL",11.6918,11.0429,11.2973,10.833,35.8632070697001,36.6560777010991,35.4842559874362,35.6002050634908
"IPL_220_AGL",10.4051,11.1852,10.3766,10.5995,35.1474964616388,36.4797432602556,35.4223916924684,35.5336160512245
"Laird_AGL",10.9868,10.1669,10.7381,10.2877,36.0522006779394,37.3689665818839,35.1496086704616,36.1017532039135
"LIRL.22.46_AGL",10.5063,10.8691,10.4855,10.526,35.5631001905716,36.3522344929999,34.8458514311541,35.5352398443012
"PI_163589_AGL",10.8007,10.3519,10.4256,10.7958,35.3156788181785,36.4647325705912,34.578301664638,35.7301719687041
"PI_169534_LSP_AGL",11.01,10.1856,10.0806,10.4201,35.8189726689201,36.6505823806902,35.5270948460584,35.6852739726027
"PI_175754_LSP_AGL",11.1504,10.6745,11.6684,11.1493,35.3172579587674,36.5578840298778,34.9292637805411,35.4849489812157
"PI_177430_LSP_AGL",10.5227,10.2587,10.982,9.8961,35.5632386688161,36.4831608520929,35.2961216690932,35.4101141084406
"PI_178939_LSP_AGL",10.7469,10.36,10.2141,10.2436,36.0003617823812,37.3562182237767,35.6138925596494,35.9684543915953
"PI_178952_AGL",11.322,11.2789,10.8855,10.4586,35.3654460662891,36.6569381971348,35.3063091114311,35.7988560631732
"PI_178971_LSP_AGL",10.5309,10.8401,10.4077,10.4222,35.0070805991583,36.1590985659914,35.2957734059979,36.2735885174125
"PI_179324_LSP_AGL",10.2483,10.4045,10.3336,10.48,35.6946814809655,36.3783530530615,35.1885147651738,35.6391064378237
"PI_179330_AGL",11.4531,10.4561,10.6148,9.1163,35.543245507867,36.655658856029,35.4073337758638,36.353087079447
"PI_181771_LSP_AGL",10.8914,10.88,10.765,10.4971,35.194628096503,36.5435449253847,35.2422763269462,35.9403567637895
"PI_181886_LSP_AGL",10.1006,10.058,9.9693,9.9943,35.2012100132781,36.3357863059821,34.7845960062945,36.2998772364397
"PI_182217_LSP_AGL",11.6574,10.8964,11.7461,9.9037,34.7801440445858,36.2282267904818,35.0895903162398,36.066308080569
"PI_193546_AGL",11.2098,10.9989,10.6258,10.6487,35.1219420493283,36.3137824586889,35.3712284626242,35.9584519431753
"PI_193547_LSP_AGL",10.818,10.4535,10.0856,9.5789,35.3510927533201,36.86040402402,35.7983062037241,35.5745126511998
"PI_193548_LSP_AGL",11.1596,10.74,11.4245,10.352,35.3824837745205,36.3864279301408,35.0228846631371,35.489853919757
"PI_193550_AGL",11.0811,10.7339,11.6878,11.2577,35.359382229526,36.2645233437729,35.1344770470662,35.5160501616847
"PI_207492_LSP_AGL",10.7121,10.4185,10.5649,10.5748,35.2195612719956,36.8711623874153,35.3593027809108,35.5750825054751
"PI_209858_LSP_AGL",11.1117,10.6506,11.6003,11.1706,35.3767637919617,36.7070938924905,34.871864243736,35.424773176293
"PI_211052_LSP_AGL",10.3951,10.3935,10.4291,10.834,35.6018521689693,36.5154426928712,35.2170271967799,35.5413544687496
"PI_212100_LSP_AGL",10.0215,10.0117,10.7341,10.3168,35.3891517762554,37.4523975190597,34.9363866856308,35.6271388956996
"PI_212610_LSP_AGL",10.4615,9.7825,10.6323,10.4819,35.6088893729854,37.9424027925919,35.1088700889585,35.7904045836193
"PI_217949_LSP_AGL",10.3799,10.3529,10.3391,10.3337,35.0832305274365,36.5930298317546,35.7073537995034,35.3374665303373
"PI_238758_LSP_AGL",11.3098,11.0175,10.9066,11.007,35.7191810024919,36.8126140213709,35.1543437690371,35.7806933139157
"PI_244046_AGL",11.4236,10.7456,12.3251,12.1314,34.9402196686313,36.2160777599525,35.0303119875171,35.4351477267748
"PI_250156_LSP_AGL",9.993,9.6899,10.2853,9.992,35.0938188101183,35.6835364259384,35.4163581957984,35.7601720725654
"PI_250158_LSP_AGL",9.9074,9.8935,9.9139,10.0198,34.9317048747981,36.2836531937756,35.0122724302944,35.1165317351838
"PI_251248_LSP_AGL",11.3278,11.1617,11.6101,12.3377,34.5999010366714,36.7626764158556,34.8993308764737,35.1534474751187
"PI_273664_LSP_AGL",10.009,10.448,10.1939,10.2661,35.3209374217021,36.9428778530134,35.9177906501487,35.8767635043282
"PI_280686_AGL",10.4679,10.5233,10.8417,10.3365,34.9419186861606,36.7707128555804,34.8605475205947,35.9557948782168
"PI_283604_LSP_AGL",11.2847,10.583,11.2805,10.9778,35.2773653031558,36.5213130141903,34.5322133310476,35.7677432808005
"PI_289066_AGL",11.0485,10.9304,11.3831,10.6601,35.303459250123,36.4850159887311,34.5259435178361,35.9236780648575
"PI_289073_LSP_AGL",10.8303,10.3625,10.3551,10.5041,35.2368743838598,37.0616090013662,35.1586452762923,35.9900774683839
"PI_289079_LSP_AGL",10.8747,10.4356,10.3285,10.2694,35.2357376379902,36.6708249143459,35.058926559042,35.840450073465
"PI_290716_LSP_AGL",10.9013,10.4224,10.3149,9.841,35.1672989573655,35.8374824636206,35.1464991157921,35.8208846568242
"PI_297285_LSP_AGL",11.5818,10.6032,10.9795,10.718,35.0395570817009,36.7685356321759,34.8922200788765,36.2064014863609
"PI_297287_AGL",11.4229,11.0002,11.3478,10.745,34.8566267229358,36.6283851504567,34.8265088786452,35.9965293248599
"PI_297754_LSP_AGL",10.0955,10.0298,9.7454,10.3202,35.443326838345,36.9255804021766,35.0469491165798,36.1767015339746
"PI_297767_AGL",10.6765,10.3409,10.933,10.6319,35.4529032429453,37.0346892436842,34.8732245213026,35.8698659253311
"PI_297772_LSP_AGL",10.6582,10.1967,11.1636,10.751,35.6697746333693,36.4554545357039,35.191314709387,36.0262850134542
"PI_297783_AGL",10.84,10.4646,11.2628,10.2225,34.9958515065327,36.2046775532798,35.0296402734494,35.8860492873692
"PI_297787_LSP_AGL",10.429,10.4342,10.4998,10.6778,35.4445781248938,36.3543241793083,34.9727540402627,35.8810305488442
"PI_298023_LSP_AGL",11.2744,11.2084,11.2143,10.942,35.8695202613922,36.4951810367283,35.1395643236739,36.0043170959633
"PI_298121_LSP_AGL",11.2549,11.0729,10.7675,11.0484,35.4291992079906,36.3794961428778,35.1448388412893,36.1842816298058
"PI_298122_LSP_AGL",10.5675,10.4336,10.0872,10.1091,35.672812708872,36.5345154806676,35.6063226708272,35.9227751481813
"PI_298357_LSP_AGL",11.8646,11.5356,11.8706,10.8315,35.1279333479396,35.4548807474797,35.4362135618013,36.106805340267
"PI_298631_LSP_AGL",10.5265,10.468,10.9757,10.5674,35.5354882268546,36.5333137893367,34.4210420678279,35.8553624929171
"PI_298644_LSP_AGL",10.9902,10.8773,11.198,10.1751,35.5001259763164,36.4146136515047,34.2479998042622,36.1902289120631
"PI_298645_AGL",11.0506,10.5207,10.6169,10.655,35.0454456079817,36.3367906249029,34.4660903327176,35.7079422104406
"PI_298921_AGL",10.7369,10.3969,10.58,10.144,35.5419393494013,37.8371788339763,35.5423568815445,36.4678264183231
"PI_298922_LSP_AGL",10.9412,10.0804,10.3002,10.3145,35.2366781962345,36.7340096787359,34.8312744955481,35.7898791100501
"PI_298923_LSP_AGL",11.71,11.1701,11.9222,11.7274,35.1908449709548,36.6140351452256,34.5871772555846,35.42593040116
"PI_299116_LSP_AGL",10.357,9.4671,10.3469,8.9795,35.2893474349888,36.27032929142,35.0530866121459,36.5042583897392
"PI_299120_LSP_AGL",10.0295,9.5792,9.8999,10.335,35.4075245623264,36.137696878242,34.7792025294221,35.9925194067068
"PI_299121_LSP_AGL",10.1573,10.1308,10.3603,10.1793,35.3788388058558,36.413303284846,34.9819861494255,35.8864528138253
"PI_299126_LSP_AGL",10.1151,10.5203,10.4045,10.5648,35.1891987796096,36.5802604356821,34.8850464876899,35.5928092068027
"PI_299163_LSP_AGL",11.221,10.8232,11.0295,10.7394,35.5028649714136,36.6709131813623,34.4842140807023,36.0737234932333
"PI_299164_LSP_AGL",10.8898,9.9499,10.4718,9.7724,35.1618475646179,36.2761683231127,34.595219610499,36.0186499087776
"PI_299165_AGL",10.5553,10.5062,10.4085,10.0353,35.1206478918228,36.6198557680577,34.7702195750139,36.0850913876613
"PI_299177_LSP_AGL",10.8928,10.7102,10.4253,10.5619,35.1734649066157,36.7395383459627,34.9097228733307,36.2227435164036
"PI_299237_LSP_AGL",11.028,10.4559,10.6682,10.8002,35.2766182045007,36.4021543485602,35.2147405321723,36.6304664871355
"PI_299289_AGL",11.2611,11.095,11.0751,10.9866,35.6448524175042,37.0365424993908,35.0640962726332,36.2244965248012
"PI_299312_AGL",11.8177,10.9141,11.5432,11.5908,35.1572865906265,36.2178359759214,34.8158648770925,35.9776140945534
"PI_299345_AGL",11.3571,10.7726,10.985,10.6901,35.2008604096864,36.5042950814117,34.8250347140765,35.8351798278989
"PI_299351_LSP_AGL",10.0139,10.0012,10.8096,10.6788,35.734702689586,36.704884099884,35.3052992569609,36.0697155981896
"PI_299366_LSP_AGL",10.7228,10.136,10.3019,10.2865,35.4864544654263,36.4407693690455,35.0842718631761,35.7856029612312
"PI_299375_LSP_AGL",10.6976,9.9602,10.651,10.5452,35.2931473044173,36.5024334466987,35.4900837020846,36.2284634544361
"PI_300250_LSP_AGL",10.8989,10.5669,10.6572,10.7203,35.6234903430986,36.8809203040689,35.6876875267895,35.7342142192859
"PI_302398_LSP_AGL",9.1282,9.2596,9.5349,9.6517,35.5141423180173,37.4471733442256,35.1162328191983,35.8045895995786
"PI_308614_LSP_AGL",10.7078,10.3872,10.7381,10.5059,35.56569712792,36.5606158199846,35.8775004259954,35.8960078721863
"PI_311107_LSP_AGL",10.5111,10.4674,10.485,10.1951,35.0747638290559,36.4082211887959,34.6875310153174,35.7587300251133
"PI_312175_LSP_AGL",10.8312,10.4952,10.5875,10.9732,35.8550464607409,36.6497302393798,34.938900237271,36.4007895042378
"PI_320935_LSP_AGL",9.701,10.2466,9.7952,10.4995,35.2473966849062,36.3819059792643,35.448626778276,36.2099171615591
"PI_320936_LSP_AGL",11.4503,10.5501,11.2171,10.1781,35.929723928883,36.1583411875589,35.3419158884394,35.9796383689485
"PI_320937_LSP_AGL",11.981,11.2085,10.6799,10.4416,36.0893060467134,36.392533499573,35.7312768698038,35.8406502502283
"PI_320941_LSP_AGL",10.4277,10.5299,10.7397,10.4694,35.6613510528062,36.6908254643019,35.3953747433434,36.134398674651
"PI_320945_LSP_AGL",10.6519,10.5631,10.1627,10.6712,35.5802215935092,37.1315180787266,35.3727597693028,36.376900027612
"PI_320946_LSP_AGL",10.2837,9.6075,10.1139,9.7821,35.4786514683153,36.2344803656826,35.3120472042316,35.6259423551778
"PI_320952_LSP_AGL",12.0131,11.332,11.583,10.7627,36.0770004654864,36.6359104340573,36.1095350620686,36.1289304692562
"PI_320953_LSP_AGL",10.8514,11.1666,10.9129,10.0305,36.0600280467623,36.4943035864855,35.7802346244893,36.0561628521412
"PI_320954_LSP_AGL",10.7817,10.4263,10.4815,10.5359,35.6233768808358,36.2201633438593,35.2981390305177,35.8698242579819
"PI_329157_LSP_AGL",11.5697,10.8235,11.2882,11.2599,36.0604284975159,37.3139216592086,35.138146999863,36.3312822862453
"PI_329167_LSP_AGL",11.6366,10.643,11.8985,11.7157,35.190443789219,36.8040666712774,35.1058619428086,36.3198685556623
"PI_339266_LSP_AGL",11.4248,10.4664,10.6259,10.4002,35.2162950267864,36.9166954718286,35.1805561533444,36.295805123194
"PI_339283_LSP_AGL",10.5043,9.9439,10.6208,9.9775,35.7555457977201,36.3293937124381,35.4685198852536,35.7149249190128
"PI_339285_AGL",10.8872,10.4889,10.7038,10.7146,35.4274185675702,36.7396048239361,34.9736810291028,35.4056518980649
"PI_339289_LSP_AGL",10.8407,10.6857,10.5608,10.1734,35.3144871260294,36.5333068938638,35.1490058510674,36.1046934610948
"PI_339292_LSP_AGL",11.59,11.3962,11.3265,11.3444,35.5948392089899,36.4920123089535,35.2143985275646,36.2315878227321
"PI_339296_AGL",10.1747,10.4904,10.1784,10.2092,35.5635636615297,36.4637427266471,35.5832124316104,36.1997560491306
"PI_343026_LSP_AGL",11.1216,10.7903,10.5014,10.8153,35.4158373908142,35.8491255581544,35.1112879443911,35.8731885620276
"PI_345627_LSP_AGL",11.1391,10.7605,11.2471,10.7527,36.194935548963,36.3191753635124,35.5293500717088,36.1347841866842
"PI_358602_LSP_AGL",11.5033,10.3771,10.4499,10.3887,35.5542711610857,36.37922088849,35.1805841716156,35.8432498266267
"PI_368647_LSP_AGL",11.5244,10.4566,9.8076,10.6919,35.2378564483284,36.1777507144488,35.2814210992079,35.8839165251478
"PI_368651_LSP_AGL",10.7713,10.898,10.2856,10.3328,35.6328113111424,36.2087468477658,34.9054874944854,35.9653183617068
"PI_370481_LSP_AGL",10.6594,11.3383,10.931,10.9746,35.8077693124253,36.5186163359959,35.1019726595741,36.3289086033963
"PI_374116_LSP_AGL",10.3184,9.8574,10.4491,9.9735,35.5499205859756,36.2205997449926,35.3960806896902,35.9704835376476
"PI_374117_LSP_AGL",10.357,10.7927,10.8631,10.0799,35.5845842509783,36.313503292296,35.1892583534442,36.0089022891601
"PI_374118_AGL",10.8258,10.1657,10.7289,10.211,35.1297677225911,36.4247119188213,35.3964111683333,36.0281846184244
"PI_374120_LSP_AGL",10.3998,10.1782,10.4039,10.1114,35.5080133567327,36.7900931120236,35.3717743854758,36.1851593393813
"PI_374121_AGL",11.0996,10.2028,10.8425,10.464,35.7132285278541,36.5700931564591,35.2888527257933,36.1096540871822
"PI_379368_LSP_AGL",10.8425,10.259,11.033,10.6781,35.4400713867797,36.2307836288702,35.4820451139426,36.0766122493108
"PI_383682_LSP_AGL",11.827,11.219,11.584,11.2903,35.5199298431081,36.1879878717502,34.5464142885687,36.0071693503892
"PI_420818_AGL",10.4714,10.0843,10.6044,10.0782,35.3398176209729,35.8878271855371,34.7069624043909,35.6592658115878
"PI_420924_LSP_AGL",10.7562,11.0218,10.8833,10.7459,35.546875,36.2750131648236,35.2517239927315,36.1627304360702
"PI_420925_LSP_AGL",10.4811,10.4236,10.6671,10.5765,35.2807521282361,36.1899140699592,35.3917206644968,35.4761345721665
"PI_420929_LSP_AGL",11.1229,10.8161,10.8305,10.9738,35.0963161631301,36.2280443199936,35.2897667659383,35.5998624510955
"PI_426202_LSP_AGL",10.5446,10.3749,10.7564,10.7528,35.4297426248236,36.2038461941103,35.3316406134522,35.3810617477313
"PI_426778_LSP_AGL",10.2523,10.0815,10.335,10.2613,35.4029331224598,36.5536620739666,35.4428730160908,35.9235129164727
"PI_426784_LSP_AGL",9.5388,9.936,9.821,NA,35.4067838132781,35.8769006344174,35.2608751849033,NA
"PI_426797_LSP_AGL",9.8188,9.7166,9.5887,9.6143,35.2156775542556,35.9792787555404,35.6183160170426,35.7724091485807
"PI_426807_LSP_AGL",10.1633,9.8736,9.9586,9.0518,35.275762729513,36.2850590933145,35.437083217684,36.2873224078766
"PI_431618_LSP_AGL",10.6242,10.442,10.7597,10.725,35.3636657157979,36.4699390188532,34.7433409430691,36.4033182176121
"PI_431622_LSP_AGL",10.2697,9.836,10.2978,10.4869,35.6034210790891,36.4724509887535,35.1425968078245,35.8633166104106
"PI_431630_LSP_AGL",10.4617,10.3799,10.3298,10.1031,35.4330015275035,36.6712241170382,35.3461284461432,35.9020919877615
"PI_431633_LSP_AGL",11.5282,11.3454,11.2375,11.1825,34.9821723892033,36.8103772727863,35.1968203059422,36.0226137937699
"PI_431636_LSP_AGL",11.0513,10.9308,11.1841,11.2107,35.0949675608215,36.1959005265075,34.614872748769,35.8774546199339
"PI_431643_LSP_AGL",11.3138,11.0242,11.2457,11.0474,35.3346450544989,36.5192100015238,35.0409746673729,36.5820060266896
"PI_431662_LSP_AGL",10.4784,10.7265,10.611,10.9573,35.3439988666606,36.4470071762531,35.5469050977029,36.2144582852724
"PI_431663_LSP_AGL",9.6482,10.0393,10.2947,10.4172,35.4795412172672,36.3659744333721,35.6473321721787,36.1042660927249
"PI_431679_LSP_AGL",10.63,10.8203,10.6947,11.0824,35.1942470814931,36.1503304222322,35.1247052332188,35.5527609979565
"PI_431684_LSP_AGL",10.1649,10.276,10.0413,9.9142,35.76155445555,36.729777355213,35.8276215180524,36.2366408865627
"PI_431705_LSP_AGL",9.5327,10.0419,9.9491,10.6824,35.3307661232038,35.9710709756919,35.2022276711001,35.8100882647742
"PI_431710_LSP_AGL",10.167,10.5295,10.165,10.3655,35.4564666987508,36.3483531998771,35.1846980311799,36.2332518867298
"PI_431714_LSP_AGL",10.4878,10.5054,10.7261,10.9633,35.5304257092331,36.6343055613675,35.4273804923323,36.2942658416841
"PI_431717_LSP_AGL",10.4225,10.5144,10.4253,9.4879,35.4332047119618,36.6731076433699,35.402885124764,36.5030143774455
"PI_431728_LSP_AGL",10.2104,10.0902,10.4376,10.8769,35.5412607080823,36.4861200004339,35.5356425463534,36.1028960252261
"PI_431731_LSP_AGL",10.4766,10.2052,10.8621,10.1456,35.8623097619585,36.7927317301799,35.4455122452642,36.7847431202639
"PI_431739_LSP_AGL",10.5158,10.8798,11.487,11.067,34.7712513391617,35.7875208462852,35.316796615589,35.7247768613716
"PI_431753_LSP_AGL",10.1435,10.362,11.0181,10.0951,35.3985852431155,36.4933683639617,35.2413424725009,36.2556654527693
"PI_431756_LSP_AGL",10.4406,10.1368,10.5493,10.4903,35.1972652891977,36.2589289866114,35.4903715466082,36.3318048320958
"PI_431809_LSP_AGL",10.0705,10.1205,10.5706,9.5187,35.2976845588184,36.4430856982359,35.2624854471276,35.9371165586266
"PI_431824_LSP_AGL",11.192,10.3105,11.1296,10.1098,35.7454256267107,36.4253969151199,35.2521585992386,36.5747155545104
"PI_431863_LSP_AGL",9.6745,10.1099,10.5476,10.6737,35.611350577357,36.6755182145993,34.8547333914929,35.92592467932
"PI_431873_LSP_AGL",9.8297,9.581,9.9829,10.0701,35.8020374639874,36.7017812679563,35.0085567198306,36.465258766784
"PI_431884_LSP_AGL",10.8258,10.3349,11.076,10.7856,35.8798106879135,36.9869730155322,35.3837552911109,36.6796010188778
"PI_431888_LSP_AGL",10.7593,10.6162,10.1353,10.2429,35.9110176562865,36.769371441238,35.804039183685,36.3803942461374
"PI_431893_LSP_AGL",10.4118,10.8864,10.7581,11.4998,35.4945710535736,36.7128905196137,35.4226277300161,35.5003318566996
"PI_431923_LSP_AGL",10.6587,10.3468,10.136,10.4317,34.9732746655642,35.9746048523368,34.4036385852963,35.6345711738362
"PI_431980_LSP_AGL",12.3278,11.3569,11.7135,11.7924,35.7352395528964,36.9772605915372,35.5210727736974,36.4544659224751
"PI_432000_LSP_AGL",10.3723,10.3242,10.1038,10.0217,35.3468987162754,36.6320719569961,35.1725242285842,36.0066683672919
"PI_432001_LSP_AGL",10.8289,11.3786,11.6687,11.084,35.4388250001636,36.3301404853129,35.4829194718629,36.1776504110948
"PI_432002_LSP_AGL",10.2899,10.74,10.6758,10.4825,35.5928744379108,36.1957400916689,35.3291570284035,36.019118566726
"PI_432005_LSP_AGL",10.9254,10.5203,10.58,10.5036,35.2722400684434,36.2459000578815,35.4709795086364,36.1613275265523
"PI_432028_LSP_AGL",10.2906,10.123,10.1572,10.3816,35.7982474144319,36.5440709293594,35.1439534698651,35.9888652774841
"PI_432033_LSP_AGL",9.9335,9.7043,10.7961,9.7976,35.7958804197417,36.6749432168192,35.6424562561902,36.5602552381663
"PI_432085_LSP_AGL",11.3368,10.9857,11.5053,11.1974,35.6032912505496,36.363365540252,35.2939552433394,36.4001040244457
"PI_432106_LSP_AGL",10.8858,10.6244,11.306,11.22,35.0615343487601,36.0232189114779,34.6442119713433,35.9683401668905
"PI_432124_LSP_AGL",9.9756,10.3131,10.0869,10.5989,35.4682955620187,36.3885595732069,35.6455272141297,36.3227301078143
"PI_432145_LSP_AGL",10.0994,10.363,10.609,10.8657,35.6729339375722,36.2045172672804,35.4119657663191,35.9590163120638
"PI_432147_LSP_AGL",10.1097,10.3931,10.2268,10.6243,35.5329752984015,36.2515434574843,35.1273464200457,36.07841672383
"PI_432184_LSP_AGL",11.1155,10.4581,10.8862,11.0122,35.89095323892,36.1741795340085,34.8920021666875,36.2120728832008
"PI_432188_LSP_AGL",10.4091,10.3662,10.4419,10.181,35.6180836430082,36.4168429040168,35.2640608430765,36.3943790863692
"PI_432190_LSP_AGL",10.6055,10.3217,10.4681,10.1791,35.5075447882872,36.7499457030652,34.6907259200345,36.552093133488
"PI_432201_LSP_AGL",10.3328,10.58,10.2842,10.2917,35.2018533028992,36.2401992183352,35.1188362245595,36.2529325151645
"PI_432212_LSP_AGL",10.4156,10.6896,10.9324,10.3018,35.7755970556817,36.461747841718,35.5856178429368,36.1888234715528
"PI_432236_LSP_AGL",10.6981,10.4028,10.4129,10.1434,35.4348495738782,36.287908913958,35.6796781842354,35.7776743136093
"PI_432245_LSP_AGL",10.8788,10.9918,10.8261,10.8925,35.1872276974729,35.9095319457558,35.383574538181,36.4251366047124
"PI_432271_LSP_AGL",11.1762,10.7684,10.6465,10.4416,35.5099862105778,36.3253644039495,35.710332567461,36.2692824714909
"PI_432286_LSP_AGL",10.5718,10.7099,10.6133,10.5633,35.1729736563683,36.1737844008809,35.6239468861395,36.0747497583815
"PI_451763_LSP_AGL",10.656,10.3901,10.5645,10.9993,35.3925866879235,36.3767177242888,35.5332595614723,36.465595836027
"PI_458503_LSP_AGL",9.8025,9.4595,9.8499,9.9503,35.513730889066,36.2070879312259,35.237236657115,36.033403225164
"PI_468900_LSP_AGL",11.0185,10.774,10.5785,10.5184,35.596368805324,36.2476575615763,35.5645581536082,36.2662179820917
"PI_468901_AGL",11.5767,11.159,11.6071,10.9275,35.7240502501088,36.311867495363,35.6083149776357,36.4765535289876
"PI_468902_LSP_AGL",11.0198,10.4515,11.1209,10.9606,35.4180661127806,35.7593756522156,35.3557383251257,35.6393598272756
"PI_472136_LSP_AGL",9.9183,10.2389,9.9848,10.238,35.1536997458717,36.3825984372279,35.3054325841902,36.015182802205
"PI_472205_LSP_AGL",9.8769,9.9042,9.8977,10.1585,35.0840612245623,35.9016928263312,34.9848363813738,35.6964649659147
"PI_472213_LSP_AGL",10.3516,10.3308,10.4939,10.2914,35.3194465769316,36.4994347088751,35.254416082671,36.1288102986453
"PI_472327_LSP_AGL",9.8596,10.1709,10.0028,10.4244,35.5226655329697,35.957109827407,35.4161650781062,35.8076682627902
"PI_472380_LSP_AGL",9.9797,9.7981,9.7304,9.7181,34.9839622806864,36.5593925486465,35.5697877598169,35.9264325323475
"PI_472416_LSP_AGL",10.3067,10.6666,10.5183,10.218,35.2981266481729,36.0509132204031,35.8638725603852,36.0527559999718
"PI_472488_LSP_AGL",9.9563,10.0078,10.0582,9.9206,34.8581871908075,35.6725813235619,35.6362889110917,35.4543927551615
"PI_472559_LSP_AGL",10.0172,10.4097,9.9253,10.4323,34.9899402000782,35.6539311218811,35.0389211515718,35.6520877333279
"PI_472561_LSP_AGL",9.9377,9.9796,9.8991,10.0273,35.4318047305633,35.983529123308,35.3270547761881,35.5839215310529
"PI_472569_LSP_AGL",9.6736,9.9221,9.9639,9.9825,35.413158395689,35.6800978118201,34.9124202426795,35.5541388116209
"PI_472588_LSP_AGL",11.3527,11.2963,11.5519,10.7433,35.5794785006895,36.2507059971247,34.9795758931951,35.822582635052
"PI_472590_LSP_AGL",9.8861,9.4883,10.6252,10.2482,35.5814773757936,36.2485052930772,35.4823843713475,36.1824196697465
"PI_472615_LSP_AGL",10.9631,10.3636,10.6822,10.5697,35.0459208301233,36.158357668945,35.076739191825,35.4433393469119
"PI_472629_LSP_AGL",10.591,9.4213,10.5414,10.0714,35.0201371575195,36.7661922583112,35.1430371686608,35.8693639148088
"PI_477921_LSP_AGL",11.1809,10.5077,11.3605,9.6696,35.4756624181793,36.623807548735,35.2926739858463,35.9860664523044
"PI_490288_LSP_AGL",10.7813,9.8612,10.6453,10.468,35.6877335725469,35.9165061061557,35.7317159131722,35.9406436904737
"PI_490289_LSP_AGL",10.7478,10.3497,10.4172,10.0214,35.1553530483477,36.4345233275717,35.22811431586,35.8576913305925
"PI_508090_AGL",10.8708,10.3098,10.3863,9.6797,35.7474514962184,36.7584874177286,35.8843690185808,36.5655291211157
"PI_518731_LSP_AGL",10.9125,10.7525,10.182,11.4067,35.6982796128066,36.8211081432779,35.4591898922851,35.336741016109
"PI_518733_LSP_AGL",11.2037,10.8331,11.1354,10.7257,35.5017079554601,36.9400058650626,35.6289475199816,36.4392124887462
"PI_518734_LSP_AGL",10.9056,10.9761,11.3824,10.4444,35.7942069418232,36.6083548736763,35.5384596170898,36.0017648599832
"PI_533688_LSP_AGL",11.0151,10.4699,11.4557,10.508,35.876532433524,36.8081702965424,34.730765849207,36.2943057867796
"PI_533693_LSP_AGL",10.9842,10.2324,10.5983,10.3131,35.6719049892343,36.0274208938197,35.451154856082,35.7682663327911
"PI_612875_AGL",10.857,10.8984,10.5599,10.801,35.1389927275199,35.8139504314736,35.2803410465264,35.8058046443785
"PI_643451_AGL",10.8308,10.5679,10.7583,10.6067,35.1548908104178,36.1709992641145,35.0388712834526,35.4429745272521
"PI_643452_AGL",10.7696,10.9503,10.7479,10.9771,35.3304354957763,35.6839563461933,34.8326732737443,34.8280347737801
"Shasta_AGL",11.1765,NA,11.1037,NA,35.2867074579931,NA,34.5337322568205,NA
"W6_27754_LSP_AGL",10.5146,9.5815,10.1787,9.3971,36.1572478868784,36.3683637177983,35.5642439361858,36.1078343599064
"W6_27760_LSP_AGL",10.9627,10.2221,10.3534,9.6902,35.5280086853661,35.9112450772706,35.8071957474329,36.3469278290192
"W6_27763_LSP_AGL",10.1304,10.1929,10.8057,10.5386,35.9064696437496,36.3236913471578,35.670263721681,36.533628229617
"W6_27766_LSP_AGL",9.6839,10.2916,10.4667,10.4498,35.7846542702575,35.8375061809217,35.827685356336,36.0887974084639
"W6_27767_LSP_AGL",10.4503,10.1108,10.3652,9.4222,35.5544290360774,36.0324016493052,35.6425157319212,35.9075007050251
