"Name","Protein_lsm","Histidine_lsm","Serine_lsm","Arginine_lsm","Glycine_lsm","Aspartic.acid_lsm","Glutamic.acid_lsm","Threonine_lsm","Alanine_lsm","Proline_lsm","Cysteine_lsm","Lysine_lsm","Tyrosine_lsm","Methionine_lsm","Valine_lsm","Isoleucine_lsm","Leucine_lsm","Phenylalanine_lsm","Tryptophan_lsm"
"CDC_Asterix_AGL",28.4078,0.8673,1.3794,1.9837,1.0998,3.187,4.4487,1.0465,1.1225,1.1689,0.2536,1.8492,0.8141,0.2588,1.3628,1.2037,2.0229,1.3872,0.2169
"CDC_Rosie_AGL",29.6841,0.8168,1.4633,2.1783,1.1567,3.402,4.7181,1.1329,1.1795,1.2045,0.2784,1.9309,0.8636,0.261,1.4447,1.2624,2.1473,1.4761,0.2287
"X3156.11_AGL",28.2688,0.8717,1.3454,1.9821,1.1053,3.16,4.4062,1.0615,1.1345,1.1735,0.2555,1.8181,0.8279,0.2615,1.3435,1.1759,2.0085,1.3645,0.2195
"CDC_Greenstar_AGL",27.819,0.7752,1.3665,1.9562,1.1216,3.1171,4.3919,1.07,1.126,1.1697,0.2633,1.8307,0.8318,0.2594,1.35,1.1946,2.0104,1.3799,0.2213
"CDC_Cherie_AGL",28.6288,0.8509,1.3629,2.0234,1.1068,3.2221,4.4528,1.0743,1.1324,1.1741,0.2628,1.8259,0.8133,0.2541,1.3544,1.1892,2.0271,1.3792,0.2227
"CDC_Glamis_AGL",28.4423,0.8467,1.4078,2.0362,1.13,3.1645,4.471,1.0559,1.1524,1.1838,0.2673,1.8598,0.852,0.2534,1.3872,1.2224,2.0449,1.4131,0.2232
"CDC_Gold_AGL",28.922,0.8822,1.3857,2.0027,1.0975,3.2327,4.4073,1.038,1.2112,1.1924,0.2775,1.8341,0.8468,0.2515,1.3663,1.2265,2.0425,1.4091,0.2256
"CDC_Imax_AGL",29.9512,0.8243,1.4694,2.1903,1.2176,3.5027,4.8207,1.1631,1.2013,1.228,0.2732,1.9406,0.8816,0.254,1.4497,1.2699,2.17,1.4693,0.2426
"CDC_Impower_AGL",29.4727,0.9889,1.4329,2.1323,1.193,3.3477,4.5967,1.1149,1.1662,1.2107,0.2639,1.8579,0.8721,0.2476,1.3988,1.2345,2.0994,1.4202,0.2379
"CDC_KR.1_AGL",27.8444,0.8484,1.3337,1.9903,1.1007,3.1022,4.3191,1.0508,1.1308,1.1761,0.2615,1.7764,0.8022,0.2472,1.3214,1.1607,1.9873,1.3585,0.2193
"CDC_LeMay_AGL",29.0966,0.8596,1.4111,2.1167,1.1189,3.2096,4.5667,1.0589,1.1445,1.1928,0.2507,1.8696,0.8316,0.2557,1.4046,1.2258,2.073,1.425,0.2199
"CDC_Maxim_AGL",27.9295,0.8205,1.3328,1.9729,1.1182,3.1956,4.3732,1.0826,1.1054,1.1662,0.2487,1.772,0.7963,0.2358,1.3155,1.1623,1.9931,1.3487,0.2247
"CDC_QG.1_AGL",30.152,0.9562,1.4737,2.2062,1.1775,3.3816,4.7575,1.1379,1.1869,1.2152,0.2667,1.9524,0.8956,0.2685,1.4543,1.2766,2.1541,1.476,0.2301
"CDC_Red_Rider_AGL",29.946,0.826,1.4606,2.2334,1.1807,3.5201,4.8099,1.1483,1.2357,1.2387,0.2813,1.9563,0.8894,0.2737,1.4485,1.2673,2.1625,1.4797,0.2351
"CDC_Redcoat_AGL",28.9349,0.8587,1.4123,2.0973,1.1369,3.3035,4.5636,1.0684,1.1992,1.2003,0.2712,1.8854,0.8392,0.2495,1.3964,1.2278,2.0828,1.4279,0.2267
"CDC_Redwing_AGL",30.1795,0.8832,1.5043,2.2291,1.1662,3.4714,4.8546,1.1214,1.1964,1.2182,0.2701,1.9783,0.8793,0.2628,1.4617,1.301,2.1785,1.5002,0.226
"CDC_Robin_AGL",29.1903,0.8672,1.4258,2.1411,1.1377,3.3552,4.6299,1.1019,1.1666,1.1892,0.269,1.9036,0.8538,0.2623,1.403,1.2236,2.0988,1.4384,0.2242
"CDC_Rosebud_AGL",30.1326,0.9138,1.4813,2.2046,1.1755,3.481,4.788,1.1522,1.1918,1.2183,0.2769,1.9746,0.8957,0.2747,1.4554,1.279,2.1622,1.4883,0.2312
"CDC_Rosetown_AGL",28.7556,0.8353,1.4037,2.062,1.1223,3.2378,4.5252,1.0769,1.1623,1.1801,0.2595,1.8772,0.8334,0.2547,1.3887,1.2104,2.0652,1.4179,0.2215
"CDC_Rouleau_AGL",28.0729,0.8618,1.3335,1.9469,1.0984,3.112,4.3923,1.0553,1.1392,1.1751,0.2411,1.8064,0.8084,0.2544,1.3294,1.165,2,1.3541,0.2184
"CDC_Royale_AGL",28.6419,0.9045,1.3849,2.0338,1.13,3.1778,4.4521,1.057,1.1623,1.1843,0.2601,1.8495,0.8227,0.2515,1.376,1.2108,2.0416,1.3998,0.2214
"CDC_Ruby_AGL",29.7685,0.8047,1.4624,2.1676,1.1726,3.4535,4.768,1.1527,1.2011,1.2063,0.2782,1.9376,0.8672,0.2709,1.4422,1.2649,2.1494,1.4693,0.2327
"CDC_SB.1_AGL",26.8985,0.8711,1.2921,1.8695,1.0294,3.0439,4.1679,0.9913,1.0606,1.1242,0.2505,1.7292,0.7822,0.2462,1.2605,1.118,1.9001,1.2992,0.2052
"CDC_Sedley_AGL",28.5872,0.9147,1.3952,2.0735,1.124,3.2232,4.4795,1.0422,1.163,1.1983,0.2668,1.8451,0.8437,0.2527,1.3772,1.2208,2.0458,1.4102,0.2222
"CDC_Vantage_AGL",28.3505,0.8234,1.3782,1.9916,1.1376,3.2245,4.4528,1.1286,1.1707,1.1837,0.2697,1.8688,0.8582,0.2731,1.3557,1.1972,2.0296,1.3906,0.2234
"CN_105604_AGL",27.6702,0.9009,1.3266,1.9323,1.0537,3.0676,4.2788,0.9944,1.0779,1.1353,0.2418,1.7665,0.7832,0.2494,1.3022,1.1429,1.9507,1.3345,0.208
"CN_105605_AGL",28.4079,0.775,1.3826,2.0161,1.0995,3.2942,4.458,1.0968,1.1546,1.1646,0.2701,1.8597,0.8181,0.2706,1.3604,1.1871,2.0304,1.3791,0.2228
"CN_105715_AGL",30.387,0.9195,1.5028,2.2588,1.1583,3.4327,4.8587,1.0946,1.1821,1.2291,0.2662,1.9612,0.8828,0.2621,1.4731,1.307,2.1804,1.4988,0.2285
"CN_105732_AGL",31.3364,0.9924,1.4956,2.3067,1.2114,3.531,4.9311,1.1613,1.223,1.2724,0.2648,1.9879,0.8955,0.2742,1.4762,1.2991,2.2053,1.5011,0.2373
"CN_105767_AGL",28.864,0.8938,1.3866,2.0695,1.1226,3.2728,4.5236,1.0812,1.1527,1.1955,0.2624,1.86,0.8333,0.2591,1.3668,1.203,2.0526,1.404,0.2222
"CN_105777_AGL",30.1841,1.0221,1.4461,2.2423,1.1412,3.449,4.6899,1.0774,1.1765,1.2105,0.2726,1.9025,0.8558,0.2563,1.4151,1.2353,2.1118,1.4471,0.2322
"CN_105789_AGL",30.2369,0.9963,1.4492,2.2325,1.1534,3.4482,4.7214,1.0908,1.1923,1.2154,0.263,1.9011,0.8633,0.2684,1.4322,1.2433,2.1269,1.4419,0.2341
"CN_105791_AGL",30.6422,1.0782,1.4713,2.3432,1.1394,3.5103,4.7368,1.0633,1.1796,1.2285,0.2836,1.9144,0.8938,0.257,1.434,1.2476,2.1333,1.471,0.2325
"CN_105862_AGL",30.4825,1.0049,1.4705,2.2231,1.17,3.3744,4.7928,1.1027,1.215,1.2475,0.254,1.9561,0.8886,0.2586,1.4483,1.2742,2.154,1.4778,0.2309
"CN_105863_AGL",30.6926,0.9838,1.4672,2.2489,1.1658,3.3445,4.8265,1.1163,1.2005,1.2673,0.2479,1.9645,0.8746,0.2595,1.4395,1.2671,2.1692,1.4854,0.2277
"CN_105864_AGL",30.1557,0.9792,1.4437,2.1862,1.17,3.4246,4.7551,1.0968,1.2239,1.244,0.2591,1.9299,0.8654,0.2651,1.4253,1.2597,2.1395,1.4612,0.2267
"CN_105865_AGL",30.836,1.0319,1.4854,2.2772,1.1794,3.4015,4.8726,1.0963,1.2058,1.2532,0.2577,1.9661,0.8916,0.2589,1.4555,1.2791,2.1772,1.4913,0.2327
"CN_105895_AGL",31.1442,0.9617,1.5016,2.3246,1.1837,3.5342,4.8985,1.1107,1.2068,1.2473,0.2647,1.9561,0.882,0.2665,1.4811,1.2887,2.2046,1.4957,0.239
"CN_106265_AGL",29.0248,0.9333,1.3828,2.0802,1.1262,3.2793,4.5294,1.061,1.1508,1.1896,0.2581,1.8492,0.8295,0.2586,1.3629,1.1915,2.0442,1.3918,0.2247
"CN_108369_AGL",29.5255,0.9976,1.4007,2.1122,1.1299,3.238,4.5764,1.0666,1.1497,1.2149,0.2508,1.8745,0.846,0.2533,1.3838,1.2202,2.0718,1.4189,0.2257
"CN_108370_AGL",30.3199,0.9286,1.4924,2.198,1.1917,3.4301,4.7965,1.1508,1.2246,1.2243,0.2671,1.9916,0.8902,0.2717,1.4741,1.2874,2.1715,1.4891,0.2334
"Crimson_AGL",29.1099,0.93,1.3847,2.0601,1.1396,3.2362,4.5212,1.0879,1.172,1.2019,0.254,1.8621,0.837,0.2573,1.3797,1.2049,2.0608,1.4044,0.2256
"DPL_62_AGL",29.498,1.0555,1.4149,2.1284,1.1331,3.276,4.5325,1.06,1.137,1.2027,0.2636,1.8472,0.8325,0.2516,1.3801,1.2163,2.0646,1.4171,0.2254
"Eston_AGL",29.3296,0.9902,1.3957,2.1013,1.1284,3.3182,4.5257,1.0783,1.1274,1.1914,0.2633,1.8548,0.8428,0.261,1.3644,1.2043,2.0408,1.3965,0.2245
"Gudo_AGL",30.8064,1.0164,1.5073,2.3301,1.1844,3.4919,4.8666,1.0882,1.1915,1.2577,0.2735,1.9441,0.912,0.2631,1.4706,1.3018,2.19,1.5031,0.2342
"IG_1046_AGL",30.6124,0.9815,1.4733,2.2092,1.1974,3.5448,4.7173,1.1518,1.2546,1.2454,0.2896,1.9532,0.8955,0.2786,1.4454,1.2687,2.1518,1.4681,0.2412
"IG_1706_AGL",32.5869,1.0291,1.573,2.4582,1.2484,3.8614,5.0988,1.1994,1.3168,1.2999,0.3024,2.0539,0.9303,0.2879,1.5585,1.3557,2.3136,1.5657,0.2551
"IG_1959_AGL",28.0623,0.9023,1.3522,1.9613,1.0732,3.2093,4.3178,1.0586,1.1012,1.1451,0.2706,1.8067,0.815,0.2622,1.3194,1.1627,1.9638,1.3391,0.2182
"IG_4258_AGL",28.0072,1.0196,1.3242,1.9777,1.0426,3.0582,4.2789,1,1.0519,1.1321,0.2426,1.7632,0.7836,0.2325,1.2972,1.1433,1.9413,1.3352,0.2081
"IG_4781_AGL",31.0618,0.9756,1.5142,2.3081,1.1949,3.5099,4.9249,1.1171,1.2356,1.2675,0.2692,1.9862,0.9058,0.2702,1.4868,1.3123,2.2053,1.5142,0.235
"IG_858_AGL",30.0863,0.9833,1.4469,2.248,1.1416,3.4416,4.7122,1.0657,1.2004,1.2255,0.2702,1.8991,0.8591,0.2553,1.4322,1.2559,2.1259,1.4546,0.2311
"ILL_10657_AGL",30.19,0.8953,1.4581,2.2227,1.1839,3.4572,4.7551,1.141,1.2124,1.2288,0.2812,1.9242,0.881,0.2701,1.4361,1.2559,2.1393,1.4585,0.237
"ILL_10748_AGL",28.4702,0.9948,1.3606,2.0292,1.0976,3.082,4.3951,1.0248,1.101,1.1933,0.2463,1.8092,0.8162,0.2495,1.329,1.1748,1.9978,1.3683,0.2138
"ILL_11547_AGL",31.7656,1.0257,1.5381,2.3949,1.225,3.7073,5.006,1.1469,1.2616,1.2698,0.2899,1.9843,0.9201,0.2721,1.524,1.3358,2.259,1.5367,0.2484
"ILL_11548_AGL",30.4111,0.9381,1.4781,2.2022,1.1926,3.4862,4.8049,1.142,1.1842,1.2259,0.2672,1.942,0.8755,0.2756,1.4607,1.2809,2.1691,1.4737,0.2377
"ILL_11553_AGL",29.3677,1.0899,1.369,2.1022,1.1036,3.2121,4.4752,1.0534,1.1237,1.1977,0.2449,1.8241,0.8106,0.2421,1.3489,1.1889,2.0277,1.386,0.217
"ILL_11555_AGL",30.619,1.1481,1.4452,2.267,1.1734,3.3988,4.7019,1.0911,1.1636,1.2471,0.2617,1.8828,0.8665,0.2559,1.4165,1.2534,2.125,1.4522,0.2283
"ILL_11557_AGL",29.9338,1.0349,1.43,2.1871,1.142,3.3225,4.6655,1.0599,1.1768,1.2342,0.2585,1.8861,0.8385,0.2507,1.4076,1.2404,2.1125,1.4481,0.2264
"ILL_11558_AGL",29.965,1.1655,1.3943,2.1526,1.1117,3.2545,4.5289,1.0274,1.1399,1.2104,0.2484,1.8321,0.8201,0.2408,1.3672,1.2031,2.0496,1.4015,0.2236
"ILL_1220_AGL",29.9186,0.9593,1.4462,2.1444,1.1625,3.395,4.6282,1.1082,1.2213,1.2057,0.2768,1.9234,0.8785,0.2723,1.4288,1.2385,2.1073,1.4328,0.2348
"ILL_1553_AGL",30.3511,0.944,1.4926,2.2158,1.1865,3.4792,4.7863,1.1313,1.2127,1.2301,0.2824,1.9538,0.9068,0.2719,1.4587,1.2878,2.1609,1.4807,0.2379
"ILL_1762_AGL",26.53,0.7784,1.2694,1.7787,1.0227,2.9819,4.0531,1.0137,1.0529,1.0996,0.2574,1.7217,0.7492,0.2437,1.249,1.0928,1.8645,1.2672,0.2095
"ILL_1983_AGL",28.6174,1.0942,1.3435,2.0489,1.0537,3.1085,4.3367,0.9982,1.061,1.1497,0.2445,1.7673,0.7962,0.2322,1.3152,1.1567,1.9618,1.3449,0.2126
"ILL_213_AGL",28.914,0.8928,1.363,2.0161,1.0882,3.2908,4.4428,1.0899,1.1124,1.1642,0.2667,1.8284,0.8215,0.262,1.345,1.1768,2.0128,1.3607,0.2229
"ILL_2194_AGL",27.8379,0.9954,1.3054,1.9513,1.0445,3.0211,4.2206,0.9884,1.0358,1.1521,0.2437,1.724,0.7948,0.2423,1.2679,1.1322,1.9065,1.3076,0.2086
"PI_431893_LSP_AGL",30.4376,0.9738,1.4702,2.2378,1.1545,3.5002,4.7463,1.1584,1.1846,1.2081,0.2802,1.9613,0.8811,0.2644,1.4382,1.2536,2.1415,1.4643,0.2336
"ILL_2507_AGL",28.6517,1.027,1.3506,2.0605,1.0708,3.1741,4.4161,1.0352,1.0835,1.1642,0.2423,1.8056,0.8003,0.2404,1.3281,1.1692,1.9948,1.3672,0.2117
"ILL_2580_AGL",30.0632,1.1153,1.4035,2.1854,1.1131,3.3196,4.614,1.0692,1.1418,1.2006,0.2427,1.866,0.842,0.2486,1.3825,1.2078,2.0663,1.41,0.2225
"ILL_28_AGL",27.7199,0.8696,1.3253,1.9758,1.0479,3.03,4.3449,0.9936,1.0812,1.167,0.2421,1.7788,0.8015,0.2409,1.2983,1.1584,1.9534,1.3452,0.2091
"ILL_3025_AGL",27.6401,0.9672,1.3196,1.9576,1.0314,3.0503,4.2813,1.0005,1.049,1.1237,0.234,1.7638,0.7787,0.2322,1.2922,1.1378,1.9361,1.3301,0.2049
"ILL_313_AGL",30.144,1.0138,1.4422,2.2172,1.1353,3.3655,4.7206,1.0751,1.1548,1.2149,0.2567,1.8994,0.8697,0.2562,1.4202,1.2566,2.1164,1.4545,0.2245
"ILL_3347_AGL",27.9132,1.0029,1.3149,1.961,1.0463,3.053,4.2598,1.0047,1.0629,1.1336,0.2448,1.7471,0.7906,0.2398,1.2893,1.1383,1.9309,1.3229,0.2082
"ILL_358_AGL",30.6737,0.9735,1.4853,2.2618,1.1638,3.4515,4.8505,1.1104,1.1807,1.2525,0.2572,1.9352,0.8636,0.2566,1.443,1.29,2.166,1.4874,0.2262
"ILL_3597_AGL",27.807,1.017,1.3063,1.9514,1.0318,3.0066,4.2164,1.0061,1.0668,1.1271,0.24,1.7381,0.7823,0.2329,1.2788,1.1297,1.9157,1.3149,0.2066
"ILL_4164_AGL",28.7247,0.9626,1.3862,2.0996,1.0699,3.2058,4.4627,1.0192,1.0942,1.1676,0.2564,1.8156,0.839,0.2406,1.3595,1.1978,2.0259,1.3925,0.2156
"ILL_4400_AGL",30.414,1.0224,1.443,2.248,1.1579,3.3674,4.7425,1.1127,1.1572,1.2279,0.2629,1.9097,0.8792,0.2604,1.4248,1.2476,2.1267,1.4573,0.2349
"ILL_4605_AGL",28.7647,0.9312,1.3664,2.0653,1.1066,3.1568,4.432,1.0733,1.1356,1.1974,0.2542,1.8456,0.8272,0.2555,1.3527,1.1897,2.0205,1.3928,0.218
"ILL_4609_AGL",28.7487,0.9448,1.3653,2.0416,1.089,3.1897,4.4336,1.0777,1.1079,1.1535,0.2535,1.8208,0.8252,0.2496,1.3408,1.171,2.0059,1.3702,0.2191
"ILL_4665_AGL",30.0582,1.0143,1.4169,2.1443,1.1409,3.2532,4.5963,1.0858,1.1441,1.2144,0.2595,1.8813,0.8534,0.2576,1.393,1.2245,2.0821,1.4246,0.2296
"ILL_4671_AGL",30.7612,1.014,1.4429,2.2378,1.1592,3.308,4.7533,1.1303,1.1898,1.2569,0.2532,1.9231,0.8677,0.259,1.4318,1.2578,2.1444,1.4655,0.2322
"ILL_4768_AGL",29.4258,0.9167,1.4118,2.1603,1.1271,3.3245,4.561,1.0603,1.1489,1.1963,0.2663,1.8349,0.8505,0.2601,1.3958,1.2145,2.0838,1.4152,0.2295
"ILL_4782_AGL",29.0011,0.9548,1.3772,2.0782,1.1035,3.2569,4.4622,1.0745,1.124,1.1736,0.26,1.8233,0.8339,0.2617,1.3559,1.1871,2.0287,1.3815,0.2227
"ILL_4783_AGL",29.3878,0.8886,1.3952,2.0765,1.1338,3.2189,4.6127,1.0933,1.1691,1.2087,0.2528,1.9031,0.8571,0.2659,1.393,1.2229,2.0819,1.4293,0.2252
"ILL_4804_AGL",29.4877,1.0403,1.378,2.0618,1.1192,3.2353,4.5581,1.0541,1.182,1.2155,0.2431,1.8751,0.8326,0.2572,1.3727,1.2031,2.0658,1.4065,0.2227
"ILL_4875_AGL",28.6128,0.9148,1.3933,2.0064,1.1082,3.2695,4.4733,1.0834,1.1473,1.1563,0.259,1.8836,0.8359,0.2659,1.3711,1.202,2.0331,1.3858,0.2174
"ILL_4956_AGL",31.6734,0.9778,1.5175,2.3321,1.2211,3.6025,5.0231,1.1666,1.2447,1.2814,0.2747,2.0268,0.9218,0.2842,1.495,1.3169,2.2412,1.528,0.2379
"ILL_5058_AGL",29.6084,0.939,1.4324,2.1507,1.1621,3.3478,4.6817,1.0662,1.21,1.2354,0.2589,1.902,0.8525,0.2607,1.4176,1.2519,2.1139,1.4464,0.2286
"ILL_5151_AGL",31.2263,1.0567,1.4976,2.3499,1.2051,3.6352,4.9495,1.1476,1.2119,1.2539,0.2734,1.9642,0.8971,0.2763,1.4698,1.2836,2.2145,1.5012,0.2374
"ILL_5209_AGL",29.3691,0.915,1.4308,2.0928,1.1335,3.3559,4.6207,1.0888,1.1444,1.2,0.2657,1.8965,0.8639,0.2646,1.3875,1.239,2.0793,1.4229,0.2208
"ILL_5480_AGL",30.6953,1.0005,1.4717,2.2129,1.2064,3.4869,4.8032,1.1407,1.2602,1.2587,0.2639,1.9558,0.8876,0.2715,1.4609,1.2853,2.1853,1.4905,0.24
"ILL_5639_AGL",27.5596,0.9061,1.3187,1.9249,1.035,3.098,4.3216,0.9781,1.0838,1.1648,0.2299,1.7843,0.7708,0.2455,1.2912,1.1539,1.9498,1.3357,0.2031
"ILL_5722_AGL",29.2152,0.9435,1.4266,2.2051,1.1113,3.2971,4.6419,1.0526,1.1505,1.201,0.258,1.8811,0.8407,0.241,1.3961,1.2236,2.0844,1.4345,0.2182
"ILL_5883_AGL",30.4844,0.9874,1.4889,2.2872,1.1531,3.4754,4.8524,1.1037,1.1691,1.2407,0.2632,1.9416,0.8804,0.2544,1.4379,1.2882,2.1615,1.4887,0.222
"ILL_5888_AGL",26.345,0.9159,1.2465,1.7802,1.0211,2.9162,4.0137,0.9963,1.0475,1.1141,0.2391,1.7016,0.7626,0.2408,1.2321,1.0934,1.8412,1.2662,0.2008
"ILL_5945_AGL",29.8586,1.0016,1.4379,2.2009,1.1575,3.4657,4.6983,1.1049,1.1724,1.1994,0.2539,1.8812,0.859,0.2672,1.4158,1.2295,2.1153,1.4298,0.2328
"ILL_6002_AGL",30.2095,0.9307,1.4655,2.2318,1.1791,3.4273,4.7891,1.1379,1.1869,1.2309,0.2662,1.9442,0.8755,0.2653,1.4432,1.2716,2.1531,1.4805,0.2306
"ILL_618_AGL",29.9701,0.9363,1.4234,2.1212,1.1314,3.4479,4.6476,1.1077,1.1854,1.2119,0.2671,1.918,0.8539,0.2703,1.4046,1.2356,2.0925,1.4177,0.2302
"ILL_6182_AGL",30.3763,1.0447,1.4381,2.2126,1.1515,3.4298,4.7469,1.1028,1.1775,1.2144,0.2569,1.9136,0.8659,0.2571,1.4247,1.252,2.1262,1.4541,0.2278
"ILL_6211_AGL",29.7614,0.9387,1.4266,2.1691,1.1588,3.34,4.6903,1.095,1.1829,1.2307,0.258,1.91,0.8691,0.2624,1.4189,1.2496,2.1126,1.4445,0.2279
"ILL_624_AGL",29.361,0.9714,1.3773,2.1043,1.1101,3.3287,4.5842,1.0662,1.1555,1.1917,0.2516,1.8688,0.8323,0.2566,1.374,1.199,2.0579,1.3999,0.2237
"ILL_6821_AGL",28.0645,0.8331,1.3859,2,1.0877,3.2254,4.4646,1.0386,1.105,1.1568,0.2582,1.8469,0.8178,0.2571,1.35,1.1999,2.0146,1.3863,0.2121
"ILL_6853_AGL",29.0176,0.911,1.3846,2.0766,1.115,3.2342,4.5683,1.0766,1.1365,1.1968,0.2565,1.8586,0.8485,0.2585,1.363,1.21,2.0442,1.4027,0.2207
"ILL_7089_AGL",29.7455,0.9671,1.4419,2.1735,1.1383,3.4227,4.6503,1.0852,1.1657,1.2024,0.275,1.8982,0.8659,0.2713,1.4103,1.2485,2.0996,1.4399,0.2259
"ILL_7558_AGL",28.2892,0.9178,1.3558,2.035,1.0868,3.1657,4.4167,1.0434,1.1174,1.182,0.2521,1.8188,0.8294,0.2562,1.3364,1.1845,2.0048,1.3779,0.2145
"ILL_7663_AGL",29.9788,1.0413,1.4415,2.1871,1.1519,3.3832,4.677,1.0981,1.1765,1.2155,0.264,1.9031,0.8758,0.263,1.4068,1.2444,2.107,1.4447,0.2272
"ILL_7668_AGL",31.1141,1.2435,1.4445,2.3038,1.1677,3.4518,4.7553,1.1137,1.1741,1.2292,0.2555,1.8897,0.8704,0.2526,1.4206,1.2461,2.1389,1.4544,0.2317
"ILL_7716_AGL",28.5744,0.8774,1.3785,2.043,1.1205,3.2288,4.4481,1.0626,1.1796,1.2057,0.2642,1.8567,0.8122,0.2575,1.363,1.2093,2.0353,1.4054,0.2191
"ILL_7747_AGL",29.6749,0.9132,1.4294,2.1651,1.158,3.3889,4.7282,1.1081,1.176,1.2063,0.2624,1.9051,0.8657,0.2603,1.4217,1.2465,2.1202,1.4478,0.2263
"ILL_7946_AGL",27.7741,0.8665,1.3562,1.9515,1.0644,3.1117,4.333,1.0065,1.0808,1.1524,0.2601,1.7911,0.8157,0.2451,1.3169,1.1835,1.9647,1.3548,0.2093
"ILL_7978_AGL",30.1724,0.9839,1.4443,2.2111,1.1868,3.4426,4.7194,1.1305,1.2281,1.2304,0.2752,1.9066,0.8877,0.2713,1.4333,1.2514,2.1372,1.4528,0.2383
"ILL_7979_AGL",29.409,1.0657,1.3874,2.124,1.12,3.2677,4.5516,1.078,1.1371,1.19,0.2495,1.8506,0.8321,0.2507,1.3655,1.2001,2.0539,1.4031,0.2197
"ILL_8007_AGL",29.1232,0.9466,1.3688,2.071,1.0817,3.1961,4.5175,1.0624,1.0978,1.1756,0.2475,1.8427,0.8189,0.246,1.3567,1.2069,2.0277,1.3958,0.2139
"ILL_8009_AGL",29.077,1.0164,1.3804,2.1081,1.0974,3.33,4.54,1.0589,1.1195,1.1706,0.2546,1.8372,0.8212,0.2475,1.3628,1.2054,2.0404,1.3991,0.2168
"ILL_8010_AGL",30.79,1.1841,1.4311,2.3235,1.152,3.4702,4.7598,1.0546,1.175,1.2415,0.2572,1.876,0.8543,0.2494,1.4124,1.2403,2.1294,1.4539,0.2279
"ILL_8072_AGL",28.1199,0.8819,1.3387,1.9838,1.0781,3.0794,4.3883,1.0266,1.1267,1.1828,0.2419,1.8082,0.798,0.2467,1.325,1.1787,1.9899,1.3617,0.2115
"ILL_8174_AGL",29.4488,0.8819,1.4221,2.0967,1.1754,3.3249,4.651,1.1223,1.215,1.2243,0.261,1.9256,0.878,0.2741,1.4143,1.2419,2.1121,1.4386,0.2299
"ILL_8595_AGL",30.1446,0.9411,1.4281,2.1709,1.2003,3.4584,4.7472,1.1592,1.227,1.2359,0.2622,1.9316,0.8856,0.2822,1.431,1.2501,2.1395,1.4492,0.2381
"ILL_9_AGL",28.3966,0.9498,1.3547,2.0273,1.0894,3.1554,4.4092,1.0125,1.1164,1.1836,0.2502,1.7926,0.8243,0.2536,1.3276,1.1851,1.993,1.3624,0.2138
"ILL_975_AGL",28.2166,0.8827,1.3869,1.9977,1.0829,3.1807,4.4769,1.0079,1.1081,1.1621,0.25,1.8396,0.828,0.2545,1.351,1.2054,2.0198,1.3876,0.2118
"ILL_9888_AGL",31.0482,0.9682,1.532,2.3035,1.1965,3.5192,4.9197,1.1499,1.1959,1.233,0.273,1.9904,0.9008,0.2618,1.4994,1.3243,2.2147,1.5246,0.238
"ILL_9932_AGL",29.1956,1.0051,1.3781,2.1185,1.0906,3.2707,4.4975,1.0362,1.1139,1.1882,0.2543,1.8208,0.8235,0.2468,1.3567,1.1966,2.0279,1.3886,0.2174
"ILL_9945_AGL",32.0164,1.109,1.542,2.4352,1.1974,3.6334,5.0482,1.1382,1.2086,1.2706,0.2711,1.9946,0.9133,0.2583,1.5083,1.3368,2.2577,1.5481,0.2361
"ILL_9977_AGL",29.2507,1.0424,1.3858,2.1194,1.0922,3.2319,4.5169,1.0449,1.1214,1.1798,0.2499,1.8377,0.8198,0.2405,1.3595,1.1979,2.0336,1.3978,0.2163
"ILL_9997_AGL",29.1793,1.0853,1.3824,2.0872,1.1072,3.2234,4.4653,1.0475,1.1253,1.189,0.2473,1.8226,0.8082,0.2448,1.3508,1.1968,2.0272,1.387,0.2175
"ILWL_118_AGL",27.8485,0.9975,1.3075,1.9066,1.046,3.0712,4.2697,1.0216,1.0717,1.1532,0.2396,1.7706,0.7897,0.2482,1.281,1.1484,1.9395,1.3276,0.2053
"Indianhead_AGL",31.2485,0.91,1.5335,2.2764,1.2225,3.6011,4.918,1.1884,1.2482,1.2279,0.2662,2.0097,0.9174,0.2785,1.5173,1.3106,2.2453,1.516,0.2405
"IPL_220_AGL",29.8472,1.0915,1.4179,2.1699,1.1295,3.3482,4.6427,1.0757,1.1418,1.1962,0.2531,1.881,0.8404,0.2497,1.3881,1.2222,2.0841,1.428,0.2214
"Laird_AGL",29.1819,0.9066,1.4167,2.0947,1.1473,3.2512,4.5868,1.088,1.1933,1.2162,0.2584,1.8926,0.8676,0.26,1.4068,1.2404,2.0898,1.4338,0.2267
"LIRL.22.46_AGL",29.7886,1.0602,1.3976,2.1345,1.1428,3.3218,4.5608,1.0895,1.1731,1.2206,0.2593,1.8704,0.85,0.263,1.3854,1.2192,2.0693,1.4146,0.2253
"PI_163589_AGL",29.8344,0.9816,1.4224,2.1719,1.1294,3.2644,4.6498,1.0735,1.1473,1.2318,0.2473,1.8907,0.8335,0.2496,1.4014,1.2384,2.0955,1.4391,0.2237
"PI_169534_LSP_AGL",29.0259,0.9061,1.4055,2.119,1.1234,3.2907,4.558,1.0907,1.1511,1.1824,0.2661,1.8673,0.8547,0.2556,1.3888,1.2125,2.0615,1.4175,0.224
"PI_175754_LSP_AGL",31.3991,1.0464,1.5063,2.3418,1.2054,3.5601,4.8852,1.142,1.2518,1.2698,0.281,1.9778,0.8961,0.2609,1.4841,1.2955,2.2076,1.5053,0.2409
"PI_177430_LSP_AGL",29.1922,1.0035,1.3876,2.0929,1.1206,3.3066,4.5263,1.0645,1.1493,1.1983,0.2595,1.8566,0.844,0.258,1.3675,1.1955,2.0507,1.3943,0.2243
"PI_178939_LSP_AGL",28.6862,0.8684,1.4142,2.03,1.1303,3.2599,4.4982,1.0987,1.1476,1.1738,0.2701,1.8832,0.8533,0.2622,1.3802,1.2174,2.048,1.4112,0.222
"PI_178952_AGL",30.7074,1.0078,1.4873,2.241,1.1941,3.539,4.7779,1.1387,1.2268,1.2289,0.282,1.9557,0.8869,0.2726,1.4573,1.2732,2.1664,1.4757,0.2388
"PI_178971_LSP_AGL",29.5701,0.9158,1.4273,2.1155,1.1378,3.4399,4.6105,1.1141,1.1748,1.2023,0.2774,1.9059,0.8523,0.2743,1.3902,1.228,2.0786,1.4152,0.2282
"PI_179324_LSP_AGL",29.021,0.9452,1.404,2.0886,1.1075,3.2994,4.5243,1.0423,1.129,1.1886,0.2645,1.8523,0.8559,0.263,1.3749,1.2185,2.0505,1.4019,0.2182
"PI_179330_AGL",28.9511,0.8959,1.4183,2.0559,1.1456,3.3641,4.48,1.1042,1.1638,1.1844,0.2833,1.8599,0.8825,0.279,1.3752,1.217,2.0509,1.401,0.227
"PI_181771_LSP_AGL",30.1179,0.9376,1.4498,2.1845,1.1595,3.5111,4.6916,1.1364,1.2063,1.2259,0.2772,1.9378,0.8667,0.2753,1.4248,1.2506,2.1202,1.4419,0.2338
"PI_181886_LSP_AGL",28.1418,0.8592,1.3387,1.9824,1.0799,3.133,4.4313,1.0292,1.1094,1.1859,0.2459,1.8176,0.816,0.2549,1.3216,1.1763,1.9909,1.3666,0.2144
"PI_182217_LSP_AGL",31.1322,1.0462,1.4819,2.2704,1.1928,3.5952,4.8275,1.1232,1.2542,1.2619,0.2831,1.9692,0.8938,0.2772,1.4607,1.2742,2.1813,1.4734,0.2455
"PI_193546_AGL",30.465,1.0395,1.4602,2.2635,1.1475,3.4606,4.8055,1.0987,1.1747,1.2413,0.2566,1.9183,0.8675,0.2499,1.4373,1.2725,2.1545,1.4734,0.2268
"PI_193547_LSP_AGL",28.5153,0.8678,1.3843,2.038,1.105,3.3283,4.4464,1.0818,1.1393,1.1606,0.273,1.8593,0.8167,0.2635,1.3607,1.1827,2.0195,1.3732,0.2257
"PI_193548_LSP_AGL",30.7114,0.9613,1.4774,2.2622,1.181,3.5672,4.8594,1.1188,1.201,1.2272,0.26,1.9429,0.878,0.2725,1.4658,1.2729,2.1779,1.468,0.2392
"PI_193550_AGL",31.4752,1.0048,1.5156,2.3522,1.2081,3.6591,4.9617,1.154,1.2326,1.2477,0.2625,1.9806,0.8971,0.276,1.502,1.2973,2.2283,1.5027,0.2442
"PI_207492_LSP_AGL",29.5689,0.8595,1.4279,2.1343,1.1508,3.5042,4.6234,1.1459,1.1963,1.2086,0.2807,1.9238,0.8578,0.2812,1.3971,1.2246,2.0881,1.4167,0.2309
"PI_518731_LSP_AGL",30.1914,1.0057,1.4511,2.2232,1.1514,3.4456,4.7602,1.0954,1.2108,1.226,0.265,1.9299,0.8673,0.2618,1.4328,1.2613,2.1362,1.4623,0.228
"PI_209858_LSP_AGL",31.3059,1.1938,1.4908,2.3237,1.1818,3.4529,4.8415,1.1135,1.2023,1.252,0.2572,1.9477,0.8823,0.2533,1.4497,1.2796,2.1754,1.4874,0.233
"PI_211052_LSP_AGL",29.4395,0.9624,1.413,2.1323,1.1166,3.4528,4.6267,1.0896,1.1723,1.1766,0.2609,1.8963,0.8436,0.2692,1.3905,1.2075,2.0702,1.401,0.2263
"PI_212100_LSP_AGL",28.6831,0.8628,1.3892,2.039,1.1048,3.3408,4.5163,1.0768,1.1492,1.1664,0.2706,1.8716,0.82,0.2624,1.3628,1.1943,2.0345,1.3837,0.2221
"PI_212610_LSP_AGL",28.683,0.8352,1.3951,2.0121,1.1132,3.3407,4.5179,1.0988,1.1551,1.1718,0.27,1.8857,0.8355,0.2718,1.3764,1.212,2.0428,1.3939,0.2231
"PI_217949_LSP_AGL",29.0191,1.0975,1.3633,2.1119,1.0935,3.2949,4.5095,1.0239,1.1136,1.1833,0.2293,1.8193,0.8052,0.2464,1.35,1.1819,2.0346,1.3826,0.2152
"PI_238758_LSP_AGL",30.8447,0.9088,1.4947,2.2164,1.218,3.4836,4.8358,1.1476,1.2801,1.267,0.2738,1.9822,0.8896,0.2685,1.4825,1.3089,2.2072,1.5102,0.2442
"PI_244046_AGL",32.9463,1.1119,1.5775,2.5328,1.2326,3.8349,5.152,1.1737,1.298,1.2936,0.2892,2.0506,0.9454,0.2815,1.5592,1.3536,2.3073,1.5688,0.2499
"PI_250156_LSP_AGL",28.1533,0.8878,1.35,1.9685,1.0724,3.1399,4.3578,1.0224,1.0894,1.1458,0.2536,1.8009,0.7895,0.2469,1.3235,1.1627,1.9788,1.3533,0.2139
"PI_250158_LSP_AGL",28.1195,1.0752,1.3021,1.9737,1.0438,3.0914,4.2689,1.001,1.0719,1.1425,0.2352,1.7481,0.7739,0.2387,1.2816,1.1311,1.9333,1.3172,0.2075
"PI_251248_LSP_AGL",32.8662,1.1648,1.5722,2.5131,1.2523,3.8616,5.1072,1.1574,1.3058,1.2881,0.2946,2.0315,0.9358,0.2837,1.5411,1.3384,2.2867,1.552,0.2535
"PI_273664_LSP_AGL",28.4037,0.7575,1.3969,2.0166,1.1065,3.235,4.5161,1.1076,1.1344,1.1622,0.2647,1.8738,0.8177,0.2517,1.3679,1.2047,2.0457,1.4008,0.2197
"PI_280686_AGL",29.6062,0.9707,1.4197,2.1782,1.1355,3.421,4.5981,1.073,1.1875,1.2015,0.2776,1.8777,0.8544,0.2685,1.3958,1.2181,2.0832,1.4265,0.229
"PI_283604_LSP_AGL",31.0812,1.0308,1.4689,2.3331,1.1822,3.4616,4.911,1.1256,1.2073,1.2821,0.2515,1.9501,0.8889,0.2698,1.4583,1.2822,2.1905,1.4913,0.2329
"PI_289066_AGL",30.9746,1.1555,1.4782,2.2576,1.181,3.4383,4.7848,1.1135,1.2002,1.2397,0.2571,1.9289,0.8787,0.2575,1.4331,1.2682,2.1508,1.4664,0.2315
"PI_289073_LSP_AGL",29.3336,0.9321,1.4323,2.1304,1.1329,3.2842,4.6099,1.0709,1.148,1.1814,0.2491,1.8758,0.834,0.2498,1.4108,1.239,2.0829,1.4315,0.2202
"PI_289079_LSP_AGL",29.3584,0.9782,1.4052,2.092,1.1227,3.2536,4.6017,1.0566,1.1471,1.1806,0.2401,1.8771,0.8274,0.2529,1.3933,1.2198,2.0642,1.4125,0.2226
"PI_290716_LSP_AGL",29.2255,0.9202,1.3784,2.0625,1.1227,3.3678,4.5082,1.1008,1.1794,1.1946,0.2655,1.874,0.8251,0.2722,1.3645,1.1859,2.043,1.3816,0.2277
"PI_297285_LSP_AGL",30.7402,0.933,1.4691,2.2285,1.1887,3.449,4.8449,1.1472,1.2197,1.2522,0.2695,1.964,0.8836,0.2671,1.4603,1.2885,2.1801,1.492,0.2385
"PI_297287_AGL",31.3092,0.9725,1.4831,2.3312,1.2158,3.5559,4.9256,1.171,1.2172,1.2713,0.2683,1.9836,0.9045,0.2809,1.4787,1.2849,2.2088,1.5053,0.2431
"PI_297754_LSP_AGL",27.9949,0.8943,1.3519,1.9491,1.0746,3.1541,4.3326,1.0384,1.1047,1.1481,0.2595,1.8175,0.8081,0.2518,1.3244,1.1739,1.9758,1.3596,0.2122
"PI_297767_AGL",29.7569,0.9788,1.4387,2.1764,1.1485,3.2915,4.702,1.0551,1.1798,1.2272,0.2552,1.9028,0.8639,0.2536,1.4142,1.2492,2.1148,1.4493,0.2278
"PI_297772_LSP_AGL",29.8538,1.0895,1.424,2.2089,1.1353,3.3892,4.6642,1.0739,1.1667,1.2155,0.2549,1.8679,0.8685,0.2588,1.405,1.2349,2.1048,1.4333,0.2242
"PI_297783_AGL",30.1293,0.9641,1.4389,2.2139,1.147,3.4576,4.7368,1.1058,1.1689,1.2056,0.2579,1.9,0.8605,0.2678,1.4227,1.239,2.1301,1.4378,0.2303
"PI_297787_LSP_AGL",29.4766,0.8959,1.4169,2.0898,1.1274,3.4354,4.6105,1.1186,1.1691,1.1921,0.27,1.902,0.8476,0.2772,1.3883,1.2228,2.0741,1.4047,0.2266
"PI_298023_LSP_AGL",31.112,1.0399,1.5046,2.3124,1.2161,3.5857,4.8905,1.1511,1.224,1.2505,0.2846,1.9776,0.9121,0.2783,1.4756,1.2951,2.1992,1.5011,0.242
"PI_298121_LSP_AGL",30.8439,1.0375,1.4653,2.2605,1.1853,3.5209,4.8632,1.1424,1.2053,1.2495,0.2589,1.9635,0.8799,0.2714,1.4494,1.2755,2.1799,1.4847,0.2318
"PI_298122_LSP_AGL",28.6632,0.8417,1.3973,2.0809,1.1088,3.2275,4.5626,1.0447,1.1291,1.1752,0.239,1.8639,0.8214,0.254,1.3914,1.2178,2.0618,1.41,0.2141
"PI_298357_LSP_AGL",32.4521,1.1249,1.54,2.4266,1.2434,3.7223,5.0104,1.1899,1.2815,1.2796,0.2847,2.0349,0.9241,0.2778,1.5258,1.3189,2.2646,1.5385,0.2505
"PI_298631_LSP_AGL",29.9087,1.0131,1.4131,2.1679,1.1513,3.2773,4.6644,1.0693,1.1823,1.2374,0.2434,1.8849,0.8534,0.263,1.4035,1.2318,2.1069,1.4333,0.2286
"PI_298644_LSP_AGL",30.4103,0.9751,1.4433,2.2201,1.1766,3.3328,4.7829,1.1162,1.2191,1.2572,0.2459,1.9226,0.8752,0.2628,1.427,1.2574,2.1538,1.4653,0.2299
"PI_298645_AGL",30.2822,0.9978,1.4298,2.1739,1.1461,3.3947,4.7306,1.0887,1.1804,1.2395,0.2492,1.9048,0.8549,0.2637,1.408,1.2487,2.1267,1.4455,0.2268
"PI_298921_AGL",28.8177,0.7771,1.4249,2.0913,1.1312,3.289,4.6846,1.0741,1.1886,1.2161,0.2531,1.9289,0.8587,0.2625,1.4083,1.2477,2.1011,1.4457,0.2189
"PI_298922_LSP_AGL",29.2209,0.98,1.3758,2.0662,1.1118,3.2838,4.5625,1.0663,1.1436,1.1963,0.2448,1.8694,0.8217,0.2496,1.3641,1.206,2.0528,1.4039,0.217
"PI_298923_LSP_AGL",32.8394,1.2341,1.5447,2.4828,1.2466,3.6753,5.0794,1.1877,1.2743,1.3055,0.2745,2.0205,0.9366,0.2726,1.5192,1.3289,2.2716,1.5478,0.2502
"PI_299116_LSP_AGL",27.3917,0.8597,1.3064,1.9098,1.0605,3.0872,4.2582,1.0152,1.0796,1.1419,0.234,1.7664,0.7649,0.2433,1.2944,1.1419,1.9328,1.3265,0.2075
"PI_299120_LSP_AGL",28.0032,0.8919,1.3347,1.9669,1.0472,3.1507,4.3879,1.0039,1.0891,1.1764,0.2342,1.8091,0.7791,0.2459,1.3085,1.1707,1.974,1.352,0.2051
"PI_299121_LSP_AGL",28.6283,0.8766,1.3766,2.0525,1.0812,3.2609,4.5107,1.0449,1.1245,1.1932,0.2471,1.8501,0.8053,0.2512,1.3484,1.2007,2.0274,1.3927,0.215
"PI_299126_LSP_AGL",29.253,1.0211,1.3677,2.0895,1.1194,3.2687,4.5505,1.0868,1.1263,1.2179,0.2338,1.8436,0.8139,0.257,1.3444,1.1937,2.0452,1.3912,0.2183
"PI_299163_LSP_AGL",30.7188,1.0031,1.4598,2.2756,1.1812,3.4323,4.8337,1.1348,1.2053,1.2604,0.256,1.9541,0.8932,0.2681,1.448,1.2673,2.1653,1.4782,0.2343
"PI_299164_LSP_AGL",28.9499,0.9876,1.3501,2.0377,1.11,3.1625,4.436,1.0641,1.1538,1.2016,0.2454,1.8346,0.83,0.2608,1.3429,1.1758,2.0111,1.3713,0.2229
"PI_299165_AGL",29.1224,0.9254,1.3804,2.0428,1.1215,3.1849,4.5368,1.083,1.1379,1.2106,0.2458,1.8765,0.8316,0.2557,1.3637,1.2046,2.0481,1.3998,0.2196
"PI_299177_LSP_AGL",29.7856,0.9882,1.4175,2.1048,1.1525,3.3117,4.5959,1.1142,1.198,1.2192,0.2573,1.9073,0.854,0.2607,1.4018,1.2309,2.0881,1.4267,0.2299
"PI_299237_LSP_AGL",29.9409,0.915,1.4459,2.1925,1.1578,3.5515,4.7307,1.1248,1.1945,1.2246,0.2824,1.9347,0.8859,0.2793,1.4215,1.2543,2.1311,1.4451,0.2325
"PI_299289_AGL",30.866,1.0583,1.4905,2.3042,1.1837,3.5657,4.7914,1.1375,1.2524,1.2402,0.2843,1.9737,0.9019,0.2676,1.4733,1.2781,2.1806,1.4967,0.239
"PI_299312_AGL",32.28,1.0226,1.5265,2.4249,1.2425,3.6513,5.1184,1.2001,1.2865,1.3135,0.2665,2.0397,0.9278,0.2776,1.5238,1.331,2.2759,1.548,0.248
"PI_299345_AGL",30.7872,1.0663,1.4552,2.2385,1.1738,3.3909,4.7939,1.1137,1.2164,1.2569,0.2498,1.9409,0.8772,0.2596,1.4419,1.2645,2.1579,1.4696,0.2366
"PI_299351_LSP_AGL",28.8735,0.8857,1.3912,2.061,1.1145,3.3943,4.5226,1.092,1.1853,1.1787,0.2747,1.8894,0.8499,0.2735,1.3749,1.1974,2.0474,1.3884,0.2271
"PI_299366_LSP_AGL",29.0349,0.9456,1.3684,2.0903,1.1047,3.193,4.5739,1.0712,1.1415,1.209,0.2377,1.8616,0.8199,0.2443,1.3661,1.1959,2.0562,1.4017,0.2193
"PI_299375_LSP_AGL",29.179,0.965,1.3944,2.0832,1.1146,3.2601,4.5813,1.0796,1.1584,1.203,0.2492,1.8828,0.8526,0.2558,1.3776,1.2137,2.0597,1.4067,0.2227
"PI_300250_LSP_AGL",29.7772,1.0034,1.4436,2.2076,1.1206,3.4191,4.7243,1.0765,1.1588,1.2173,0.257,1.9057,0.8721,0.2517,1.4197,1.2558,2.122,1.4556,0.2206
"PI_302398_LSP_AGL",26.1348,0.9359,1.246,1.8016,0.9992,2.8632,3.9995,0.9355,1.0252,1.1208,0.2343,1.6685,0.766,0.2324,1.2186,1.0946,1.8442,1.2656,0.1985
"PI_308614_LSP_AGL",29.4289,1.0256,1.4196,2.1558,1.1268,3.3827,4.6285,1.0802,1.1458,1.1944,0.2534,1.8722,0.8657,0.2565,1.3942,1.2267,2.0852,1.4212,0.2229
"PI_311107_LSP_AGL",29.3639,1.008,1.391,2.1174,1.1059,3.2263,4.5621,1.0503,1.1213,1.2109,0.2397,1.8592,0.8194,0.2436,1.3655,1.2092,2.0552,1.4039,0.2197
"PI_312175_LSP_AGL",29.8233,0.8394,1.4613,2.1504,1.1578,3.4223,4.7176,1.1236,1.1828,1.2071,0.2761,1.9583,0.8715,0.2636,1.4396,1.2668,2.1325,1.4657,0.2325
"PI_320935_LSP_AGL",28.0787,0.9514,1.343,1.9203,1.084,3.1705,4.2959,1.0375,1.1402,1.1669,0.2578,1.8211,0.8251,0.2593,1.3097,1.1562,1.9665,1.3406,0.2184
"PI_320936_LSP_AGL",30.2684,0.8761,1.4847,2.2364,1.1807,3.4599,4.77,1.1666,1.2014,1.2093,0.2564,1.9476,0.903,0.2727,1.4555,1.2595,2.1627,1.4772,0.2311
"PI_320937_LSP_AGL",30.755,0.9449,1.5303,2.2911,1.2003,3.4992,4.813,1.1252,1.2588,1.2355,0.2735,1.9866,0.8983,0.2589,1.5032,1.3059,2.2055,1.5127,0.2349
"CN_105866_AGL",29.7234,0.9802,1.44,2.2012,1.1298,3.2956,4.6947,1.0545,1.1866,1.2338,0.2514,1.9121,0.845,0.247,1.4177,1.2417,2.1213,1.4513,0.2223
"PI_320941_LSP_AGL",29.3139,0.9436,1.4199,2.074,1.1308,3.3748,4.5487,1.1126,1.1667,1.179,0.2695,1.9078,0.8518,0.2717,1.3902,1.2137,2.0713,1.4054,0.2253
"PI_320945_LSP_AGL",29.1127,1.0307,1.4046,2.1049,1.1289,3.2355,4.5285,1.0784,1.1382,1.1979,0.2464,1.871,0.8412,0.2561,1.3748,1.2085,2.0627,1.4148,0.2153
"PI_320946_LSP_AGL",27.8999,0.9327,1.3458,1.9693,1.0625,3.1203,4.3448,1.0097,1.0537,1.1476,0.251,1.788,0.8095,0.25,1.2994,1.1606,1.9543,1.3429,0.2093
"PI_320952_LSP_AGL",31.5243,0.8881,1.5748,2.3416,1.2526,3.6942,4.9965,1.2154,1.2982,1.2493,0.2782,2.0497,0.9345,0.2827,1.5521,1.3423,2.2927,1.555,0.2447
"PI_320953_LSP_AGL",29.7524,0.7825,1.4716,2.1708,1.1655,3.4671,4.7229,1.1529,1.2054,1.1941,0.2699,1.9553,0.8839,0.2732,1.4582,1.2605,2.157,1.4683,0.2325
"PI_320954_LSP_AGL",29.5296,0.8713,1.4425,2.13,1.1431,3.2697,4.6482,1.074,1.1753,1.2028,0.2482,1.9007,0.8473,0.2579,1.4268,1.2478,2.113,1.4418,0.2229
"PI_329157_LSP_AGL",31.0521,0.9325,1.5307,2.2875,1.211,3.5536,4.9506,1.181,1.2465,1.2561,0.2795,2.031,0.9353,0.2835,1.4989,1.3148,2.2284,1.5278,0.2375
"PI_329167_LSP_AGL",32.0339,1.0542,1.5494,2.3929,1.2409,3.6435,5.0406,1.1829,1.2825,1.2777,0.2825,2.0335,0.9443,0.2798,1.529,1.338,2.2614,1.547,0.2476
"PI_339266_LSP_AGL",29.9128,0.9313,1.4489,2.1709,1.1661,3.3663,4.6807,1.1171,1.2061,1.2407,0.2672,1.9274,0.8644,0.2641,1.4209,1.2528,2.1273,1.4563,0.2321
"PI_339283_LSP_AGL",28.6576,0.9658,1.3816,2.0659,1.0994,3.2389,4.4613,1.0489,1.1167,1.1747,0.2551,1.8234,0.8342,0.2557,1.352,1.1834,2.0297,1.3838,0.2188
"PI_339285_AGL",30.037,1.0629,1.4207,2.1613,1.1358,3.4095,4.6815,1.0909,1.1563,1.2258,0.254,1.8914,0.8654,0.27,1.3981,1.2339,2.1043,1.4218,0.2253
"PI_339289_LSP_AGL",29.5425,0.9497,1.4225,2.1639,1.1387,3.3895,4.6212,1.0896,1.1875,1.2038,0.2762,1.8908,0.8683,0.2692,1.4033,1.2258,2.0826,1.4219,0.2324
"PI_339292_LSP_AGL",31.8164,1.0496,1.5481,2.3729,1.2409,3.7264,5.0008,1.1884,1.2608,1.2644,0.2908,2.0244,0.9327,0.2875,1.5121,1.3224,2.2507,1.5313,0.2475
"PI_339296_AGL",28.5466,0.8652,1.3777,2.0127,1.1195,3.3326,4.4239,1.0873,1.1822,1.1709,0.2719,1.8574,0.8227,0.2674,1.3639,1.1905,2.0247,1.3819,0.2249
"PI_343026_LSP_AGL",30.3899,0.9909,1.4427,2.1563,1.1618,3.4894,4.7273,1.1445,1.1956,1.2281,0.2676,1.9411,0.8709,0.2786,1.418,1.2446,2.1245,1.4321,0.2329
"PI_345627_LSP_AGL",30.454,0.9998,1.4723,2.2004,1.1825,3.4044,4.792,1.1224,1.2356,1.2437,0.2622,1.9755,0.8992,0.2681,1.4527,1.2718,2.1668,1.4822,0.2353
"PI_358602_LSP_AGL",29.8916,1.0248,1.425,2.1662,1.147,3.4117,4.6284,1.1002,1.1982,1.2105,0.264,1.8973,0.8475,0.2608,1.4061,1.2308,2.0973,1.4335,0.2289
"PI_368647_LSP_AGL",29.8005,0.9594,1.4192,2.1277,1.136,3.3702,4.637,1.1108,1.1836,1.2092,0.2578,1.9036,0.8504,0.2613,1.4004,1.2383,2.0899,1.4308,0.2257
"PI_368651_LSP_AGL",29.6308,0.9764,1.4092,2.1419,1.1361,3.3984,4.6272,1.1164,1.1622,1.1884,0.2579,1.8889,0.8411,0.2622,1.3897,1.213,2.0825,1.4164,0.2266
"PI_370481_LSP_AGL",30.5415,0.8571,1.4933,2.2742,1.1954,3.4574,4.9299,1.155,1.1957,1.2511,0.2646,1.9932,0.8987,0.2718,1.4712,1.2911,2.1975,1.5057,0.2332
"PI_374116_LSP_AGL",28.3719,0.9284,1.3708,2.0108,1.0927,3.1163,4.4192,1.0143,1.1096,1.1546,0.236,1.8195,0.8045,0.2402,1.3582,1.1933,2.0065,1.3752,0.2141
"PI_374117_LSP_AGL",29.4224,0.9675,1.417,2.1459,1.1191,3.308,4.6254,1.0714,1.1267,1.1952,0.2512,1.8852,0.8584,0.2589,1.3895,1.2284,2.0761,1.4289,0.2173
"PI_374118_AGL",29.3445,0.9695,1.4049,2.1049,1.1333,3.3296,4.6017,1.0907,1.1622,1.1979,0.2525,1.883,0.8356,0.258,1.3722,1.2059,2.0722,1.4113,0.2201
"PI_374120_LSP_AGL",28.5777,0.8188,1.3769,1.9813,1.1212,3.2274,4.5309,1.0869,1.1406,1.1897,0.2486,1.8784,0.8216,0.2644,1.3613,1.2021,2.0472,1.3919,0.2224
"PI_374121_AGL",29.6706,0.9231,1.4356,2.1681,1.1481,3.3622,4.6903,1.0995,1.1527,1.2134,0.2638,1.9113,0.8664,0.2656,1.4196,1.2463,2.1106,1.4451,0.2311
"PI_379368_LSP_AGL",29.9007,0.9542,1.4392,2.1911,1.15,3.3882,4.7193,1.0998,1.1506,1.2221,0.2624,1.9128,0.8663,0.2659,1.4202,1.2498,2.1215,1.4497,0.2293
"PI_383682_LSP_AGL",32.2966,1.0735,1.5399,2.3707,1.2456,3.7166,4.997,1.1795,1.3165,1.2817,0.2914,2.0432,0.9225,0.2794,1.526,1.3238,2.2662,1.5359,0.2528
"PI_420818_AGL",29.1367,1.0113,1.3643,2.0847,1.1067,3.208,4.5083,1.0295,1.1319,1.2142,0.2441,1.8309,0.8276,0.2545,1.3504,1.1939,2.0349,1.3839,0.2204
"PI_420924_LSP_AGL",30.3079,0.8935,1.4783,2.2479,1.1642,3.4448,4.8764,1.1247,1.1718,1.2351,0.2586,1.9685,0.8786,0.2642,1.445,1.2787,2.1662,1.4862,0.2248
"PI_420925_LSP_AGL",29.6158,0.9251,1.4395,2.1824,1.1376,3.3683,4.6821,1.0676,1.1632,1.2017,0.2537,1.8897,0.8449,0.2555,1.4032,1.227,2.1081,1.4384,0.2226
"PI_420929_LSP_AGL",30.7659,1.0058,1.4833,2.2525,1.1611,3.4576,4.8648,1.1056,1.183,1.2337,0.2576,1.9664,0.8805,0.2632,1.4451,1.2778,2.1645,1.4823,0.2252
"PI_426202_LSP_AGL",29.8136,1.0433,1.4128,2.1443,1.127,3.4194,4.6247,1.0881,1.1626,1.1992,0.2614,1.9074,0.8466,0.2677,1.3834,1.2018,2.0835,1.4065,0.2256
"PI_426778_LSP_AGL",28.5657,0.8788,1.3708,1.9581,1.104,3.2143,4.4348,1.0806,1.1489,1.1809,0.2472,1.8584,0.81,0.2622,1.3453,1.1916,2.0213,1.3778,0.2166
"PI_426784_LSP_AGL",27.3531,1.0131,1.2863,1.8945,1.0157,2.9593,4.1546,0.9909,1.0228,1.1058,0.2296,1.7352,0.7652,0.2283,1.2603,1.1077,1.8962,1.3007,0.1997
"PI_426797_LSP_AGL",27.1713,0.9688,1.2826,1.8834,1.02,2.9594,4.1545,0.9821,1.0467,1.1182,0.2354,1.7344,0.7609,0.2316,1.2589,1.115,1.8923,1.3017,0.1999
"PI_426807_LSP_AGL",27.2673,0.8607,1.2975,1.8429,1.0557,3.107,4.1984,1.0244,1.0973,1.1271,0.2593,1.7643,0.7873,0.2522,1.2806,1.1319,1.9225,1.3122,0.2131
"PI_431618_LSP_AGL",29.7763,0.9896,1.4282,2.1671,1.152,3.4131,4.6521,1.1035,1.1787,1.2329,0.2619,1.8886,0.8602,0.2715,1.3911,1.2318,2.1053,1.4295,0.227
"PI_431622_LSP_AGL",28.5893,0.9479,1.3728,2.037,1.1035,3.2676,4.4139,1.0757,1.1288,1.1551,0.2762,1.8395,0.8365,0.2662,1.3421,1.1674,2.0018,1.3598,0.2221
"PI_431630_LSP_AGL",28.799,0.8655,1.3901,2.0374,1.1022,3.3508,4.5018,1.0955,1.1446,1.1814,0.2668,1.8824,0.8299,0.2693,1.3604,1.1991,2.0394,1.3856,0.2214
"PI_431633_LSP_AGL",31.6866,1.0635,1.5174,2.3665,1.227,3.5971,4.9856,1.1695,1.2573,1.284,0.2699,2.0022,0.9187,0.2739,1.4976,1.313,2.2341,1.5248,0.2447
"PI_431636_LSP_AGL",31.3115,0.9819,1.4933,2.2994,1.1981,3.5189,4.9178,1.142,1.2337,1.2784,0.2564,1.9814,0.8919,0.2644,1.4777,1.2985,2.2051,1.5042,0.239
"PI_431643_LSP_AGL",31.1246,0.9083,1.5106,2.2456,1.2275,3.6362,4.9108,1.2028,1.2641,1.2533,0.2832,2.0085,0.9231,0.2935,1.481,1.3036,2.2122,1.5054,0.2426
"PI_431662_LSP_AGL",29.7962,0.9141,1.443,2.1524,1.1634,3.472,4.6782,1.1305,1.2018,1.2027,0.282,1.9385,0.8724,0.2785,1.4211,1.232,2.1125,1.4328,0.2334
"PI_431663_LSP_AGL",28.1331,0.8326,1.363,2.0066,1.0834,3.2538,4.4005,1.0869,1.1324,1.1517,0.2753,1.8474,0.8269,0.2653,1.3344,1.1633,1.9926,1.3571,0.2203
"PI_431679_LSP_AGL",30.4387,1.0277,1.4506,2.2285,1.1398,3.4956,4.7192,1.0956,1.1951,1.2138,0.2784,1.9412,0.8764,0.2679,1.4306,1.2438,2.1226,1.445,0.2325
"PI_431684_LSP_AGL",27.9469,0.7918,1.3781,1.9332,1.0954,3.2546,4.3641,1.0899,1.1289,1.138,0.2729,1.8522,0.8349,0.2683,1.3415,1.1854,1.9921,1.3596,0.2184
"PI_431705_LSP_AGL",28.2478,0.937,1.3455,1.991,1.0765,3.1774,4.3117,1.0674,1.108,1.152,0.2661,1.8167,0.824,0.2612,1.3106,1.1499,1.9567,1.3347,0.2173
"PI_431710_LSP_AGL",28.7853,0.922,1.3938,2.0583,1.0979,3.3224,4.458,1.0788,1.1283,1.1635,0.276,1.8661,0.8431,0.2695,1.3554,1.192,2.0221,1.3797,0.2212
"PI_431714_LSP_AGL",29.6693,0.894,1.4575,2.1278,1.1549,3.4502,4.6219,1.1511,1.1808,1.1896,0.2903,1.9385,0.8852,0.2794,1.4114,1.2376,2.0979,1.4279,0.2328
"PI_431717_LSP_AGL",28.3812,0.9042,1.3828,1.9941,1.1114,3.2672,4.3863,1.0846,1.1378,1.1589,0.2767,1.8531,0.8394,0.2725,1.3381,1.177,2,1.3616,0.2215
"PI_431728_LSP_AGL",28.9707,0.8741,1.4192,2.0489,1.1221,3.3341,4.5082,1.0939,1.1544,1.177,0.2768,1.8945,0.8451,0.2688,1.3787,1.2142,2.0525,1.4015,0.2255
"PI_431731_LSP_AGL",28.794,0.8315,1.4269,2.0239,1.1372,3.3479,4.4979,1.1256,1.1636,1.1703,0.2865,1.9011,0.8595,0.2764,1.3835,1.2178,2.0573,1.4019,0.2275
"PI_431739_LSP_AGL",31.037,0.9997,1.4802,2.2666,1.1764,3.5842,4.7962,1.1424,1.2179,1.2393,0.282,1.9696,0.8919,0.2801,1.4546,1.2681,2.166,1.4668,0.24
"PI_431753_LSP_AGL",29.0396,0.912,1.4143,2.0535,1.116,3.3141,4.4942,1.0981,1.1467,1.1732,0.2772,1.896,0.8527,0.2676,1.3702,1.2027,2.0407,1.3931,0.2244
"PI_431756_LSP_AGL",29.0545,0.9216,1.4111,2.0755,1.1125,3.3584,4.5057,1.0944,1.1335,1.1743,0.277,1.8824,0.8548,0.2681,1.3691,1.2079,2.0442,1.3944,0.2223
"PI_431809_LSP_AGL",28.1912,0.8091,1.3465,1.9329,1.093,3.2291,4.3625,1.0971,1.1338,1.1659,0.2606,1.8387,0.8149,0.2719,1.3244,1.1699,1.9885,1.352,0.2186
"PI_431824_LSP_AGL",29.7073,0.8618,1.4364,2.0822,1.1749,3.414,4.6803,1.1587,1.222,1.2242,0.2647,1.9398,0.8655,0.2755,1.408,1.2466,2.1211,1.4425,0.2316
"PI_431863_LSP_AGL",28.6762,0.9193,1.3765,1.9963,1.1076,3.2267,4.4569,1.0746,1.131,1.1722,0.256,1.8576,0.8265,0.2572,1.3444,1.1869,2.0163,1.3736,0.2215
"PI_431873_LSP_AGL",27.423,0.8338,1.3301,1.875,1.057,3.0478,4.2509,1.0472,1.0896,1.1378,0.2528,1.8153,0.7958,0.2488,1.2939,1.147,1.937,1.3331,0.2099
"PI_431884_LSP_AGL",29.7055,0.8667,1.47,2.162,1.1664,3.4684,4.699,1.1269,1.2347,1.2092,0.277,1.9581,0.8923,0.2746,1.4432,1.2635,2.1287,1.4611,0.2326
"PI_431888_LSP_AGL",28.824,0.802,1.427,2.0702,1.1164,3.3948,4.5844,1.1219,1.1776,1.1691,0.2725,1.9171,0.8522,0.2692,1.3989,1.222,2.0696,1.4116,0.2261
"PI_431923_LSP_AGL",29.4936,0.9361,1.4027,2.0928,1.1037,3.4215,4.5252,1.0892,1.153,1.1885,0.2727,1.8782,0.8379,0.2716,1.3634,1.2015,2.0448,1.3834,0.2251
"PI_431980_LSP_AGL",32.6338,1.0365,1.6064,2.4423,1.2783,3.784,5.1776,1.2233,1.3535,1.3043,0.2937,2.1093,0.9721,0.2896,1.5758,1.3806,2.3355,1.5926,0.2545
"PI_432000_LSP_AGL",28.5218,0.8324,1.3758,1.9681,1.0951,3.3282,4.446,1.1037,1.146,1.1552,0.2659,1.8677,0.8268,0.2725,1.3462,1.1857,2.014,1.3612,0.2222
"PI_432001_LSP_AGL",31.3499,0.9713,1.5301,2.3206,1.2034,3.6579,4.9717,1.1681,1.2478,1.2682,0.2792,2.0217,0.9126,0.2811,1.4913,1.3167,2.2331,1.5185,0.2384
"PI_432002_LSP_AGL",29.4757,0.9487,1.4165,2.1391,1.1311,3.414,4.5794,1.1227,1.1735,1.1796,0.2818,1.9028,0.8623,0.2711,1.39,1.2094,2.0669,1.4061,0.2295
"PI_432005_LSP_AGL",29.7183,0.9322,1.4204,2.1466,1.1449,3.4146,4.6862,1.1118,1.213,1.2079,0.2668,1.9111,0.865,0.2654,1.413,1.2348,2.1053,1.4261,0.2328
"PI_432028_LSP_AGL",28.5488,0.9102,1.3784,2.0424,1.0963,3.2376,4.4171,1.0954,1.1502,1.1571,0.2713,1.8631,0.833,0.2601,1.3467,1.168,2.0067,1.3664,0.2215
"PI_432033_LSP_AGL",27.8248,0.8377,1.3607,1.9874,1.0779,3.2315,4.3352,1.0732,1.1364,1.1388,0.2719,1.841,0.8215,0.265,1.3327,1.1579,1.9827,1.3494,0.2183
"PI_432085_LSP_AGL",31.3534,0.9388,1.5343,2.3116,1.2102,3.6034,4.9832,1.1727,1.2377,1.2594,0.279,2.0271,0.9276,0.2801,1.506,1.3263,2.2346,1.5327,0.2379
"PI_432106_LSP_AGL",31.0924,1.0647,1.4744,2.2639,1.1859,3.4574,4.849,1.1145,1.2251,1.2627,0.2606,1.9476,0.8911,0.2638,1.4473,1.2786,2.1739,1.4804,0.2383
"PI_432124_LSP_AGL",28.4862,0.855,1.3924,2.0241,1.0911,3.2792,4.4428,1.0855,1.1344,1.1569,0.2769,1.8744,0.8451,0.2671,1.356,1.193,2.0131,1.3782,0.2215
"PI_432145_LSP_AGL",29.2776,0.8989,1.4267,2.1184,1.119,3.3897,4.5523,1.1212,1.1422,1.1759,0.2799,1.8965,0.8649,0.2735,1.381,1.2183,2.0621,1.4093,0.2235
"PI_432147_LSP_AGL",28.9206,0.9113,1.3929,2.0386,1.1216,3.3291,4.471,1.1103,1.144,1.1728,0.2762,1.8665,0.8439,0.2726,1.3536,1.1927,2.0301,1.3783,0.2232
"PI_432184_LSP_AGL",30.3727,1.0049,1.4524,2.193,1.1737,3.4866,4.729,1.147,1.2223,1.2262,0.2701,1.9368,0.8846,0.277,1.4259,1.2517,2.1334,1.4565,0.2348
"PI_432188_LSP_AGL",28.8186,0.9164,1.3906,2.0362,1.1145,3.2655,4.4947,1.0771,1.1558,1.1823,0.2571,1.8671,0.849,0.2645,1.3656,1.2035,2.0399,1.3937,0.2219
"PI_432190_LSP_AGL",28.9946,0.8346,1.4067,2.0325,1.1093,3.2113,4.5948,1.0672,1.1664,1.1967,0.2473,1.9078,0.8445,0.2578,1.3853,1.2268,2.0735,1.4219,0.2186
"PI_432201_LSP_AGL",29.0549,1.0085,1.3836,2.0571,1.1259,3.2843,4.4615,1.0953,1.1428,1.1842,0.2632,1.8407,0.8372,0.2616,1.3433,1.1887,2.0255,1.3839,0.2246
"PI_432212_LSP_AGL",29.4048,0.9158,1.4229,2.1339,1.1417,3.4311,4.6155,1.1173,1.1854,1.1808,0.2762,1.9165,0.8641,0.2762,1.4062,1.2114,2.0919,1.4176,0.232
"PI_432236_LSP_AGL",29.0985,0.9487,1.3895,2.0785,1.1131,3.3556,4.4977,1.0946,1.1713,1.1757,0.2713,1.8807,0.844,0.2688,1.3728,1.1883,2.0454,1.3889,0.2259
"PI_432245_LSP_AGL",30.5067,1.0241,1.4701,2.2501,1.1657,3.4281,4.7716,1.0935,1.2246,1.2458,0.2657,1.9399,0.8919,0.2641,1.4423,1.2722,2.1541,1.4752,0.232
"PI_432271_LSP_AGL",29.9301,1.0141,1.4377,2.1951,1.1521,3.3745,4.6568,1.1113,1.1888,1.2108,0.267,1.9204,0.8667,0.2595,1.4236,1.2387,2.1145,1.4469,0.2291
"PI_432286_LSP_AGL",29.6844,0.9903,1.4304,2.1555,1.1206,3.3308,4.6589,1.0633,1.159,1.2073,0.2497,1.8911,0.8523,0.2513,1.4126,1.2406,2.1032,1.4404,0.2218
"PI_451763_LSP_AGL",29.6413,0.9037,1.4324,2.131,1.1506,3.3224,4.6744,1.0976,1.1863,1.2228,0.2589,1.9298,0.8715,0.263,1.4212,1.2472,2.1122,1.4501,0.2277
"PI_458503_LSP_AGL",27.3238,0.8923,1.2981,1.8698,1.0446,3.0233,4.2426,1.0069,1.0733,1.1524,0.2308,1.7726,0.7645,0.244,1.2723,1.1322,1.9237,1.3186,0.2031
"PI_468900_LSP_AGL",29.8563,0.9452,1.4454,2.1751,1.1495,3.3722,4.6975,1.1144,1.1669,1.2125,0.2602,1.9338,0.8654,0.2658,1.4203,1.2491,2.1167,1.4523,0.2247
"PI_468901_AGL",31.4228,0.9795,1.5302,2.3145,1.2158,3.541,4.933,1.1809,1.2641,1.2619,0.2733,2.0336,0.9142,0.2692,1.5139,1.3303,2.2372,1.5367,0.2364
"PI_468902_LSP_AGL",30.6373,1.0109,1.4497,2.2528,1.1736,3.4812,4.8182,1.118,1.1996,1.2406,0.2593,1.9422,0.864,0.2635,1.4396,1.2564,2.157,1.4697,0.2309
"PI_472136_LSP_AGL",28.2661,1.0291,1.3484,2.0402,1.0653,3.1517,4.3516,1.0168,1.0757,1.1447,0.241,1.7904,0.7954,0.2382,1.3193,1.1579,1.9753,1.359,0.2092
"PI_472205_LSP_AGL",28.1221,1.0235,1.3252,2.0187,1.0364,3.1248,4.3043,0.9965,1.0594,1.1472,0.2519,1.7611,0.7999,0.2374,1.2955,1.15,1.9476,1.3409,0.207
"PI_472213_LSP_AGL",28.966,0.9569,1.3862,2.0024,1.1157,3.2803,4.4657,1.096,1.1502,1.1893,0.2577,1.8566,0.8456,0.2594,1.3524,1.2035,2.0339,1.3891,0.2193
"PI_472327_LSP_AGL",28.3495,1.0578,1.3485,2.0327,1.0604,3.1242,4.3389,1.0308,1.0622,1.1426,0.2442,1.7808,0.8027,0.2401,1.3151,1.1566,1.9711,1.3548,0.2074
"PI_472380_LSP_AGL",27.4332,1.0008,1.2951,1.9207,1.0398,3.0547,4.1865,1.0246,1.0588,1.1241,0.2344,1.7399,0.7682,0.239,1.2695,1.115,1.9077,1.3056,0.2047
"PI_472416_LSP_AGL",29.1142,1.0215,1.3952,2.0806,1.1004,3.259,4.5105,1.0831,1.1167,1.1617,0.2547,1.8516,0.8305,0.2465,1.3651,1.2039,2.0368,1.4019,0.217
"PI_472488_LSP_AGL",28.2057,0.8868,1.3652,2.0295,1.0689,3.1728,4.3741,1.0158,1.0851,1.1654,0.2461,1.7741,0.8069,0.2445,1.3232,1.1693,2.0026,1.3625,0.2071
"PI_472559_LSP_AGL",28.8533,1.0785,1.3551,2.0632,1.0706,3.1697,4.3975,1.0199,1.097,1.164,0.2434,1.795,0.7999,0.2364,1.3283,1.1712,1.99,1.3651,0.2118
"PI_472561_LSP_AGL",27.9955,0.9876,1.3231,1.9763,1.0486,3.1047,4.2881,1.0233,1.0705,1.1429,0.2413,1.7661,0.7905,0.2362,1.3052,1.1518,1.9454,1.3371,0.2083
"PI_472569_LSP_AGL",27.9354,1.0257,1.311,1.9543,1.0282,3.0355,4.2535,1.0034,1.0429,1.1325,0.2319,1.7633,0.7721,0.2297,1.2838,1.132,1.9237,1.3204,0.2035
"PI_472588_LSP_AGL",31.5212,1.0743,1.5147,2.2959,1.2044,3.5284,4.9048,1.1544,1.2182,1.2566,0.2693,2.0122,0.9073,0.2703,1.485,1.2965,2.2042,1.5025,0.2367
"PI_472590_LSP_AGL",28.0572,0.9717,1.3383,1.987,1.0873,3.1573,4.2979,1.0349,1.132,1.1622,0.2618,1.8101,0.834,0.2558,1.3217,1.1453,1.9662,1.3359,0.2203
"PI_472615_LSP_AGL",30.0548,1.0491,1.4255,2.2086,1.1266,3.3319,4.6662,1.082,1.1408,1.2274,0.2551,1.8845,0.8625,0.2499,1.3878,1.2379,2.0921,1.4398,0.2216
"PI_472629_LSP_AGL",28.4853,0.88,1.3654,1.991,1.0971,3.2677,4.386,1.0737,1.1369,1.1688,0.2664,1.8315,0.8345,0.2612,1.3411,1.182,1.9982,1.3638,0.2249
"PI_477921_LSP_AGL",29.817,0.9121,1.4196,2.1365,1.1808,3.3711,4.6621,1.143,1.2155,1.2337,0.2599,1.914,0.8811,0.2702,1.4131,1.2387,2.1117,1.4397,0.2372
"PI_490288_LSP_AGL",29.146,0.9749,1.4077,2.1282,1.1204,3.251,4.5749,1.0455,1.1422,1.1831,0.2368,1.8697,0.8301,0.2454,1.3937,1.2159,2.0634,1.4129,0.2175
"PI_490289_LSP_AGL",29.1243,0.8754,1.4146,2.1208,1.1033,3.2169,4.6111,1.0489,1.1353,1.1954,0.2344,1.876,0.8245,0.2411,1.3981,1.2319,2.0723,1.4255,0.2149
"PI_508090_AGL",28.4684,0.7972,1.3889,1.9804,1.1353,3.2039,4.4971,1.1031,1.1644,1.1902,0.2612,1.893,0.8517,0.2647,1.3735,1.2078,2.0456,1.4025,0.2243
"PI_518733_LSP_AGL",30.3932,0.9674,1.4856,2.2091,1.1713,3.4181,4.7967,1.1266,1.1987,1.228,0.2607,1.9843,0.8918,0.2632,1.4635,1.2815,2.1689,1.4888,0.2303
"PI_518734_LSP_AGL",30.3723,1.0168,1.4632,2.1676,1.1554,3.3566,4.731,1.1034,1.216,1.2074,0.2584,1.9667,0.8941,0.2469,1.4616,1.2728,2.1486,1.4751,0.2353
"PI_533688_LSP_AGL",30.271,0.9571,1.4711,2.2094,1.1892,3.4225,4.783,1.1022,1.2411,1.2624,0.2653,1.9527,0.8953,0.2631,1.4453,1.2764,2.1583,1.4738,0.2333
"PI_533693_LSP_AGL",29.4807,0.9385,1.4218,2.1665,1.1356,3.2674,4.6283,1.0799,1.1425,1.195,0.2423,1.8858,0.8437,0.2469,1.4119,1.231,2.085,1.4317,0.2213
"PI_612875_AGL",30.3562,1.1152,1.4325,2.2281,1.1424,3.4187,4.6914,1.0944,1.1576,1.2091,0.26,1.8986,0.8634,0.2485,1.4123,1.2342,2.1064,1.4393,0.2301
"PI_643451_AGL",30.1638,1.0838,1.4236,2.2137,1.1343,3.4059,4.7014,1.0584,1.1494,1.2183,0.2475,1.8797,0.8437,0.2472,1.41,1.2375,2.1121,1.4361,0.2262
"PI_643452_AGL",30.8858,1.1339,1.4481,2.2783,1.1477,3.4419,4.7752,1.0646,1.1555,1.2339,0.2455,1.8984,0.8529,0.2427,1.433,1.2568,2.1433,1.4598,0.2288
"Shasta_AGL",31.2757,1.0881,1.4877,2.2724,1.1639,3.4668,4.6979,1.1286,1.2778,1.2686,0.2862,1.9274,0.9176,0.2465,1.4526,1.2934,2.1634,1.4943,0.2446
"W6_27754_LSP_AGL",27.5179,0.8528,1.3425,1.9177,1.0779,3.1015,4.272,1.0506,1.0855,1.1331,0.2584,1.7975,0.8215,0.2516,1.3081,1.1552,1.9479,1.3409,0.2135
"W6_27760_LSP_AGL",28.724,0.893,1.3751,2.0609,1.1212,3.2021,4.4848,1.0888,1.1579,1.1925,0.2547,1.8515,0.8333,0.251,1.3678,1.1941,2.0425,1.3966,0.2219
"W6_27763_LSP_AGL",28.8536,0.856,1.4318,2.0977,1.1189,3.2909,4.5654,1.0905,1.1212,1.179,0.2685,1.8841,0.8478,0.2543,1.3912,1.2343,2.0632,1.4248,0.2185
"W6_27766_LSP_AGL",28.4872,0.9261,1.3664,2.087,1.0913,3.1621,4.4525,1.0664,1.097,1.1777,0.2477,1.8344,0.8331,0.2455,1.3522,1.1798,2.017,1.3891,0.2126
"W6_27767_LSP_AGL",28.1935,0.9916,1.3495,1.9999,1.0666,3.1344,4.3532,1.0222,1.0969,1.1645,0.2446,1.7881,0.8213,0.241,1.3268,1.1704,1.9811,1.354,0.2119
