"Name","Alanine_Ro17","Arginine_Ro17","Aspartic.acid_Ro17","Cysteine_Ro17","Glutamic.acid_Ro17","Glycine_Ro17","Histidine_Ro17","Isoleucine_Ro17","Leucine_Ro17","Lysine_Ro17","Methionine_Ro17","Phenylalanine_Ro17","Proline_Ro17","Protein_Ro17","Serine_Ro17","Threonine_Ro17","Tryptophan_Ro17","Tyrosine_Ro17","Valine_Ro17"
"X3156.11_AGL",1.1195,2.0082,3.0345,0.262,4.2342,1.0749,0.7939,1.1466,1.9362,1.7386,0.2582,1.3403,1.1492,27.2647,1.308,1.1027,0.2177,0.8416,1.3184
"CDC_Asterix_AGL",1.0787,1.957,3.0345,0.2508,4.2718,1.0629,0.839,1.1749,1.9488,1.7825,0.2509,1.3547,1.1366,27.4114,1.3288,1.0715,0.2159,0.8062,1.3409
"CDC_Cherie_AGL",1.1187,2.0788,3.178,0.2753,4.3808,1.1064,0.7883,1.1836,1.9956,1.7738,0.2519,1.3807,1.1549,27.9871,1.3406,1.1683,0.2262,0.8265,1.3542
"CDC_Glamis_AGL",1.1414,2.1019,3.1191,0.2791,4.4234,1.1288,0.761,1.228,2.0258,1.823,0.2518,1.4262,1.171,27.7114,1.4054,1.121,0.2259,0.866,1.4027
"CDC_Greenstar_AGL",1.1122,1.9714,2.9626,0.2724,4.1906,1.0962,0.7142,1.1743,1.9425,1.7611,0.2491,1.365,1.1403,26.6763,1.3403,1.1314,0.2234,0.8319,1.3414
"CDC_Imax_AGL",1.1682,2.2088,3.3207,0.294,4.6252,1.1385,0.6364,1.2441,2.0957,1.846,0.2619,1.4618,1.2227,28.5178,1.4183,1.1629,0.2309,0.8652,1.4176
"CDC_Impower_AGL",1.1551,2.2446,3.3339,0.2938,4.597,1.1728,0.8507,1.2554,2.0949,1.8558,0.2716,1.4518,1.2006,29.1357,1.452,1.1841,0.2358,0.9154,1.4356
"CDC_KR.1_AGL",1.0637,1.9338,2.8552,0.265,4.0272,1.0369,0.6726,1.1053,1.8717,1.6606,0.2274,1.3066,1.1241,25.9181,1.2615,1.0729,0.2134,0.7755,1.2684
"CDC_LeMay_AGL",1.1483,2.1185,3.1639,0.2561,4.5093,1.1068,0.7425,1.2272,2.0493,1.852,0.2538,1.4257,1.1766,28.3716,1.3935,1.1078,0.2222,0.8362,1.4172
"CDC_Maxim_AGL",1.1042,2.0695,3.1324,0.2607,4.3489,1.0775,0.7345,1.1652,1.9767,1.7632,0.245,1.3712,1.1579,27.5888,1.326,1.1381,0.2201,0.8138,1.3333
"CDC_QG.1_AGL",1.1606,2.252,3.2933,0.273,4.6386,1.1493,0.9069,1.2638,2.1014,1.8911,0.2594,1.4653,1.1874,29.407,1.4469,1.1868,0.2298,0.8995,1.4455
"CDC_Red_Rider_AGL",1.2747,2.3706,3.5071,0.2917,4.8232,1.1907,0.77,1.2881,2.1753,1.9515,0.2738,1.5171,1.2522,29.8111,1.483,1.225,0.2396,0.9247,1.4846
"CDC_Redcoat_AGL",1.1634,2.2371,3.337,0.279,4.618,1.1318,0.8143,1.2228,2.0893,1.8536,0.2563,1.4423,1.2026,28.8856,1.4041,1.1653,0.2279,0.8669,1.402
"CDC_Redwing_AGL",1.1453,2.2552,3.3569,0.2751,4.7244,1.1417,0.8446,1.285,2.119,1.9244,0.2481,1.4882,1.1782,29.334,1.4836,1.1633,0.2258,0.8806,1.454
"CDC_Robin_AGL",1.1183,2.171,3.2488,0.2822,4.468,1.1016,0.7506,1.1938,2.0326,1.8217,0.2521,1.4156,1.1571,28.1634,1.3837,1.1757,0.2237,0.8587,1.3746
"CDC_Rosebud_AGL",1.1604,2.2544,3.4091,0.2863,4.7414,1.1671,0.8444,1.2752,2.1384,1.9339,0.2712,1.4952,1.2014,29.3838,1.4705,1.1996,0.232,0.9027,1.4604
"CDC_Rosetown_AGL",1.1614,2.2249,3.2526,0.2757,4.5513,1.1221,0.7814,1.2267,2.0743,1.8484,0.2488,1.45,1.1852,28.865,1.412,1.1713,0.2265,0.8663,1.4157
"CDC_Rosie_AGL",1.1763,2.2812,3.382,0.2904,4.6851,1.1484,0.8015,1.2638,2.1271,1.9036,0.2567,1.4891,1.1881,29.5432,1.4605,1.2115,0.2342,0.8916,1.4622
"CDC_Rouleau_AGL",1.1541,2.111,3.1855,0.2549,4.4586,1.1163,0.8049,1.1858,2.0259,1.7901,0.2603,1.3892,1.1895,28.084,1.3411,1.1257,0.2252,0.8474,1.3662
"CDC_Royale_AGL",1.1088,2.0617,3.1061,0.26,4.3555,1.1012,0.8466,1.1909,1.9889,1.7937,0.2463,1.3847,1.1393,27.6684,1.347,1.1317,0.2186,0.8211,1.3626
"CDC_Ruby_AGL",1.2188,2.2945,3.5419,0.2947,4.8609,1.1908,0.6967,1.2965,2.1774,1.9635,0.2715,1.5125,1.2021,29.7735,1.4951,1.2698,0.2394,0.9036,1.4889
"CDC_SB.1_AGL",1.0489,1.9253,2.9955,0.2582,4.1145,1.0132,0.7799,1.1101,1.8771,1.693,0.2444,1.3034,1.1129,26.1757,1.2677,1.0561,0.2051,0.7938,1.2563
"CDC_Sedley_AGL",1.103,2.0772,3.097,0.2648,4.3483,1.0876,0.8479,1.1932,1.9836,1.7854,0.2466,1.3873,1.1609,27.5209,1.3586,1.0799,0.2157,0.848,1.3538
"CDC_Vantage_AGL",1.1549,2.033,3.1348,0.2745,4.3483,1.1209,0.746,1.1868,1.9881,1.8259,0.2674,1.3861,1.1649,27.5461,1.3618,1.1644,0.224,0.8682,1.3559
"CN_105604_AGL",1.0698,2.0168,3.0404,0.2563,4.2241,1.0512,0.7346,1.155,1.9559,1.7182,0.2423,1.3557,1.1409,27.1732,1.3341,1.0497,0.21,0.8024,1.3196
"CN_105605_AGL",1.0901,1.9518,3.0833,0.2788,4.1846,1.0502,0.6269,1.1424,1.9325,1.74,0.2573,1.3345,1.1296,26.8213,1.3144,1.1296,0.2186,0.7926,1.312
"CN_105715_AGL",1.106,2.1713,3.1899,0.2796,4.5503,1.0955,0.7533,1.2702,2.055,1.8413,0.2457,1.4483,1.1649,28.3718,1.4405,1.0872,0.222,0.8664,1.4275
"CN_105732_AGL",1.2064,2.3217,3.4479,0.2748,4.7889,1.1992,0.9365,1.2885,2.1609,1.9399,0.2725,1.4917,1.2465,30.474,1.478,1.1957,0.2378,0.8987,1.4772
"CN_105767_AGL",1.1798,2.2206,3.3323,0.2746,4.6391,1.1489,0.8174,1.2464,2.1034,1.8756,0.2631,1.4622,1.2091,29.1323,1.4189,1.1621,0.2293,0.8734,1.4265
"CN_105777_AGL",1.1042,2.0426,3.0551,0.2558,4.2972,1.0864,0.824,1.1795,1.9672,1.793,0.243,1.3724,1.1336,27.4405,1.3345,1.1132,0.2165,0.822,1.3562
"CN_105789_AGL",1.1543,2.209,3.315,0.2631,4.5708,1.1173,0.8428,1.2195,2.0689,1.8471,0.2605,1.4217,1.1757,29.061,1.4072,1.1527,0.2303,0.857,1.412
"CN_105791_AGL",1.1686,2.3987,3.4954,0.2998,4.7224,1.1487,0.9216,1.2503,2.138,1.8823,0.2664,1.4854,1.2269,30.1709,1.4574,1.1781,0.2361,0.9253,1.4374
"CN_105862_AGL",1.2379,2.3781,3.489,0.2688,4.9662,1.2039,0.9072,1.3217,2.215,2.0005,0.274,1.542,1.2464,30.7389,1.5195,1.2273,0.2395,0.9292,1.5151
"CN_105863_AGL",1.2048,2.3423,3.3373,0.2656,4.8296,1.1752,0.9271,1.2851,2.1746,1.9709,0.2617,1.5184,1.247,30.274,1.4873,1.2104,0.2345,0.9093,1.4812
"CN_105864_AGL",1.1633,2.2001,3.3103,0.2677,4.6277,1.1318,0.8859,1.2365,2.0836,1.8773,0.2593,1.445,1.2019,29.1752,1.4135,1.1351,0.2256,0.8664,1.4152
"CN_105865_AGL",1.204,2.3113,3.4015,0.2738,4.8542,1.1877,0.8404,1.3001,2.1821,1.9593,0.2672,1.5187,1.2341,29.741,1.4998,1.1695,0.2341,0.9026,1.4923
"CN_105866_AGL",1.1993,2.228,3.2623,0.2638,4.609,1.1257,0.8611,1.2402,2.0949,1.8898,0.2472,1.4586,1.2061,28.5125,1.4242,1.1414,0.2234,0.8671,1.4264
"CN_105895_AGL",1.1764,2.4503,3.4986,0.2823,4.8823,1.1872,0.8973,1.2931,2.2108,1.9029,0.2633,1.5166,1.2531,31.1895,1.5102,1.2129,0.2445,0.9119,1.4919
"CN_106265_AGL",1.1274,2.1537,3.2276,0.2713,4.4709,1.101,0.8116,1.1863,2.0204,1.811,0.2546,1.3977,1.1685,28.37,1.3713,1.1117,0.225,0.8385,1.3734
"CN_108369_AGL",1.1143,2.1586,3.1804,0.2609,4.4945,1.1151,0.9518,1.2152,2.0277,1.827,0.2492,1.4103,1.1819,28.9058,1.3851,1.1174,0.2268,0.8532,1.3825
"CN_108370_AGL",1.1944,2.2011,3.3215,0.2659,4.6602,1.1518,0.8589,1.2581,2.1068,1.9281,0.2687,1.469,1.1883,29.1786,1.4433,1.171,0.2288,0.8794,1.4485
"Crimson_AGL",1.1275,2.064,3.1462,0.2609,4.4013,1.1096,0.7624,1.1788,2.0081,1.8152,0.2557,1.3926,1.1595,27.959,1.3416,1.179,0.2222,0.8314,1.3577
"DPL_62_AGL",1.147,2.2378,3.3027,0.2784,4.567,1.1313,0.9345,1.237,2.0667,1.8528,0.2556,1.4453,1.195,29.1632,1.4205,1.1672,0.2275,0.8634,1.4086
"Eston_AGL",1.0768,2.0735,3.1855,0.2693,4.3368,1.0878,0.8614,1.1777,1.9608,1.7834,0.2581,1.3669,1.1521,28.0165,1.3421,1.1284,0.2183,0.8313,1.3342
"Gudo_AGL",1.1772,2.3663,3.4566,0.2739,4.8151,1.1637,0.8899,1.2894,2.1529,1.917,0.2723,1.498,1.2432,30.2024,1.4735,1.1944,0.2346,0.9263,1.4651
"IG_1046_AGL",1.2216,2.3135,3.5283,0.3006,4.7712,1.1999,0.8992,1.297,2.1642,1.9474,0.2798,1.5042,1.2384,30.3285,1.4917,1.2205,0.2405,0.9208,1.4783
"IG_1706_AGL",1.224,2.3682,3.6949,0.3051,4.9192,1.1902,0.8682,1.326,2.232,1.9656,0.2774,1.533,1.2412,31.0218,1.5184,1.2512,0.2454,0.8964,1.5161
"IG_1959_AGL",1.1021,2.0978,3.2606,0.2949,4.3568,1.1023,0.8439,1.213,2.0018,1.7786,0.2588,1.3949,1.1601,28.1609,1.3935,1.1166,0.2226,0.8327,1.373
"IG_4258_AGL",1.0814,2.1271,3.0804,0.2504,4.3814,1.057,0.9668,1.1783,1.9853,1.7894,0.235,1.3887,1.1382,28.2457,1.3499,1.0768,0.2131,0.8211,1.3547
"IG_4781_AGL",1.2153,2.3341,3.4074,0.2731,4.828,1.1739,0.8817,1.3103,2.1708,1.9347,0.2654,1.5161,1.2475,30.0763,1.4907,1.1519,0.2313,0.9064,1.4903
"IG_858_AGL",1.1795,2.4367,3.4757,0.2805,4.788,1.1481,0.9545,1.2714,2.1521,1.8762,0.2546,1.4958,1.2271,30.1084,1.4605,1.1549,0.2358,0.9024,1.4655
"ILL_10657_AGL",1.1372,2.1781,3.2744,0.2988,4.5263,1.1324,0.7116,1.2208,2.0518,1.8143,0.2621,1.4278,1.1842,28.6019,1.4046,1.1773,0.2336,0.8654,1.3931
"ILL_10748_AGL",1.1007,2.1277,3.0872,0.2605,4.3679,1.1122,0.9508,1.1879,1.9973,1.7841,0.2516,1.392,1.1926,28.1615,1.3694,1.1181,0.2195,0.8405,1.3579
"ILL_11547_AGL",1.1695,2.2761,3.4294,0.2975,4.6636,1.1641,0.824,1.2821,2.1479,1.8436,0.2576,1.4861,1.224,29.7679,1.4632,1.1728,0.2395,0.8771,1.4577
"ILL_11548_AGL",1.1486,2.1518,3.3509,0.266,4.6353,1.1668,0.8482,1.2599,2.1021,1.8826,0.2696,1.4462,1.1901,29.4005,1.4297,1.1796,0.2325,0.8652,1.4388
"ILL_11553_AGL",1.1064,2.1486,3.1774,0.2571,4.4227,1.0925,0.9493,1.1896,2.0046,1.7919,0.2439,1.3946,1.1709,28.5484,1.3532,1.1478,0.2171,0.8197,1.3557
"ILL_11555_AGL",1.1013,2.1911,3.1988,0.2697,4.4093,1.1145,1.0058,1.2079,2.0071,1.7855,0.2472,1.4036,1.19,28.7495,1.3798,1.1309,0.2196,0.851,1.3601
"ILL_11557_AGL",1.1569,2.2047,3.2474,0.274,4.562,1.1158,0.8757,1.2372,2.069,1.8422,0.2477,1.448,1.2014,28.8365,1.4135,1.1195,0.2239,0.8427,1.4071
"ILL_11558_AGL",1.1497,2.2882,3.3249,0.2599,4.6413,1.1255,1.0543,1.233,2.0774,1.8618,0.2446,1.446,1.1955,29.9007,1.4151,1.168,0.2287,0.8616,1.4146
"ILL_1220_AGL",1.215,2.2815,3.4605,0.2951,4.7178,1.1738,0.8321,1.266,2.1392,1.9203,0.2751,1.4759,1.2058,29.8957,1.4647,1.2289,0.2389,0.9082,1.4618
"ILL_1553_AGL",1.1961,2.2525,3.4576,0.2944,4.7222,1.1816,0.8172,1.2884,2.1326,1.913,0.2733,1.4829,1.2194,29.5387,1.4777,1.2076,0.2368,0.9081,1.4561
"ILL_1762_AGL",1.0363,1.8603,2.9493,0.274,3.9951,1.018,0.6891,1.1002,1.855,1.6687,0.2396,1.2879,1.0956,26.2704,1.2618,1.1131,0.2126,0.7549,1.259
"ILL_1983_AGL",1.0503,2.1406,3.0876,0.255,4.2998,1.04,1.0275,1.1611,1.9415,1.7111,0.2255,1.3576,1.1348,27.935,1.3258,1.0589,0.2103,0.8036,1.3175
"ILL_213_AGL",1.0952,1.9806,3.2376,0.2665,4.3518,1.0408,0.7151,1.1515,1.9468,1.782,0.263,1.3316,1.1304,27.4952,1.3,1.1131,0.2151,0.7996,1.312
"ILL_2194_AGL",1.0341,2.0586,3.1027,0.252,4.2926,1.0578,0.9249,1.1433,1.9218,1.7308,0.2517,1.3298,1.1541,27.7297,1.3027,1.1121,0.2121,0.8195,1.2817
"ILL_2507_AGL",1.0722,2.0898,3.1233,0.2502,4.3433,1.0519,0.8652,1.168,1.9667,1.7778,0.2391,1.3706,1.1401,27.821,1.3328,1.1153,0.2098,0.8062,1.3287
"ILL_2580_AGL",1.1509,2.284,3.3805,0.2573,4.6583,1.1324,1.0007,1.2292,2.0898,1.8639,0.253,1.4438,1.2005,29.8486,1.4168,1.1714,0.2271,0.8672,1.413
"ILL_28_AGL",1.0624,1.9874,2.9955,0.2556,4.2616,1.0437,0.7346,1.1514,1.9195,1.7547,0.2493,1.3434,1.136,26.7226,1.3107,1.0743,0.209,0.8163,1.3023
"ILL_3025_AGL",1.0377,2.079,3.0324,0.243,4.2605,1.0179,0.9108,1.1422,1.9255,1.7264,0.2275,1.3465,1.1178,27.5111,1.3103,1.0772,0.2068,0.7939,1.3042
"ILL_313_AGL",1.1442,2.2753,3.3553,0.2762,4.6566,1.1342,0.8919,1.2649,2.0959,1.8721,0.2581,1.4664,1.1955,29.3956,1.4368,1.1551,0.2272,0.8922,1.4391
"ILL_3347_AGL",1.0404,2.0096,2.992,0.2491,4.1858,1.0272,0.9036,1.1288,1.9009,1.7026,0.2364,1.3243,1.1159,27.1758,1.2873,1.0809,0.2071,0.7955,1.2856
"ILL_358_AGL",1.1483,2.2813,3.3978,0.267,4.7435,1.1334,0.8393,1.2866,2.1145,1.8973,0.2507,1.4869,1.2156,29.5194,1.4671,1.1758,0.2212,0.8585,1.4379
"ILL_3597_AGL",1.0247,1.9885,2.9214,0.242,4.106,0.9879,0.9438,1.1139,1.8594,1.6828,0.2152,1.3062,1.0951,26.9425,1.2753,1.0457,0.2001,0.7693,1.2605
"ILL_4164_AGL",1.1063,2.2646,3.2292,0.2674,4.5289,1.0691,0.8874,1.2167,2.0498,1.8175,0.2403,1.4325,1.1771,28.8198,1.4011,1.1084,0.2186,0.8845,1.3912
"ILL_4400_AGL",1.1314,2.2582,3.2593,0.2686,4.5748,1.1352,0.9591,1.2206,2.0641,1.8638,0.2568,1.4431,1.1933,29.505,1.4132,1.173,0.2365,0.8792,1.4123
"ILL_4605_AGL",1.1004,2.0847,3.0996,0.2598,4.3258,1.0869,0.8695,1.1728,1.9723,1.7978,0.2534,1.3797,1.1729,28.0484,1.3372,1.134,0.2173,0.8338,1.341
"ILL_4609_AGL",1.1104,2.1128,3.129,0.2608,4.3072,1.0839,0.9171,1.1533,1.9696,1.7813,0.2424,1.3674,1.1445,28.2901,1.346,1.1491,0.2201,0.8261,1.337
"ILL_4665_AGL",1.1125,2.221,3.2193,0.2724,4.5212,1.1491,1.0392,1.2193,2.0504,1.8327,0.2511,1.4256,1.1911,29.7568,1.41,1.1565,0.2346,0.8668,1.3987
"ILL_4671_AGL",1.1615,2.2772,3.2708,0.2618,4.6666,1.1245,0.8937,1.2462,2.0897,1.8867,0.255,1.4622,1.2156,29.4703,1.4127,1.2133,0.2281,0.8711,1.4239
"ILL_4768_AGL",1.1306,2.1739,3.2477,0.266,4.4643,1.1027,0.7771,1.1969,2.0408,1.8077,0.2594,1.4104,1.1662,28.4201,1.3886,1.1757,0.226,0.8618,1.3839
"ILL_4782_AGL",1.0242,1.866,2.9262,0.2507,4.0651,1.0058,0.8518,1.118,1.8527,1.7101,0.2466,1.3009,1.0995,26.2845,1.2585,1.1265,0.1979,0.7964,1.2437
"ILL_4783_AGL",1.101,2.053,3.1075,0.2633,4.4103,1.0946,0.758,1.1874,1.9832,1.8293,0.2596,1.3949,1.1473,27.6954,1.3365,1.1873,0.2201,0.8488,1.3554
"ILL_4804_AGL",1.211,2.2448,3.3383,0.2521,4.73,1.1406,0.9781,1.2494,2.1249,1.9174,0.2579,1.4772,1.2288,29.5017,1.4192,1.1685,0.2274,0.8774,1.4357
"ILL_4875_AGL",1.1064,1.9414,3.1052,0.2633,4.2694,1.0692,0.7719,1.1747,1.947,1.8182,0.2578,1.3573,1.1081,27.0485,1.3388,1.1661,0.2107,0.8245,1.3353
"ILL_4956_AGL",1.2572,2.4802,3.7044,0.2895,5.1353,1.2437,0.8716,1.3577,2.2786,2.0471,0.2905,1.5825,1.2811,31.3552,1.5422,1.2887,0.2413,0.9688,1.5484
"ILL_5058_AGL",1.1999,2.1597,3.1965,0.2534,4.5668,1.1329,0.8426,1.2346,2.0651,1.8548,0.2533,1.4385,1.2105,28.1939,1.3917,1.114,0.2239,0.8485,1.4069
"ILL_5151_AGL",1.1958,2.4137,3.65,0.2939,4.9224,1.1966,0.8205,1.286,2.2065,1.9404,0.2844,1.524,1.2394,30.0945,1.4887,1.2713,0.2363,0.9318,1.4771
"ILL_5209_AGL",1.1071,2.087,3.2912,0.2815,4.4394,1.1084,0.7451,1.2092,2.0044,1.8322,0.2687,1.4037,1.154,27.7828,1.3826,1.2426,0.2148,0.8776,1.3505
"ILL_5480_AGL",1.1977,2.2367,3.4176,0.2685,4.6976,1.1761,0.87,1.2632,2.1173,1.9131,0.2719,1.4757,1.2001,29.351,1.4368,1.2501,0.2333,0.9013,1.4413
"ILL_5639_AGL",1.0326,1.8612,2.958,0.2302,4.1185,0.993,0.7769,1.117,1.8624,1.7054,0.2431,1.3027,1.1173,25.6923,1.2533,1.0502,0.1935,0.7534,1.2419
"ILL_5722_AGL",1.1776,2.338,3.3537,0.2664,4.7123,1.1213,0.8127,1.2529,2.1231,1.8972,0.2458,1.4885,1.2026,28.9246,1.4461,1.182,0.2196,0.866,1.4406
"ILL_5883_AGL",1.1714,2.342,3.5001,0.2827,4.8278,1.1658,0.8168,1.3096,2.1635,1.9315,0.2684,1.5205,1.2279,29.5256,1.4857,1.2452,0.2205,0.9218,1.463
"ILL_5888_AGL",1.0661,1.9165,2.9487,0.2479,4.0715,1.0344,0.8558,1.1191,1.8613,1.6982,0.2422,1.306,1.1106,26.1193,1.2528,1.1269,0.2035,0.7965,1.265
"ILL_5945_AGL",1.1336,2.2646,3.3633,0.2556,4.6107,1.146,0.8961,1.2138,2.0852,1.8284,0.263,1.436,1.1716,29.0378,1.4185,1.226,0.2297,0.8806,1.4049
"ILL_6002_AGL",1.1661,2.2786,3.367,0.2754,4.7084,1.158,0.8245,1.2642,2.1131,1.9088,0.2618,1.4843,1.205,29.0785,1.438,1.2216,0.2291,0.8858,1.4374
"ILL_618_AGL",1.1291,2.0332,3.3384,0.2766,4.4045,1.0844,0.7187,1.1953,1.9914,1.8189,0.2772,1.3738,1.1496,27.6362,1.3497,1.1678,0.2195,0.8353,1.3539
"ILL_6182_AGL",1.1596,2.2253,3.3857,0.2688,4.6152,1.1319,0.8878,1.2325,2.0732,1.8683,0.2608,1.4459,1.1749,29.0452,1.4013,1.2149,0.2249,0.8668,1.4107
"ILL_6211_AGL",1.1515,2.1671,3.2571,0.2626,4.5452,1.1416,0.7996,1.2257,2.0551,1.8553,0.2644,1.4337,1.2009,28.2257,1.3891,1.2047,0.2242,0.8579,1.3916
"ILL_624_AGL",1.1712,2.2474,3.3888,0.2694,4.6281,1.1213,0.8597,1.2258,2.0723,1.8752,0.2593,1.4446,1.1842,29.0957,1.3951,1.2054,0.2264,0.8651,1.4146
"ILL_6821_AGL",1.1518,2.1798,3.3616,0.2719,4.6139,1.115,0.777,1.2559,2.0789,1.9031,0.2605,1.4588,1.1705,28.5216,1.4328,1.189,0.219,0.8699,1.4231
"ILL_6853_AGL",1.1473,2.2085,3.3171,0.2693,4.6442,1.1393,0.8351,1.2404,2.0703,1.8712,0.2656,1.4482,1.1886,28.6468,1.4057,1.2196,0.2261,0.89,1.4051
"ILL_7089_AGL",1.1604,2.2027,3.4113,0.294,4.601,1.1443,0.7666,1.2682,2.0853,1.8828,0.2723,1.4663,1.1671,28.4398,1.4528,1.2093,0.227,0.8894,1.4304
"ILL_7558_AGL",1.1093,2.1115,3.1754,0.2559,4.428,1.0858,0.7752,1.1977,2.0031,1.7998,0.2588,1.4048,1.1774,27.301,1.3415,1.1559,0.2107,0.8525,1.3509
"ILL_7663_AGL",1.2595,2.366,3.5542,0.2803,4.9105,1.1961,0.8837,1.3255,2.2027,1.9748,0.2779,1.5355,1.24,30.1926,1.5079,1.2392,0.2365,0.9574,1.502
"ILL_7668_AGL",1.1732,2.4509,3.4503,0.2599,4.7761,1.1743,1.2546,1.2592,2.1443,1.8779,0.2427,1.4894,1.2166,31.0335,1.4549,1.2375,0.2351,0.9021,1.4474
"ILL_7716_AGL",1.0533,1.9047,2.9745,0.2567,4.1067,1.0527,0.7273,1.131,1.8786,1.7272,0.2521,1.3222,1.1207,26.0401,1.2682,1.1343,0.2044,0.7911,1.2714
"ILL_7747_AGL",1.1516,2.1577,3.3174,0.2705,4.5692,1.1278,0.778,1.2247,2.0555,1.8487,0.254,1.4358,1.1634,28.2184,1.3899,1.1853,0.2209,0.8602,1.4033
"ILL_7946_AGL",1.0924,2.1172,3.1911,0.2724,4.4352,1.0873,0.8441,1.2136,2.0049,1.8156,0.246,1.407,1.1538,28.1263,1.3844,1.1434,0.2141,0.8452,1.3574
"ILL_7978_AGL",1.1699,2.1566,3.293,0.2792,4.5088,1.1473,0.8096,1.2083,2.0418,1.8371,0.264,1.4187,1.1658,28.2673,1.3919,1.2102,0.2301,0.8754,1.3882
"ILL_7979_AGL",1.1478,2.2022,3.2585,0.2513,4.4902,1.1158,1.097,1.196,2.0308,1.831,0.241,1.4132,1.173,29.1095,1.381,1.1689,0.2205,0.8463,1.3717
"ILL_8007_AGL",1.0472,2.1474,3.1226,0.2513,4.4278,1.0613,0.9478,1.1938,1.9787,1.7942,0.2286,1.3924,1.1353,28.5868,1.3545,1.1517,0.2136,0.8331,1.3443
"ILL_8009_AGL",1.1162,2.2185,3.3697,0.2606,4.5774,1.1012,0.9744,1.2172,2.0443,1.8235,0.2467,1.425,1.1501,28.7924,1.3784,1.1707,0.2181,0.8511,1.3817
"ILL_8010_AGL",1.2001,2.4908,3.5833,0.2758,4.8644,1.1811,1.0606,1.2829,2.1827,1.9064,0.2529,1.5171,1.2573,30.8259,1.4706,1.2115,0.2327,0.8979,1.4647
"ILL_8072_AGL",1.0955,1.9789,3.025,0.251,4.2622,1.0532,0.7094,1.1715,1.9352,1.7731,0.2451,1.3608,1.1367,26.8305,1.309,1.1802,0.207,0.8105,1.3179
"ILL_8174_AGL",1.24,2.1441,3.3299,0.2741,4.6154,1.1876,0.7408,1.2556,2.1048,1.9202,0.2791,1.4644,1.2106,28.423,1.429,1.2367,0.2316,0.9029,1.4312
"ILL_8595_AGL",1.186,2.1547,3.3816,0.2638,4.6136,1.1779,0.8356,1.2279,2.0746,1.8735,0.2779,1.4299,1.1956,28.7278,1.3825,1.2584,0.2334,0.8914,1.4055
"ILL_9_AGL",1.1049,2.04,3.1341,0.263,4.338,1.0923,0.8218,1.1785,1.9609,1.7642,0.2624,1.3649,1.1635,27.414,1.3286,1.1358,0.2135,0.8445,1.322
"ILL_975_AGL",1.072,1.9112,3.0319,0.2613,4.2115,1.0437,0.7156,1.1656,1.9188,1.7654,0.2551,1.3459,1.1117,26.3947,1.3249,1.0785,0.2045,0.8261,1.3069
"ILL_9888_AGL",1.1546,2.269,3.4144,0.276,4.7679,1.1634,0.8295,1.2986,2.1457,1.9352,0.2634,1.4984,1.1864,29.6418,1.48,1.2339,0.2335,0.8961,1.4703
"ILL_9932_AGL",1.1349,2.24,3.3121,0.2632,4.5703,1.1238,0.9542,1.2192,2.0581,1.8342,0.2523,1.4303,1.1942,29.1598,1.3963,1.1586,0.2224,0.865,1.3907
"ILL_9945_AGL",1.1923,2.5364,3.5528,0.2762,4.9684,1.1662,1.0618,1.3271,2.2211,1.9574,0.2473,1.5559,1.2405,31.3735,1.5212,1.2119,0.233,0.9327,1.5062
"ILL_9977_AGL",1.1264,2.2568,3.256,0.2608,4.546,1.0937,1.0553,1.2141,2.041,1.8213,0.2338,1.4242,1.175,29.262,1.3931,1.1207,0.2188,0.846,1.3785
"ILL_9997_AGL",1.1081,2.0879,3.1606,0.2557,4.3725,1.0922,0.9905,1.1858,1.9824,1.7858,0.2438,1.3809,1.1467,28.0629,1.3554,1.1378,0.2164,0.8177,1.3413
"ILWL_118_AGL",1.0336,1.8132,2.9366,0.2533,4.0496,1.0161,0.786,1.1204,1.8499,1.6999,0.2544,1.2985,1.0925,25.6012,1.2524,1.0889,0.1974,0.79,1.2433
"Indianhead_AGL",1.2354,2.3021,3.5402,0.2637,4.828,1.2213,0.8822,1.2868,2.1997,1.9382,0.2725,1.5019,1.205,30.1257,1.4957,1.2309,0.2398,0.9214,1.4909
"IPL_220_AGL",1.1755,2.4323,3.5181,0.2685,4.8538,1.1742,1.1297,1.2814,2.1683,1.9241,0.2522,1.5126,1.2252,30.6614,1.4741,1.2262,0.2293,0.9014,1.4614
"Laird_AGL",1.1615,2.0744,3.1162,0.2608,4.3639,1.1075,0.7493,1.201,1.995,1.805,0.256,1.4017,1.1806,27.2068,1.3553,1.181,0.219,0.8582,1.3589
"LIRL.22.46_AGL",1.1863,2.3085,3.391,0.2675,4.6372,1.1627,1.0564,1.2504,2.0967,1.8647,0.2642,1.4635,1.2369,29.8994,1.4136,1.2214,0.2288,0.8876,1.423
"PI_163589_AGL",1.1043,2.1676,3.1569,0.2528,4.4973,1.0956,0.8692,1.2193,2.0199,1.8292,0.2427,1.4206,1.1778,28.3888,1.3796,1.1612,0.2161,0.8331,1.3737
"PI_169534_LSP_AGL",1.1108,2.1433,3.1919,0.2725,4.4418,1.0886,0.7547,1.198,2.0105,1.8033,0.2466,1.4137,1.1505,27.7911,1.3656,1.1716,0.2177,0.8527,1.3695
"PI_175754_LSP_AGL",1.1946,2.2941,3.4364,0.2847,4.7082,1.1436,0.7857,1.2566,2.1208,1.8956,0.2595,1.4748,1.2121,29.1989,1.4372,1.2127,0.2284,0.8786,1.4404
"PI_177430_LSP_AGL",1.1231,2.139,3.2748,0.2741,4.4543,1.1078,0.8597,1.1828,2.0122,1.7941,0.2631,1.3937,1.1741,28.119,1.3515,1.1813,0.2216,0.8543,1.3502
"PI_178939_LSP_AGL",1.1352,2.0971,3.2604,0.2844,4.4645,1.1198,0.7133,1.233,2.0309,1.8608,0.2677,1.4342,1.1507,27.733,1.4078,1.2045,0.2191,0.8748,1.3965
"PI_178952_AGL",1.2446,2.4542,3.6462,0.3009,4.9468,1.22,0.8569,1.3191,2.2303,1.988,0.2764,1.5501,1.2468,30.7688,1.5292,1.2979,0.2427,0.945,1.5175
"PI_178971_LSP_AGL",1.1924,2.264,3.5074,0.2956,4.6882,1.1621,0.874,1.2671,2.1073,1.9299,0.2763,1.46,1.2002,29.9789,1.4636,1.2495,0.2341,0.905,1.4419
"PI_179324_LSP_AGL",1.122,2.1784,3.2892,0.2741,4.4964,1.104,0.8819,1.2228,2.0379,1.831,0.2628,1.4191,1.1789,28.6008,1.3932,1.1468,0.2188,0.8819,1.3834
"PI_179330_AGL",1.1564,2.1394,3.3749,0.2928,4.4794,1.1508,0.7542,1.2223,2.0595,1.8521,0.2916,1.4243,1.1906,28.5252,1.4083,1.2344,0.2291,0.9234,1.3886
"PI_181771_LSP_AGL",1.2102,2.2568,3.5375,0.2989,4.7269,1.1767,0.8347,1.283,2.1294,1.9437,0.2823,1.4759,1.2066,29.7727,1.4733,1.2364,0.2365,0.9046,1.4581
"PI_181886_LSP_AGL",1.0999,2.0769,3.1251,0.259,4.3752,1.0874,0.7827,1.1796,1.9709,1.7943,0.2565,1.3799,1.1646,27.6807,1.3357,1.142,0.2164,0.837,1.3357
"PI_182217_LSP_AGL",1.2184,2.2699,3.5333,0.2868,4.7527,1.1636,0.9335,1.2513,2.1288,1.936,0.2818,1.4576,1.2131,30.0771,1.4427,1.2212,0.2407,0.8963,1.4455
"PI_193546_AGL",1.1816,2.4032,3.5658,0.2807,4.8925,1.1679,0.8865,1.3004,2.1808,1.9206,0.2623,1.5146,1.243,30.2885,1.4796,1.2314,0.2319,0.9201,1.4704
"PI_193547_LSP_AGL",1.157,2.1992,3.4016,0.2998,4.5362,1.1291,0.7042,1.2187,2.0606,1.8744,0.2753,1.4321,1.1688,28.3597,1.4151,1.2534,0.2287,0.8739,1.4061
"PI_193548_LSP_AGL",1.1732,2.28,3.4492,0.2682,4.7399,1.1585,0.8073,1.2592,2.1345,1.8909,0.268,1.4668,1.1974,29.5165,1.4508,1.2277,0.2339,0.8894,1.4517
"PI_193550_AGL",1.1703,2.2945,3.4792,0.2651,4.7299,1.1678,0.7455,1.2561,2.1519,1.888,0.2721,1.4741,1.1989,29.5989,1.4609,1.2541,0.2357,0.8914,1.4564
"PI_207492_LSP_AGL",1.1742,2.1359,3.4461,0.2934,4.5349,1.136,0.7107,1.2275,2.0423,1.8805,0.2801,1.4224,1.1701,28.2565,1.4058,1.2364,0.2258,0.8566,1.3928
"PI_209858_LSP_AGL",1.1123,2.2226,3.2351,0.2586,4.594,1.1254,1.025,1.2366,2.0592,1.8556,0.2415,1.4419,1.1712,29.0151,1.4244,1.1765,0.2208,0.8604,1.3935
"PI_211052_LSP_AGL",1.155,2.1751,3.4251,0.266,4.5749,1.0992,0.7912,1.2001,2.0533,1.8644,0.2684,1.4086,1.1593,28.4633,1.384,1.1993,0.2217,0.8525,1.3865
"PI_212100_LSP_AGL",1.1324,2.0173,3.2945,0.282,4.4098,1.0808,0.6189,1.1853,1.9942,1.8192,0.2648,1.3836,1.1254,26.7318,1.3436,1.1821,0.2145,0.8257,1.3491
"PI_212610_LSP_AGL",1.0854,1.8779,3.1726,0.2742,4.2919,1.0515,0.5668,1.1802,1.9367,1.795,0.2683,1.3552,1.1001,25.7825,1.3067,1.1517,0.2044,0.8117,1.3242
"PI_217949_LSP_AGL",1.0918,2.1931,3.2263,0.235,4.4662,1.0832,1.0254,1.1816,2.0143,1.7775,0.2399,1.4009,1.151,28.292,1.3518,1.1456,0.2141,0.8285,1.3536
"PI_238758_LSP_AGL",1.2083,2.3308,3.4522,0.2755,4.8756,1.2002,0.817,1.298,2.1782,1.9522,0.273,1.516,1.2363,29.9286,1.4675,1.2623,0.2383,0.9175,1.4825
"PI_244046_AGL",1.1952,2.3034,3.5278,0.2874,4.7266,1.1458,0.755,1.2694,2.1392,1.9109,0.2719,1.4756,1.1962,29.6708,1.4638,1.224,0.2351,0.9002,1.4645
"PI_250156_LSP_AGL",1.0459,1.9632,2.9683,0.2735,4.1147,1.0609,0.7907,1.1362,1.9206,1.6994,0.2333,1.3312,1.1206,27.1551,1.3198,1.0586,0.2154,0.7793,1.3045
"PI_250158_LSP_AGL",1.0615,2.0268,3.0631,0.2505,4.219,1.0485,0.8943,1.1352,1.9159,1.7312,0.2363,1.3344,1.1103,27.2671,1.2993,1.1421,0.2091,0.7949,1.295
"PI_251248_LSP_AGL",1.2437,2.3777,3.6711,0.2944,4.8678,1.2021,0.8975,1.2985,2.1832,1.9747,0.2775,1.5107,1.2039,30.3615,1.4974,1.2762,0.2419,0.9179,1.5015
"PI_273664_LSP_AGL",1.1688,2.1748,3.3115,0.2803,4.5911,1.137,0.6189,1.2378,2.0818,1.8938,0.2534,1.4544,1.1715,28.2815,1.4257,1.2691,0.225,0.864,1.4138
"PI_280686_AGL",1.1857,2.2277,3.4372,0.2902,4.5683,1.1527,0.7392,1.2261,2.0852,1.8625,0.2709,1.4493,1.1813,28.6187,1.4138,1.2467,0.2306,0.8886,1.4128
"PI_283604_LSP_AGL",1.1515,2.257,3.2819,0.2504,4.6477,1.1266,0.91,1.232,2.0754,1.8531,0.2628,1.4407,1.2183,28.9776,1.3896,1.1874,0.2209,0.8715,1.4007
"PI_289066_AGL",1.169,2.3166,3.3568,0.2599,4.7054,1.1655,1.0709,1.2588,2.1118,1.8894,0.2497,1.4712,1.2088,29.9586,1.4579,1.2248,0.2288,0.8855,1.425
"PI_289073_LSP_AGL",1.1261,2.1328,3.2244,0.2524,4.5023,1.1256,0.827,1.2275,2.0403,1.828,0.2452,1.4271,1.1456,27.9602,1.3954,1.1523,0.216,0.8363,1.3991
"PI_289079_LSP_AGL",1.1387,2.1516,3.1923,0.2434,4.5209,1.1105,0.8982,1.2177,2.0364,1.8468,0.2458,1.4219,1.1629,28.4575,1.3874,1.152,0.2193,0.8375,1.3975
"PI_290716_LSP_AGL",1.1561,2.1963,3.3878,0.2838,4.5468,1.1132,0.7957,1.2034,2.0418,1.8704,0.2699,1.4122,1.1804,29.0824,1.3879,1.2131,0.2272,0.8561,1.3887
"PI_297285_LSP_AGL",1.1475,2.1916,3.2895,0.2725,4.6535,1.1365,0.7765,1.2557,2.0892,1.8958,0.2605,1.4629,1.1888,28.8377,1.4192,1.2087,0.2286,0.8819,1.4253
"PI_297287_AGL",1.1895,2.3414,3.4819,0.2775,4.8328,1.1955,0.8075,1.2762,2.1615,1.9633,0.2827,1.5046,1.2276,30.0319,1.4622,1.2906,0.2383,0.9243,1.4755
"PI_297754_LSP_AGL",1.085,1.979,3.1284,0.2653,4.285,1.0634,0.8066,1.1757,1.9456,1.7913,0.2498,1.3649,1.1127,27.1622,1.3256,1.1646,0.209,0.8292,1.3223
"PI_297767_AGL",1.1262,2.151,3.1499,0.2655,4.5094,1.1001,0.7868,1.2224,2.0269,1.8497,0.2447,1.4307,1.1663,27.9222,1.4017,1.1756,0.2199,0.8659,1.3842
"PI_297772_LSP_AGL",1.085,2.1449,3.2158,0.2609,4.4165,1.0761,0.8888,1.1825,1.9981,1.7754,0.2523,1.3865,1.1598,27.9703,1.3528,1.1504,0.2147,0.8668,1.348
"PI_297783_AGL",1.1369,2.2122,3.3443,0.2621,4.582,1.1274,0.7944,1.2148,2.0793,1.8493,0.2634,1.4277,1.174,28.904,1.4067,1.2046,0.2272,0.8667,1.4039
"PI_297787_LSP_AGL",1.1617,2.1338,3.4277,0.2813,4.546,1.1109,0.7412,1.2274,2.046,1.8733,0.2791,1.4134,1.1719,28.7014,1.3975,1.2366,0.2239,0.8564,1.3933
"PI_298023_LSP_AGL",1.2272,2.3871,3.6533,0.2978,4.9459,1.2311,0.8836,1.316,2.2118,1.9721,0.2884,1.5264,1.2547,30.712,1.505,1.2611,0.2459,0.9303,1.5031
"PI_298121_LSP_AGL",1.1948,2.3587,3.532,0.2685,4.8526,1.193,0.9491,1.2843,2.1674,1.9427,0.2648,1.4986,1.2309,30.4372,1.4587,1.2673,0.2363,0.9113,1.4624
"PI_298122_LSP_AGL",1.1426,2.1907,3.2497,0.2467,4.5955,1.1208,0.7774,1.2411,2.0784,1.8603,0.2504,1.4429,1.1755,28.5582,1.4051,1.145,0.2165,0.8545,1.4216
"PI_298357_LSP_AGL",1.2706,2.4553,3.6787,0.2917,5.0369,1.2241,0.9464,1.3408,2.272,2.0869,0.2746,1.5668,1.2724,32.536,1.5651,1.2353,0.2495,0.9472,1.5633
"PI_298631_LSP_AGL",1.1298,2.1867,3.1661,0.251,4.5285,1.1294,0.904,1.2173,2.044,1.8373,0.2535,1.427,1.1904,28.6533,1.3923,1.1691,0.2241,0.8584,1.3917
"PI_298644_LSP_AGL",1.2282,2.3419,3.3142,0.2599,4.7465,1.181,0.9111,1.2692,2.1431,1.9098,0.2506,1.4881,1.2568,29.8707,1.4543,1.2315,0.2314,0.8999,1.4425
"PI_298645_AGL",1.1308,2.1756,3.3437,0.2587,4.6138,1.1219,0.8906,1.2336,2.0604,1.8511,0.253,1.4303,1.1778,28.9533,1.3947,1.1889,0.2238,0.865,1.389
"PI_298921_AGL",1.1512,2.1067,3.2749,0.2603,4.6362,1.1323,0.6061,1.2458,2.0819,1.906,0.2649,1.4549,1.1705,27.478,1.4136,1.2207,0.2139,0.8681,1.4027
"PI_298922_LSP_AGL",1.0871,2.0012,3.1225,0.2402,4.3686,1.0768,0.8595,1.1651,1.9678,1.8022,0.2368,1.3674,1.1358,27.4416,1.3114,1.1593,0.2063,0.8061,1.316
"PI_298923_LSP_AGL",1.213,2.404,3.5484,0.2852,4.8829,1.2047,0.9284,1.306,2.1854,1.948,0.2715,1.5261,1.2405,30.5077,1.4958,1.278,0.2418,0.9212,1.4849
"PI_299116_LSP_AGL",1.0517,1.854,2.9467,0.2397,4.0701,1.0273,0.6725,1.1168,1.8626,1.7088,0.2391,1.2997,1.1058,26.1015,1.2602,1.1038,0.2006,0.7596,1.2632
"PI_299120_LSP_AGL",1.038,1.8907,3.0109,0.2432,4.1368,1.0062,0.7638,1.1295,1.8742,1.7316,0.2428,1.3059,1.1227,26.5075,1.2736,1.0743,0.1967,0.7663,1.2604
"PI_299121_LSP_AGL",1.1072,2.0858,3.2451,0.2531,4.4628,1.0886,0.7668,1.1895,1.9951,1.8141,0.2614,1.387,1.1751,27.8217,1.3512,1.1612,0.2159,0.8281,1.3398
"PI_299126_LSP_AGL",1.1196,2.1708,3.2592,0.2447,4.5586,1.1197,0.9204,1.2127,2.0474,1.8531,0.2537,1.4236,1.2045,28.7595,1.3788,1.2264,0.2165,0.8438,1.3665
"PI_299163_LSP_AGL",1.1702,2.3177,3.3627,0.2651,4.72,1.158,0.9041,1.2538,2.1142,1.9112,0.2625,1.4743,1.2168,29.5144,1.4388,1.2363,0.2298,0.9097,1.437
"PI_299164_LSP_AGL",1.0763,2.0221,3.0501,0.2484,4.2735,1.0701,0.8751,1.1352,1.9228,1.7592,0.2581,1.3381,1.1492,27.4282,1.2911,1.1499,0.2152,0.8277,1.2963
"PI_299165_AGL",1.1401,2.1956,3.2203,0.259,4.5828,1.1221,0.8154,1.2263,2.0609,1.877,0.2555,1.4457,1.1956,28.6899,1.3955,1.2044,0.2222,0.8626,1.3988
"PI_299177_LSP_AGL",1.1722,2.2259,3.3643,0.273,4.6273,1.1563,0.8423,1.2433,2.087,1.888,0.2748,1.4539,1.2003,29.1517,1.418,1.2796,0.2283,0.891,1.413
"PI_299237_LSP_AGL",1.1338,2.1814,3.3934,0.2906,4.5395,1.1202,0.8126,1.2238,2.0487,1.8708,0.2699,1.4184,1.1806,28.7233,1.411,1.2064,0.2232,0.889,1.3821
"PI_299289_AGL",1.2358,2.383,3.5788,0.297,4.8316,1.1808,0.8541,1.2902,2.1938,1.9692,0.2724,1.529,1.2331,29.9569,1.4883,1.2624,0.2351,0.9389,1.4888
"PI_299312_AGL",1.2491,2.32,3.3974,0.2601,4.805,1.1641,0.8963,1.2755,2.156,1.9403,0.2688,1.4923,1.2662,30.1346,1.4433,1.1898,0.2338,0.8822,1.4613
"PI_299345_AGL",1.1627,2.2775,3.3217,0.2599,4.6962,1.1615,0.9474,1.2495,2.1072,1.8802,0.2593,1.4647,1.2193,29.5105,1.4158,1.2086,0.2306,0.8826,1.4251
"PI_299351_LSP_AGL",1.1325,2.0345,3.2552,0.2866,4.3073,1.076,0.7014,1.1546,1.9548,1.806,0.2732,1.3538,1.1269,27.2476,1.3348,1.2038,0.221,0.8565,1.3326
"PI_299366_LSP_AGL",1.1098,2.124,3.0555,0.2467,4.4042,1.0743,0.8391,1.1696,1.9893,1.7964,0.2346,1.3892,1.1667,27.815,1.3311,1.1575,0.2156,0.8206,1.3447
"PI_299375_LSP_AGL",1.0786,2.0235,3.0367,0.249,4.3098,1.0533,0.8535,1.1549,1.9351,1.764,0.2415,1.3527,1.1414,27.2864,1.3031,1.1504,0.2102,0.8287,1.2979
"PI_300250_LSP_AGL",1.1594,2.2181,3.3707,0.2714,4.5949,1.1118,0.8461,1.2322,2.0791,1.8688,0.2569,1.451,1.1803,28.6514,1.41,1.2076,0.2211,0.8865,1.4041
"PI_302398_LSP_AGL",0.9942,1.7709,2.8205,0.2416,3.9105,0.9852,0.7356,1.0848,1.8136,1.6403,0.2438,1.2655,1.0891,24.7271,1.2025,1.0844,0.1922,0.7855,1.1994
"PI_308614_LSP_AGL",1.1081,2.1757,3.3232,0.2613,4.5086,1.1054,0.8978,1.1978,2.0346,1.8253,0.2562,1.4044,1.1549,28.4109,1.3879,1.1804,0.2213,0.877,1.3694
"PI_311107_LSP_AGL",1.1227,2.1475,3.2521,0.2524,4.548,1.117,0.8975,1.2209,2.0521,1.8613,0.2534,1.4191,1.1859,28.7501,1.3942,1.1505,0.2228,0.8457,1.3898
"PI_312175_LSP_AGL",1.1491,2.1288,3.2631,0.276,4.5625,1.1209,0.7098,1.2467,2.0661,1.9122,0.263,1.4482,1.1714,28.6365,1.4229,1.2025,0.2236,0.8738,1.4231
"PI_320935_LSP_AGL",1.1433,2.0211,3.2545,0.2741,4.3675,1.1082,0.8646,1.1881,1.9954,1.8348,0.2693,1.3795,1.1716,28.164,1.3658,1.1523,0.2215,0.8673,1.3411
"PI_320936_LSP_AGL",1.1186,2.2877,3.3193,0.2594,4.6194,1.1484,0.6787,1.2258,2.1196,1.867,0.2667,1.4713,1.1842,29.1775,1.4635,1.2743,0.2244,0.923,1.4223
"PI_320937_LSP_AGL",1.2281,2.4104,3.4886,0.2723,4.877,1.2091,0.9538,1.3026,2.1999,1.9574,0.2637,1.5236,1.2235,30.7989,1.5195,1.2669,0.2367,0.9376,1.5039
"PI_320941_LSP_AGL",1.1767,2.1293,3.432,0.2834,4.5501,1.1233,0.7584,1.2273,2.065,1.9201,0.2754,1.4221,1.157,28.699,1.4198,1.226,0.2269,0.8733,1.4087
"PI_320945_LSP_AGL",1.1301,2.1688,3.2577,0.2527,4.5415,1.1264,0.8925,1.2187,2.0633,1.8699,0.2609,1.4388,1.1805,28.4478,1.3973,1.219,0.2131,0.8663,1.3869
"PI_320946_LSP_AGL",1.0069,1.9317,3.0051,0.2555,4.1443,1.0297,0.7836,1.1269,1.8751,1.7087,0.2524,1.3073,1.1165,26.5148,1.2822,1.0915,0.2025,0.8105,1.2595
"PI_320952_LSP_AGL",1.2632,2.3943,3.6535,0.2733,4.9793,1.2567,0.8059,1.3285,2.2778,2.0063,0.2837,1.5556,1.2358,30.9314,1.5646,1.2882,0.2441,0.9664,1.5419
"PI_320953_LSP_AGL",1.2409,2.3766,3.597,0.2825,4.8865,1.2078,0.795,1.3046,2.224,1.9917,0.2806,1.5323,1.2223,30.5982,1.5197,1.278,0.2417,0.9382,1.5187
"PI_320954_LSP_AGL",1.1575,2.1801,3.2106,0.2525,4.5759,1.1215,0.7631,1.2412,2.0866,1.8644,0.25,1.4459,1.1971,28.7859,1.4197,1.1258,0.2206,0.8524,1.4287
"PI_329157_LSP_AGL",1.1862,2.2469,3.4092,0.2896,4.7,1.1704,0.7671,1.2726,2.1252,1.9356,0.2803,1.491,1.1942,29.0066,1.4711,1.2723,0.2299,0.9325,1.4495
"PI_329167_LSP_AGL",1.1582,2.2302,3.3146,0.2758,4.6218,1.1442,0.8467,1.2464,2.0741,1.8779,0.2634,1.4508,1.1869,28.918,1.4195,1.2357,0.2289,0.8993,1.4191
"PI_339266_LSP_AGL",1.1581,2.164,3.2524,0.2767,4.5374,1.1287,0.7573,1.2391,2.0544,1.8748,0.2541,1.4439,1.1877,28.3514,1.4174,1.2146,0.2266,0.8685,1.4016
"PI_339283_LSP_AGL",1.0667,2.1177,3.1666,0.2662,4.3085,1.0677,0.7704,1.1533,1.9699,1.7467,0.2511,1.3691,1.141,27.3715,1.3439,1.1501,0.2144,0.8542,1.3189
"PI_339285_AGL",1.1335,2.1417,3.3452,0.2625,4.5915,1.1159,0.8174,1.227,2.0649,1.867,0.2769,1.4214,1.1946,28.5493,1.3919,1.2136,0.2181,0.8772,1.3826
"PI_339289_LSP_AGL",1.1983,2.2791,3.4887,0.2908,4.6991,1.1586,0.7945,1.2493,2.1154,1.8937,0.2782,1.458,1.2182,29.2492,1.4326,1.227,0.2365,0.9006,1.4331
"PI_339292_LSP_AGL",1.2505,2.441,3.7261,0.3005,4.9927,1.2296,0.8959,1.3289,2.2383,2.0205,0.2897,1.55,1.2484,31.2293,1.5484,1.2991,0.2452,0.9596,1.5286
"PI_339296_AGL",1.1885,2.1411,3.4509,0.2835,4.5187,1.1444,0.7668,1.2152,2.0633,1.8785,0.2742,1.4213,1.1734,28.7694,1.3971,1.2336,0.2319,0.863,1.4056
"PI_343026_LSP_AGL",1.1934,2.2352,3.4889,0.2765,4.7147,1.1436,0.8801,1.2528,2.1057,1.9331,0.2731,1.4451,1.2087,30.0992,1.4435,1.2415,0.2311,0.8865,1.4278
"PI_345627_LSP_AGL",1.2355,2.2331,3.2982,0.2607,4.6461,1.155,0.9664,1.2466,2.1019,1.9123,0.2559,1.4591,1.2251,29.6276,1.4357,1.1596,0.2328,0.8932,1.4259
"PI_358602_LSP_AGL",1.1317,2.1311,3.2783,0.2592,4.4941,1.1005,0.9053,1.1887,2.0222,1.848,0.2527,1.4011,1.1548,28.5248,1.3745,1.1701,0.2203,0.842,1.3687
"PI_368647_LSP_AGL",1.1503,2.1483,3.3051,0.26,4.5551,1.1128,0.8452,1.2244,2.0438,1.8684,0.2538,1.4214,1.177,28.9034,1.3975,1.1915,0.2232,0.8517,1.3849
"PI_368651_LSP_AGL",1.178,2.3154,3.5084,0.2752,4.7363,1.1602,0.9687,1.2507,2.1218,1.9142,0.2615,1.4683,1.1965,30.0977,1.445,1.2442,0.2316,0.8866,1.437
"PI_370481_LSP_AGL",1.2413,2.4452,3.5825,0.2787,5.0793,1.2299,0.7915,1.343,2.2618,2.0454,0.2808,1.5691,1.2761,31.048,1.5456,1.2601,0.2423,0.9439,1.5443
"PI_374116_LSP_AGL",1.08,1.9834,2.9916,0.2404,4.2465,1.0535,0.7655,1.1742,1.9447,1.763,0.2321,1.3552,1.1232,27.2149,1.3309,1.0747,0.2089,0.797,1.3391
"PI_374117_LSP_AGL",1.153,2.2791,3.4125,0.2596,4.7565,1.1394,0.8698,1.2707,2.1231,1.9305,0.2646,1.4818,1.206,29.7209,1.453,1.1858,0.2211,0.8977,1.4453
"PI_374118_AGL",1.1203,2.051,3.2255,0.255,4.4484,1.1,0.764,1.184,2.0157,1.8386,0.2517,1.3935,1.1511,27.9088,1.3677,1.1553,0.2127,0.8293,1.3502
"PI_374120_LSP_AGL",1.12,2.0008,3.1856,0.2534,4.4833,1.0986,0.6645,1.2045,2.018,1.8698,0.2639,1.3979,1.152,27.6656,1.3647,1.1707,0.2186,0.8329,1.3703
"PI_374121_AGL",1.1008,2.0589,3.1697,0.2577,4.4327,1.0948,0.7689,1.1987,2.0058,1.8375,0.2547,1.3956,1.1644,27.8993,1.3623,1.1562,0.2213,0.8344,1.3641
"PI_379368_LSP_AGL",1.0936,2.1115,3.1808,0.2551,4.4884,1.0882,0.7883,1.2049,2.018,1.8418,0.2543,1.4023,1.1729,28.3157,1.3657,1.161,0.2184,0.8502,1.37
"PI_383682_LSP_AGL",1.2649,2.3696,3.668,0.2959,4.9282,1.2097,0.8409,1.3105,2.2129,2.0112,0.2713,1.5264,1.2347,31.002,1.5031,1.2851,0.2467,0.9201,1.514
"PI_420818_AGL",1.0783,2.1112,3.1089,0.2561,4.3503,1.0672,0.8978,1.1772,1.9608,1.7685,0.2429,1.3704,1.1683,28.0995,1.3361,1.1207,0.2162,0.8362,1.3298
"PI_420924_LSP_AGL",1.1806,2.3999,3.5162,0.2746,4.9642,1.1794,0.786,1.3072,2.1936,1.9847,0.2653,1.5309,1.2358,30.384,1.5036,1.2338,0.2301,0.9228,1.4902
"PI_420925_LSP_AGL",1.1405,2.2334,3.3897,0.2765,4.6292,1.1317,0.6977,1.2298,2.096,1.8715,0.2571,1.4545,1.1755,28.8025,1.4351,1.182,0.2229,0.8704,1.4121
"PI_420929_LSP_AGL",1.1579,2.3158,3.4287,0.2748,4.7848,1.1483,0.8221,1.2774,2.1376,1.9452,0.2622,1.4955,1.2093,29.8556,1.4732,1.1997,0.2228,0.8995,1.4536
"PI_426202_LSP_AGL",1.1381,2.1574,3.356,0.2706,4.5413,1.099,0.8308,1.1897,2.0407,1.874,0.2716,1.4033,1.1654,28.6569,1.3856,1.1668,0.22,0.8573,1.378
"PI_426778_LSP_AGL",1.1165,1.9472,3.1564,0.2505,4.3597,1.0777,0.7194,1.1842,1.9803,1.8422,0.2629,1.3732,1.1424,27.58,1.3456,1.1688,0.2122,0.8157,1.3383
"PI_426784_LSP_AGL",1.0467,2.04,3.0424,0.2388,4.248,1.0276,0.9754,1.1394,1.9289,1.7488,0.2256,1.3435,1.1092,27.6947,1.3101,1.0714,0.2029,0.7994,1.3001
"PI_426797_LSP_AGL",1.0357,1.9722,2.9525,0.2383,4.1627,1.01,0.9182,1.1183,1.8842,1.722,0.2243,1.3142,1.0993,27.0061,1.2759,1.0636,0.2007,0.7782,1.2711
"PI_426807_LSP_AGL",1.1004,1.9524,3.1667,0.2721,4.2443,1.0644,0.7633,1.1496,1.9363,1.7685,0.256,1.341,1.1203,27.2112,1.3092,1.1309,0.2155,0.8171,1.3125
"PI_431618_LSP_AGL",1.1344,2.1725,3.2949,0.2664,4.5155,1.1184,0.8544,1.2148,2.0499,1.8451,0.2647,1.4189,1.1969,28.6318,1.3978,1.1958,0.2216,0.8673,1.3768
"PI_431622_LSP_AGL",1.0921,1.9829,3.1423,0.2848,4.2117,1.0623,0.7292,1.1325,1.9197,1.7762,0.2638,1.3275,1.1079,26.9683,1.3225,1.1657,0.2154,0.827,1.306
"PI_431630_LSP_AGL",1.1349,2.1135,3.3673,0.2738,4.5014,1.0997,0.796,1.2107,2.0308,1.8619,0.2719,1.4068,1.1722,28.3053,1.3811,1.2122,0.2197,0.8502,1.3699
"PI_431633_LSP_AGL",1.237,2.438,3.6348,0.2795,5.0189,1.2315,0.8926,1.3354,2.2399,1.9884,0.2809,1.5567,1.2627,30.8212,1.5218,1.2847,0.244,0.9426,1.5228
"PI_431636_LSP_AGL",1.2035,2.286,3.4991,0.2709,4.8399,1.1876,0.7802,1.2915,2.16,1.9621,0.2735,1.4959,1.2344,30.199,1.4681,1.2597,0.2362,0.9065,1.4717
"PI_431643_LSP_AGL",1.2264,2.2725,3.5941,0.2913,4.8298,1.2031,0.7119,1.3017,2.181,1.9903,0.2947,1.5141,1.2277,30.1874,1.4933,1.3093,0.2375,0.9378,1.4837
"PI_431662_LSP_AGL",1.2033,2.2254,3.4733,0.2933,4.6744,1.1579,0.7925,1.2394,2.1088,1.9494,0.2788,1.4544,1.1865,29.4304,1.4488,1.2249,0.2335,0.8992,1.4448
"PI_431663_LSP_AGL",1.1162,2.0895,3.2522,0.2913,4.3594,1.0798,0.7059,1.1676,1.9771,1.8214,0.2616,1.3711,1.1352,27.6063,1.3626,1.1643,0.2217,0.8476,1.3486
"PI_431679_LSP_AGL",1.2076,2.2866,3.5195,0.2898,4.7439,1.1407,0.8312,1.2607,2.1326,1.9564,0.2729,1.4701,1.2095,29.9314,1.452,1.2026,0.2338,0.8976,1.46
"PI_431684_LSP_AGL",1.1492,2.0639,3.341,0.2957,4.4457,1.115,0.6039,1.2313,2.0337,1.8808,0.2762,1.4151,1.1463,27.9773,1.4219,1.2166,0.2231,0.8718,1.3953
"PI_431705_LSP_AGL",1.095,2.0568,3.1442,0.2746,4.2755,1.069,0.8707,1.1537,1.9397,1.7982,0.2588,1.3437,1.1378,27.9166,1.3442,1.1413,0.2164,0.8462,1.3194
"PI_431710_LSP_AGL",1.154,2.1894,3.417,0.2921,4.5501,1.1241,0.7946,1.2296,2.0661,1.8959,0.2799,1.4284,1.1769,28.9683,1.4293,1.2022,0.2262,0.8815,1.4066
"PI_431714_LSP_AGL",1.1531,2.1695,3.3876,0.2993,4.4817,1.135,0.7683,1.2234,2.0479,1.8913,0.2764,1.4243,1.1607,28.6764,1.4389,1.2443,0.2293,0.8979,1.4002
"PI_431717_LSP_AGL",1.1656,2.1469,3.3918,0.2918,4.5168,1.1484,0.8032,1.2187,2.0516,1.8964,0.2793,1.4185,1.1712,28.6706,1.4304,1.2238,0.2276,0.8862,1.3953
"PI_431728_LSP_AGL",1.1206,2.0222,3.2521,0.2862,4.3507,1.0903,0.6611,1.1958,1.9857,1.8442,0.2663,1.3827,1.1385,27.6549,1.3893,1.1828,0.2203,0.8446,1.3513
"PI_431731_LSP_AGL",1.1307,2.019,3.2739,0.2898,4.3953,1.1076,0.6798,1.2027,2.0079,1.8716,0.2741,1.3905,1.1386,27.737,1.3947,1.1931,0.2208,0.8591,1.3647
"PI_431739_LSP_AGL",1.1863,2.311,3.5368,0.2885,4.7278,1.1508,0.9103,1.264,2.1207,1.9461,0.2736,1.4639,1.2091,30.4011,1.468,1.2174,0.2352,0.8968,1.4486
"PI_431753_LSP_AGL",1.125,2.1207,3.3087,0.2816,4.4863,1.0974,0.8217,1.2066,2.0198,1.8847,0.2632,1.4059,1.1515,28.3942,1.4076,1.1598,0.2199,0.8658,1.3804
"PI_431756_LSP_AGL",1.1032,2.0568,3.2307,0.284,4.3275,1.0806,0.7676,1.1823,1.9776,1.8311,0.2692,1.3737,1.1433,27.9567,1.3712,1.1729,0.2168,0.8615,1.3456
"PI_431809_LSP_AGL",1.1376,1.9727,3.2805,0.2748,4.3724,1.1123,0.6688,1.1877,1.9949,1.841,0.2837,1.3717,1.1506,27.7707,1.3548,1.2016,0.2207,0.843,1.3504
"PI_431824_LSP_AGL",1.1552,2.0401,3.2671,0.2649,4.4733,1.1323,0.7658,1.2083,2.0282,1.8585,0.2569,1.4026,1.1683,28.3058,1.3869,1.2029,0.2258,0.853,1.3615
"PI_431863_LSP_AGL",1.1023,1.9949,3.1619,0.2718,4.336,1.085,0.7578,1.1853,1.9771,1.8348,0.2615,1.3749,1.1325,27.5658,1.3711,1.1542,0.2166,0.8505,1.3477
"PI_431873_LSP_AGL",1.0539,1.8399,2.9413,0.2582,4.0799,1.0287,0.6686,1.1268,1.8708,1.7696,0.2408,1.3144,1.0903,26.105,1.301,1.1154,0.2028,0.7827,1.2718
"PI_431884_LSP_AGL",1.1663,2.0807,3.287,0.2765,4.4974,1.1045,0.6545,1.2275,2.043,1.8974,0.2695,1.4252,1.1536,27.942,1.4124,1.1986,0.2195,0.8828,1.3997
"PI_431888_LSP_AGL",1.1996,2.1689,3.479,0.283,4.6696,1.1367,0.7065,1.2515,2.1059,1.9421,0.2735,1.4499,1.1676,28.8724,1.4494,1.2189,0.2311,0.8782,1.4368
"PI_431893_LSP_AGL",1.1976,2.2751,3.4993,0.2992,4.7461,1.169,0.8028,1.2731,2.1543,1.9568,0.2669,1.4929,1.2061,29.6528,1.4675,1.2456,0.2351,0.8941,1.4589
"PI_431923_LSP_AGL",1.1517,2.1216,3.4372,0.2816,4.4837,1.088,0.7704,1.2092,2.0318,1.8699,0.2703,1.3969,1.1704,28.7614,1.3938,1.2038,0.2235,0.8429,1.371
"PI_431980_LSP_AGL",1.2958,2.3553,3.6001,0.2898,4.9752,1.2244,0.7872,1.3485,2.2528,2.0511,0.2833,1.559,1.2569,30.7132,1.5555,1.2962,0.2424,0.9569,1.5364
"PI_432000_LSP_AGL",1.161,2.0511,3.346,0.2738,4.4962,1.1038,0.7009,1.2099,2.0305,1.8986,0.2753,1.3965,1.1508,28.1835,1.3975,1.2076,0.223,0.8566,1.3819
"PI_432001_LSP_AGL",1.2633,2.4021,3.6846,0.2913,5.0258,1.2209,0.8607,1.3467,2.2565,2.035,0.2866,1.5538,1.2709,31.32,1.5506,1.266,0.2426,0.945,1.5307
"PI_432002_LSP_AGL",1.1912,2.2712,3.5173,0.2975,4.6902,1.1494,0.8329,1.2422,2.1122,1.9324,0.2747,1.4504,1.1935,29.672,1.4441,1.2227,0.2348,0.8924,1.4377
"PI_432005_LSP_AGL",1.2005,2.1797,3.4036,0.2729,4.6304,1.1302,0.8338,1.2247,2.0767,1.8857,0.2664,1.4212,1.1891,29.0248,1.4077,1.1635,0.2326,0.8725,1.4157
"PI_432028_LSP_AGL",1.136,2.0739,3.2108,0.2805,4.3354,1.0851,0.7546,1.1562,1.9744,1.8378,0.2637,1.3668,1.1364,27.7008,1.3616,1.2111,0.218,0.8551,1.3404
"PI_432033_LSP_AGL",1.0906,1.9435,3.1287,0.2759,4.1775,1.038,0.6596,1.1257,1.9141,1.7858,0.2605,1.3194,1.0972,26.4603,1.3106,1.1299,0.2097,0.8176,1.2996
"PI_432085_LSP_AGL",1.1999,2.2876,3.5255,0.2859,4.8449,1.1769,0.7566,1.3127,2.18,1.9888,0.2768,1.5184,1.2235,30.2109,1.5086,1.2274,0.2326,0.9269,1.4924
"PI_432106_LSP_AGL",1.1684,2.2199,3.3219,0.2634,4.6915,1.135,0.8346,1.2559,2.0972,1.8959,0.257,1.4567,1.2104,29.4932,1.4248,1.1751,0.2303,0.8782,1.4217
"PI_432124_LSP_AGL",1.1362,2.1245,3.3175,0.2852,4.4887,1.0911,0.7546,1.2144,2.0223,1.8749,0.2635,1.406,1.1475,28.3416,1.4053,1.1744,0.2234,0.8701,1.3796
"PI_432145_LSP_AGL",1.1211,2.141,3.3634,0.2852,4.4702,1.0969,0.7924,1.2051,2.0247,1.8625,0.2752,1.3998,1.1569,28.6235,1.3924,1.2127,0.221,0.8719,1.3696
"PI_432147_LSP_AGL",1.146,2.1388,3.3638,0.2925,4.4695,1.1329,0.8087,1.2094,2.0317,1.857,0.275,1.3995,1.1727,28.6694,1.4051,1.2091,0.2264,0.8737,1.3763
"PI_432184_LSP_AGL",1.1586,2.131,3.3657,0.2758,4.5336,1.128,0.7712,1.2261,2.0505,1.8785,0.2702,1.4228,1.1872,28.9104,1.4039,1.2177,0.2272,0.8631,1.3939
"PI_432188_LSP_AGL",1.1285,2.0994,3.2833,0.2675,4.4602,1.1122,0.7869,1.2053,2.0307,1.8558,0.2685,1.4057,1.1707,28.4654,1.377,1.222,0.2206,0.8666,1.3707
"PI_432190_LSP_AGL",1.1674,2.0551,3.1755,0.2575,4.5145,1.1032,0.6971,1.2281,2.0485,1.893,0.261,1.4292,1.1746,28.0863,1.401,1.154,0.2167,0.861,1.3941
"PI_432201_LSP_AGL",1.1379,2.1748,3.3174,0.2691,4.488,1.1378,0.9894,1.2043,2.0387,1.8555,0.262,1.4166,1.1827,29.1941,1.4025,1.2166,0.2268,0.8735,1.3701
"PI_432212_LSP_AGL",1.1975,2.2257,3.4771,0.2834,4.6651,1.1438,0.7952,1.2282,2.1018,1.9418,0.2794,1.448,1.1663,29.3173,1.4426,1.2235,0.2329,0.8966,1.4388
"PI_432236_LSP_AGL",1.1611,2.1661,3.3767,0.282,4.5067,1.0997,0.8247,1.196,2.0364,1.8819,0.266,1.407,1.1565,28.6674,1.3913,1.1743,0.2264,0.8636,1.3901
"PI_432245_LSP_AGL",1.1898,2.372,3.4785,0.2764,4.74,1.1759,1.0699,1.2621,2.1301,1.9084,0.2645,1.4789,1.2258,30.6097,1.4617,1.198,0.2348,0.9066,1.4451
"PI_432271_LSP_AGL",1.1748,2.2806,3.4008,0.2737,4.6791,1.1491,0.9174,1.2439,2.1114,1.9121,0.2613,1.4614,1.1971,29.6443,1.4363,1.1943,0.2304,0.886,1.4362
"PI_432286_LSP_AGL",1.1588,2.2779,3.2986,0.2532,4.6593,1.107,0.9236,1.2482,2.1051,1.8884,0.2474,1.4706,1.2112,29.6068,1.4304,1.1738,0.2217,0.8719,1.4311
"PI_451763_LSP_AGL",1.1528,2.1166,3.2253,0.261,4.5512,1.1246,0.7438,1.2255,2.0572,1.884,0.2612,1.4324,1.1924,28.5625,1.3964,1.1623,0.2236,0.8626,1.4001
"PI_458503_LSP_AGL",1.0408,1.824,2.8769,0.2301,4.0447,1.0042,0.7708,1.1025,1.8432,1.7129,0.2341,1.2865,1.1187,26.1261,1.2476,1.0761,0.1954,0.7487,1.238
"PI_468900_LSP_AGL",1.1834,2.2371,3.3416,0.26,4.6571,1.1371,0.8962,1.2509,2.1022,1.9307,0.262,1.4617,1.207,29.7233,1.4367,1.2129,0.2247,0.8773,1.4327
"PI_468901_AGL",1.2051,2.3284,3.4714,0.2714,4.8236,1.1913,0.9323,1.2955,2.178,1.9835,0.2679,1.5091,1.2187,30.731,1.4932,1.2721,0.2341,0.9183,1.4865
"PI_468902_LSP_AGL",1.1488,2.2181,3.3214,0.2604,4.6149,1.1208,0.8803,1.2072,2.0589,1.8595,0.2541,1.4225,1.1958,29.2273,1.3838,1.1537,0.2248,0.842,1.3905
"PI_472136_LSP_AGL",1.0745,2.141,3.2028,0.2443,4.4234,1.0741,0.912,1.1829,2.0088,1.8113,0.2356,1.3985,1.1457,28.1423,1.3662,1.1248,0.21,0.8169,1.355
"PI_472205_LSP_AGL",1.059,2.0815,3.1295,0.2623,4.2553,1.021,0.8753,1.1477,1.9272,1.7483,0.2404,1.3516,1.1326,27.587,1.3166,1.1032,0.208,0.8209,1.3025
"PI_472213_LSP_AGL",1.1335,2.0327,3.2901,0.269,4.4399,1.1052,0.7817,1.2083,2.0164,1.8562,0.2636,1.3988,1.1642,28.304,1.3734,1.2257,0.2187,0.8625,1.3614
"PI_472327_LSP_AGL",1.053,2.1419,3.1062,0.2562,4.3224,1.0571,0.9921,1.1618,1.9633,1.7583,0.2339,1.3722,1.1284,28.2862,1.3496,1.1444,0.2119,0.8311,1.333
"PI_472380_LSP_AGL",1.039,2.0017,2.9983,0.2378,4.1438,1.0371,0.9487,1.1106,1.8875,1.6964,0.2296,1.3157,1.0952,26.8005,1.2818,1.1387,0.2046,0.7865,1.2663
"PI_472416_LSP_AGL",1.1215,2.2728,3.2977,0.27,4.583,1.1156,1.0254,1.2296,2.0603,1.8478,0.2415,1.4419,1.1569,29.5876,1.4213,1.1889,0.2235,0.879,1.4077
"PI_472488_LSP_AGL",1.1018,2.1183,3.1689,0.2604,4.3528,1.0726,0.7177,1.1806,2.0213,1.7632,0.2493,1.3911,1.183,28.0546,1.3731,1.13,0.2108,0.8437,1.3438
"PI_472559_LSP_AGL",1.1,2.2503,3.1393,0.2482,4.423,1.0679,1.0974,1.1868,2.0006,1.7834,0.2252,1.4052,1.1635,29.1965,1.3688,1.135,0.2137,0.8396,1.3624
"PI_472561_LSP_AGL",1.0756,2.0561,3.0774,0.2558,4.2474,1.0457,0.8837,1.1545,1.9394,1.7488,0.238,1.3535,1.1383,27.7338,1.3174,1.136,0.2101,0.8115,1.3156
"PI_472569_LSP_AGL",1.0313,2.0164,3.0379,0.2339,4.2535,1.025,0.9902,1.1316,1.9165,1.7627,0.2282,1.3289,1.1143,27.8085,1.3081,1.067,0.2027,0.7907,1.2943
"PI_472588_LSP_AGL",1.2038,2.3899,3.559,0.2801,4.957,1.2084,0.9801,1.3034,2.2061,2.0014,0.2773,1.5213,1.2443,31.1616,1.5089,1.2729,0.2356,0.9328,1.4982
"PI_472590_LSP_AGL",1.0561,1.8995,2.9537,0.2719,4.0047,1.0184,0.7772,1.0845,1.842,1.6892,0.2514,1.2737,1.1027,26.1757,1.2541,1.1166,0.2078,0.817,1.2459
"PI_472615_LSP_AGL",1.0848,2.1576,3.1918,0.2621,4.4984,1.1018,0.9076,1.2067,2.02,1.823,0.2504,1.4099,1.1789,28.6617,1.3699,1.1753,0.2163,0.8643,1.3544
"PI_472629_LSP_AGL",1.0576,1.7942,3.0174,0.2707,4.0033,1.037,0.6335,1.1032,1.8397,1.6989,0.2649,1.2778,1.0838,25.6249,1.2555,1.14,0.2116,0.7923,1.2517
"PI_477921_LSP_AGL",1.189,2.1411,3.3058,0.269,4.5559,1.1683,0.7616,1.2277,2.0681,1.8769,0.2734,1.4342,1.1962,28.6909,1.4012,1.2217,0.2336,0.8903,1.4105
"PI_490288_LSP_AGL",1.0541,2.0202,3.0105,0.2424,4.1801,1.0472,0.9715,1.1238,1.9095,1.7198,0.2275,1.3257,1.1128,27.4559,1.304,1.0864,0.207,0.7975,1.29
"PI_490289_LSP_AGL",1.1199,2.1982,3.1998,0.2472,4.5679,1.1006,0.7472,1.2398,2.0566,1.842,0.2409,1.4414,1.1701,28.4063,1.4124,1.1588,0.2129,0.8506,1.4101
"PI_508090_AGL",1.1395,2.0635,3.2086,0.2838,4.444,1.1435,0.7108,1.2076,2.019,1.8538,0.2704,1.4114,1.1726,28.0474,1.385,1.2376,0.2262,0.8866,1.373
"PI_518731_LSP_AGL",1.1911,2.2624,3.4653,0.279,4.7166,1.139,0.8667,1.2574,2.1137,1.9133,0.2585,1.4674,1.1916,29.202,1.4325,1.2069,0.2283,0.8876,1.4403
"PI_518733_LSP_AGL",1.1955,2.2167,3.3161,0.2655,4.6792,1.1539,0.8784,1.2667,2.12,1.9436,0.2629,1.4786,1.2022,29.3262,1.4551,1.2032,0.2253,0.8969,1.4544
"PI_518734_LSP_AGL",1.2199,2.2543,3.2997,0.2612,4.6909,1.1518,1.0384,1.257,2.1229,1.942,0.2496,1.4793,1.1951,29.9825,1.4503,1.1928,0.2346,0.9176,1.4595
"PI_533688_LSP_AGL",1.18,2.1516,3.2307,0.2725,4.544,1.147,0.8047,1.2405,2.0677,1.8691,0.2574,1.4376,1.2092,28.4445,1.4171,1.1566,0.2253,0.8857,1.411
"PI_533693_LSP_AGL",1.125,2.1736,3.1085,0.2509,4.4281,1.0986,0.8046,1.2013,2.0125,1.8099,0.2432,1.4093,1.169,28.4017,1.371,1.1491,0.2156,0.8436,1.3869
"PI_612875_AGL",1.1521,2.3779,3.413,0.2714,4.6953,1.1449,1.0757,1.2389,2.1084,1.8805,0.2466,1.4661,1.2046,30.4306,1.4317,1.2206,0.2324,0.8978,1.4292
"PI_643451_AGL",1.1376,2.2444,3.3664,0.2714,4.6091,1.1287,0.8747,1.2275,2.0855,1.8558,0.258,1.4412,1.1888,29.2165,1.4149,1.1888,0.2254,0.871,1.411
"PI_643452_AGL",1.1541,2.3692,3.4658,0.2607,4.8036,1.156,0.999,1.2729,2.1622,1.8989,0.2514,1.4918,1.2303,30.6869,1.4606,1.1868,0.2294,0.8915,1.4579
"W6_27754_LSP_AGL",1.0361,1.8908,2.9106,0.2609,4.0228,1.0281,0.8088,1.1077,1.8473,1.7086,0.242,1.2957,1.0914,26.3457,1.2814,1.1104,0.2061,0.8114,1.2549
"W6_27760_LSP_AGL",1.14,2.1608,3.0943,0.2616,4.4157,1.0911,0.8322,1.1856,2.013,1.8093,0.2388,1.405,1.175,28.4649,1.3643,1.148,0.2197,0.8531,1.3705
"W6_27763_LSP_AGL",1.0817,2.0984,3.146,0.2887,4.3578,1.1032,0.7874,1.2077,1.994,1.8108,0.2514,1.4006,1.1486,28.0613,1.3979,1.1523,0.219,0.857,1.3697
"W6_27766_LSP_AGL",1.1077,2.2119,3.162,0.2692,4.4541,1.105,0.8499,1.1931,2.0274,1.8066,0.2503,1.4159,1.1873,28.7174,1.3783,1.1506,0.2198,0.8665,1.378
"W6_27767_LSP_AGL",1.0803,2.1072,3.1459,0.267,4.3614,1.0749,0.8492,1.1755,1.9943,1.7654,0.2465,1.3784,1.1618,28.0603,1.3555,1.1397,0.2173,0.852,1.3445
